tree
version=v4
num_class=1
num_tree_per_iteration=1
label_index=0
max_feature_idx=10
objective=regression
feature_names=net_demand_mw nuclear_mw net_after_nuclear_mw baseline_coal_mw hour_sin hour_cos day_type_code previous_day_type_code next_day_type_code month is_major_holiday
feature_infos=[26480.783220333338:94760.339901796877] [15874.375:22395.850000000002] [10605.508220333337:72567.648235130211] [5190.4705221339746:32785.112936649792] [-1:1] [-1:1] -1:2:1:0 -1:2:1:0 -1:2:1:0 [1:9] [0:1]
tree_sizes=2720 2765 2772 2759 2760 2779 2784 2757 2776 2809 2756 2771 2798 2770 2781 2821 2743 2781 2793 2738 2795 2805 2794 2745 2719 2764 2757 2716 2750 2745 2784 2799 2757 2778 2774 2738 2806 2790 2793 2794 2759 2705 2748 2751 2780 2734 2773 2736 2657 2762 2783 2737 2717 2742 2781 2655 2787 2678 2757 2716 2753 2768 2716 2769 2802 2761 2767 2755 2759 2725 2697 2722 2788 2703 2720 2769 2749 2789 2731 2771 2732 2738 2716 2728 2741 2731 2784 2784 2770 2746 2780 2725 2743 2757 2692 2763 2745 2811 2700 2757 2759 2754 2757 2763 2725 2769 2755 2761 2744 2763 2743 2751 2725 2801 2755 2789 2780 2688 2809 2723 2751 2739 2791 2769 2666 2708 2782 2699 2781 2678 2718 2752 2740 2748 2731 2772 2770 2789 2768 2765 2746 2738 2774 2740 2673 2811 2785 2725 2752 2737 2769 2736 2764 2739 2754 2722 2751 2694 2744 2745 2753 2703 2743 2694 2730 2753 2750 2741 2764 2745 2691 2736 2731 2749 2702 2752 2762 2705 2733 2714 2716 2690 2787 2708 2755 2686 2739 2766 2729 2747 2750 2744 2741 2723 2732 2793 2740 2684 2728 2781 2738 2711 2765 2784 2716 2706 2719 2725 2773 2662 2743 2721 2755 2728 2769 2756 2771 2698 2705 2744 2773 2789 2728 2738 2765 2719 2720 2777 2684 2738 2718 2740 2695 2712 2735 2699 2691 2759 2791 2718 2772 2743 2726 2733 2722 2756 2730 2787 2720 2758 2747 2671 2760 2751 2699 2722 2745 2709 2712 2723 2754 2735 2723 2762 2744 2774 2729 2761 2768 2733 2707 2755 2687 2758 2709 2762 2747 2709 2734 2749 2734 2736 2724 2727 2668 2715 2728 2762 2722 2699 2748 2672 2786 2767 2692 2754 2759 2715 2712 2736

Tree=0
num_leaves=31
num_cat=3
split_feature=9 9 3 2 1 5 3 9 9 1 5 9 3 6 1 1 3 10 9 5 3 3 1 6 1 1 3 8 3 3
split_gain=5.25544e+10 4.22431e+09 1.47724e+09 1.57867e+09 1.00813e+09 9.95726e+08 9.41462e+08 7.70307e+08 1.58758e+09 7.72513e+08 6.57331e+08 4.98404e+08 6.24431e+08 3.79995e+08 3.31121e+08 4.02713e+08 2.8113e+08 2.80493e+08 2.78678e+08 2.66897e+08 2.33418e+08 2.04704e+08 1.95672e+08 1.83611e+08 3.44826e+08 1.7589e+08 1.63618e+08 1.6271e+08 1.56659e+08 1.40409e+08
threshold=5.5000000000000009 6.5000000000000009 27018.938753765487 32911.768865474369 20137.350000000002 -0.5 26070.623547587365 4.5000000000000009 2.5000000000000004 19237.950000000004 -0.70710678118654757 8.5000000000000018 21234.569156850983 0 17406.837500000005 18537.133333333335 28467.69557926006 1.0000000180025095e-35 7.5000000000000009 -0.5 21696.931891842727 21317.322463603134 21572.845833333336 1 17504.437500000004 21734.8125 18823.526507476836 2 28950.578429239431 22475.42227706252
decision_type=2 2 2 2 2 2 2 2 2 2 2 2 2 1 2 2 2 2 2 2 2 2 2 1 2 2 2 1 2 2
left_child=5 4 3 22 -2 6 29 8 16 26 13 12 -12 -5 -10 -16 17 23 -14 -6 -13 -17 -3 24 -7 -20 -9 -11 -4 -1
right_child=1 2 28 10 19 7 -8 9 14 27 11 20 18 -15 15 21 -18 -19 25 -21 -22 -23 -24 -25 -26 -27 -28 -29 -30 -31
leaf_value=322.17793644008725 377.09155449871525 426.52805967229585 512.85682037325853 663.84936008069849 437.6428891126921 184.20530156122271 178.4322246316699 314.86333180783834 355.9446364985248 268.97172993553329 713.2040181477355 554.87580076341737 591.15465049404497 526.58734067551586 141.187718891152 221.03129895700329 149.32921497636826 162.58676920066347 687.24835305761417 524.99556247262626 631.61984249648799 139.45057568115323 567.79571827699806 276.35429635712921 377.13685841592826 606.36290713463904 397.81750007939019 186.91557990598329 443.00285243419444 272.60056684997221
leaf_weight=893 326 134 231 62 131 29 145 105 27 155 284 248 319 270 412 444 43 48 190 263 165 93 30 709 115 104 137 99 123 170
leaf_count=893 326 134 231 62 131 29 145 105 27 155 284 248 319 270 412 444 43 48 190 263 165 93 30 709 115 104 137 99 123 170
internal_value=387.585 547.019 581.981 600.288 442.135 260.882 297.947 242.35 228 297.897 615.061 630.988 651.914 552.221 183.285 178.373 274.23 280.191 623.519 495.952 585.536 206.903 452.37 286.809 338.283 658.636 361.825 236.989 488.586 314.249
internal_weight=6504 2880 2160 1806 720 3624 1208 2416 1920 496 1642 1310 897 332 976 949 944 901 613 394 413 537 164 853 144 294 242 254 354 1063
internal_count=6504 2880 2160 1806 720 3624 1208 2416 1920 496 1642 1310 897 332 976 949 944 901 613 394 413 537 164 853 144 294 242 254 354 1063
cat_boundaries=0 1 2 3
cat_threshold=2 1 4
is_linear=0
shrinkage=1


Tree=1
num_leaves=31
num_cat=5
split_feature=9 9 3 2 1 5 9 9 1 3 5 9 3 6 3 1 1 10 3 5 8 6 3 6 1 9 6 1 1 1
split_gain=4.74304e+10 3.81244e+09 1.33321e+09 1.42475e+09 9.09835e+08 9.04104e+08 7.69839e+08 1.27702e+09 7.34716e+08 7.22835e+08 5.93241e+08 4.49809e+08 5.69534e+08 3.42946e+08 3.28969e+08 3.13167e+08 3.41109e+08 2.87767e+08 2.76796e+08 2.40874e+08 2.11633e+08 2.1075e+08 1.92259e+08 1.77658e+08 1.76594e+08 1.72434e+08 1.67947e+08 3.57897e+08 1.62921e+08 1.56528e+08
threshold=5.5000000000000009 6.5000000000000009 27018.938753765487 32911.768865474369 20137.350000000002 -0.70710678118654757 4.5000000000000009 2.5000000000000004 18315.529166666674 24743.287908519629 -0.70710678118654757 8.5000000000000018 22703.779705803765 0 28001.653634236383 17315.757954545457 18537.133333333335 1.0000000180025095e-35 20789.29974032475 -0.5 1 2 28808.489832484327 3 21572.845833333336 7.5000000000000009 4 17504.437500000004 18552.162500000002 21664.279166666671
decision_type=2 2 2 2 2 2 2 2 2 2 2 2 2 1 2 2 2 2 2 2 1 1 2 1 2 2 1 2 2 2
left_child=5 4 3 24 -2 9 7 14 -8 -1 13 12 -12 -5 17 -9 23 26 -18 -6 -10 -13 -11 -17 -3 -14 27 -7 -29 -23
right_child=1 2 -4 10 19 6 8 15 20 22 11 21 25 -15 -16 16 18 -19 -20 -21 -22 29 -24 -25 -26 -27 -28 28 -30 -31
leaf_value=-57.777361112622103 -9.9686749402730754 36.996006303047068 95.950597603577009 262.45125200825356 47.555093210526096 -194.83782122062917 8.056896953582763 0.62525526393543596 -89.689698756967559 -148.51924253463744 292.63305511740754 98.791758594178319 183.9613514180086 132.05232273243092 -200.12215267642515 -287.39992588588171 -139.73497649216162 -212.86872479474107 -211.11029008564196 130.54013300739766 -164.46085006836924 190.38448521568662 -286.12225489760891 -207.32592610564413 171.20028381347657 244.80013842883409 -104.00742349135164 117.11534569149927 -35.090775410753366 294.24326201648245
leaf_weight=763 326 134 354 62 131 33 160 22 243 110 430 57 245 270 91 84 388 54 209 263 155 315 33 395 30 222 755 21 108 41
leaf_count=763 326 134 354 62 131 33 160 22 243 110 430 57 245 270 91 84 388 54 209 263 155 315 33 395 30 222 755 21 108 41
internal_value=2.60215e-07 151.463 184.676 202.068 51.8222 -120.368 -134.786 -148.311 -82.4318 -77.1118 216.103 231.233 251.113 156.404 -109.22 -186.121 -189.939 -100.701 -164.722 102.949 -118.809 188.054 -180.274 -221.368 61.5456 212.883 -94.0956 -47.9014 -10.313 202.346
internal_weight=6504 2880 2160 1806 720 3624 2718 2160 558 906 1642 1310 897 332 1062 1098 1076 971 597 394 398 413 143 479 164 467 917 162 129 356
internal_count=6504 2880 2160 1806 720 3624 2718 2160 558 906 1642 1310 897 332 1062 1098 1076 971 597 394 398 413 143 479 164 467 917 162 129 356
cat_boundaries=0 1 2 3 4 5
cat_threshold=2 4 2 1 1
is_linear=0
shrinkage=0.05


Tree=2
num_leaves=31
num_cat=3
split_feature=9 9 3 0 5 1 3 9 9 1 5 9 3 6 1 1 6 5 9 3 3 10 3 1 3 6 1 1 1 3
split_gain=4.28059e+10 3.44073e+09 1.20372e+09 1.297e+09 8.29515e+08 8.21126e+08 7.84743e+08 6.28605e+08 1.30407e+09 6.53936e+08 5.04752e+08 4.95677e+08 5.173e+08 3.12514e+08 2.76594e+08 3.3268e+08 2.56206e+08 2.35771e+08 2.31696e+08 2.26912e+08 2.18529e+08 1.92611e+08 1.72168e+08 1.59491e+08 1.51159e+08 1.45656e+08 2.49723e+08 1.4454e+08 1.39628e+08 1.3888e+08
threshold=5.5000000000000009 6.5000000000000009 26946.230957421289 52000.652156390184 -0.5 20137.350000000002 25502.914030895587 4.5000000000000009 2.5000000000000004 19237.950000000004 -0.70710678118654757 8.5000000000000018 21234.569156850983 0 17406.837500000005 18537.133333333335 1 -0.37940952255126015 7.5000000000000009 24515.226276716403 16889.389546719274 1.0000000180025095e-35 21317.322463603134 21734.8125 28950.578429239431 2 17504.437500000004 21664.279166666671 17523.445833333335 18823.526507476836
decision_type=2 2 2 2 2 2 2 2 2 2 2 2 2 1 2 2 1 2 2 2 2 2 2 2 2 1 2 2 2 2
left_child=4 5 3 -3 6 -2 -1 8 17 29 13 12 -12 -5 -10 -16 -13 -6 -14 20 -7 25 -17 -20 -4 26 -19 -18 -8 -9
right_child=1 2 24 10 7 19 28 9 14 -11 11 16 18 -15 15 22 27 21 23 -21 -22 -23 -24 -25 -26 -27 -28 -29 -30 -31
leaf_value=-63.987676106799739 -9.4702410037532179 40.262221229993379 115.78157014496475 248.78756914138796 -199.10541592614126 13.536476525553951 -303.04587036132813 -65.534319168272475 -26.948990910141557 -137.12425685773687 295.0508122119569 88.998498187653013 183.56066910567557 125.94387887211525 -223.04049643220256 -150.35501335682096 180.56234273557311 -178.90445296676072 272.8887169046605 -66.284895453453075 122.27629025101663 -196.65537773980034 -225.17208845077022 195.48057120610213 47.849529007392206 -99.588000007724091 -8.8953963332706021 281.30480682373047 -162.61750715429133 10.892048285999438
leaf_weight=1034 326 130 245 64 59 54 20 105 27 254 285 73 314 271 412 444 324 27 188 20 320 45 93 103 123 705 108 40 154 137
leaf_count=1034 326 130 245 64 59 54 20 105 27 254 285 73 314 271 412 444 324 27 188 20 320 45 93 103 123 705 108 40 154 137
internal_value=2.10142e-07 143.89 175.442 192.357 -114.349 49.2311 -80.5193 -131.264 -144.227 -81.0856 204.254 218.098 239.511 149.413 -184.753 -189.243 174.488 -102.328 213.348 97.8012 106.576 -95.8759 -163.312 245.49 93.076 -90.477 -42.8972 191.633 -178.759 -22.2682
internal_weight=6504 2880 2160 1792 3624 720 1208 2416 1920 496 1662 1327 890 335 976 949 437 944 605 394 374 885 537 291 368 840 135 364 174 242
internal_count=6504 2880 2160 1792 3624 720 1208 2416 1920 496 1662 1327 890 335 976 949 437 944 605 394 374 885 537 291 368 840 135 364 174 242
cat_boundaries=0 1 2 3
cat_threshold=2 2 1
is_linear=0
shrinkage=0.05


Tree=3
num_leaves=31
num_cat=5
split_feature=9 9 3 0 5 1 3 9 9 1 5 9 3 6 1 1 6 3 5 10 8 1 9 3 8 1 9 1 3 6
split_gain=3.86323e+10 3.10526e+09 1.0873e+09 1.16396e+09 7.48637e+08 7.41066e+08 7.14071e+08 5.67316e+08 1.17692e+09 5.95098e+08 4.61096e+08 4.3967e+08 4.82842e+08 2.84064e+08 2.49627e+08 3.00243e+08 2.30952e+08 2.21659e+08 2.11731e+08 2.083e+08 1.71504e+08 1.56045e+08 2.49325e+08 1.55382e+08 1.3647e+08 2.38923e+08 1.32786e+08 1.29445e+08 1.27282e+08 1.20301e+08
threshold=5.5000000000000009 6.5000000000000009 27018.938753765487 52000.652156390184 -0.5 20137.350000000002 26070.623547587365 4.5000000000000009 2.5000000000000004 18315.529166666674 -0.70710678118654757 8.5000000000000018 22876.616681012441 0 17406.837500000005 18537.133333333335 1 28467.69557926006 -0.70710678118654757 1.0000000180025095e-35 2 21834.804166666672 7.5000000000000009 21317.322463603134 3 17504.437500000004 7.5000000000000009 21664.279166666671 28950.578429239431 4
decision_type=2 2 2 2 2 2 2 2 2 2 2 2 2 1 2 2 1 2 2 2 1 2 2 2 1 2 2 2 2 1
left_child=4 5 3 -3 6 -2 -1 8 17 -9 13 12 21 -5 -10 29 -13 19 -7 24 -11 22 -12 -17 25 -6 -14 -18 -4 -16
right_child=1 2 28 10 7 18 -8 9 14 20 11 16 26 -15 15 23 27 -19 -20 -21 -22 -23 -24 -25 -26 -27 -28 -29 -30 -31
leaf_value=-62.295387023552792 -8.9967280746237641 38.249110575455887 108.42172475769408 236.3481908798218 -174.45383924286944 29.210020139752601 -180.57868342432482 9.4417670385413608 -25.601539491724083 -84.065632926566266 239.57769956366963 84.548574787296673 164.11408299510765 119.39242777321556 -272.12759983228602 -142.83726392591055 171.38770596548227 -208.11728416265441 114.00141079816466 -193.26435610453291 -155.51839508697066 215.34643092001639 326.72161437599522 -213.91347606207739 -95.825088937208591 -15.845983067723632 218.84059335809008 265.66770525676446 45.457052288791999 -199.7703949986672
leaf_weight=1063 326 130 231 64 29 98 145 142 27 217 172 73 236 275 69 444 325 43 296 48 137 124 157 93 693 131 209 41 123 343
leaf_count=1063 326 130 231 64 29 98 145 142 27 217 172 73 236 275 69 444 325 43 296 48 137 124 157 93 693 131 209 41 123 343
internal_value=9.85371e-07 136.695 166.67 182.376 -108.632 46.7695 -76.4933 -124.701 -137.016 -77.0313 193.555 206.761 226.809 141.473 -175.515 -179.781 165.753 -97.2113 92.9112 -91.9184 -111.718 263.147 281.163 -155.147 -86.2154 -44.5937 189.817 181.949 86.5442 -211.888
internal_weight=6504 2880 2160 1806 3624 720 1208 2416 1920 496 1676 1337 898 339 976 949 439 944 394 901 354 453 329 537 853 160 445 366 354 412
internal_count=6504 2880 2160 1806 3624 720 1208 2416 1920 496 1676 1337 898 339 976 949 439 944 394 901 354 453 329 537 853 160 445 366 354 412
cat_boundaries=0 1 2 3 4 5
cat_threshold=2 2 4 2 1
is_linear=0
shrinkage=0.05


Tree=4
num_leaves=31
num_cat=5
split_feature=9 9 5 5 1 3 9 9 9 3 1 3 6 3 3 3 1 1 3 10 9 3 3 8 6 3 6 0 2 6
split_gain=3.48657e+10 2.8025e+09 9.97023e+08 6.82207e+08 6.68812e+08 6.39522e+08 6.399e+08 5.72611e+08 9.53335e+08 5.62203e+08 5.61305e+08 4.75937e+08 4.40735e+08 2.85195e+08 4.44021e+08 2.54483e+08 2.4039e+08 2.56672e+08 2.20042e+08 2.19959e+08 2.19659e+08 2.01999e+08 1.93632e+08 1.73025e+08 1.6347e+08 1.59296e+08 1.51766e+08 1.32993e+08 1.30306e+08 1.25963e+08
threshold=5.5000000000000009 6.5000000000000009 -0.70710678118654757 -0.70710678118654757 20137.350000000002 27542.051378997374 8.5000000000000018 4.5000000000000009 2.5000000000000004 24743.287908519629 18315.529166666674 21317.322463603134 0 25261.669647419763 12674.21517154202 28001.653634236383 17315.757954545457 18537.133333333335 20789.29974032475 1.0000000180025095e-35 7.5000000000000009 24515.226276716403 16889.389546719274 1 2 28808.489832484327 3 75634.421133035023 37184.201930500014 4
decision_type=2 2 2 2 2 2 2 2 2 2 2 2 1 2 2 2 2 2 2 2 2 2 2 1 1 2 1 2 2 1
left_child=3 4 13 9 -2 6 11 8 15 -1 -9 -4 -8 14 -3 19 -10 26 -19 29 -13 22 -6 -12 -16 -11 -18 -22 -14 -5
right_child=1 2 5 7 21 -7 12 10 16 25 23 20 28 -15 24 -17 17 18 -20 -21 27 -23 -24 -25 -26 -27 -28 -29 -30 -31
leaf_value=-48.574339475044269 -8.5468925323954394 -20.112841866233133 266.42232821760507 -40.340415803885755 8.96532451135141 87.093864733910976 62.345691573430628 8.5198821645975116 3.5566662614995788 -127.70129037163474 -76.038507018462141 161.28074419611977 120.0108249584834 53.048576092138525 218.17163328282973 -173.56531427404383 -251.69681214832127 -119.25009546961981 -182.88879242399662 -184.18714407461664 240.96829527415099 -66.55093585968018 111.3235646763444 -143.64641802810854 129.61341200217004 -252.95417443477746 -177.68752106437202 170.89066470399197 187.45402289316166 -88.930152801362098
leaf_weight=763 326 44 290 162 54 173 126 160 22 110 243 336 96 205 68 91 84 388 209 54 219 20 320 155 223 33 395 98 282 755
leaf_count=763 326 44 290 162 54 173 126 160 22 110 243 336 96 205 68 91 84 388 209 54 219 20 320 155 223 33 395 98 282 755
internal_value=-1.16e-07 129.86 158.337 -103.2 44.4311 177.949 188.812 -115.725 -127.39 -65.6257 -70.5723 213.12 143.331 99.499 127.924 -93.6139 -160.058 -163.403 -141.529 -86.121 189.448 88.2656 96.5446 -102.368 150.307 -156.606 -190.666 219.304 170.326 -80.3461
internal_weight=6504 2880 2160 3624 720 1620 1447 2718 2160 906 558 943 504 540 335 1062 1098 1076 597 971 653 394 374 398 291 143 479 317 378 917
internal_count=6504 2880 2160 3624 720 1620 1447 2718 2160 906 558 943 504 540 335 1062 1098 1076 597 971 653 394 374 398 291 143 479 317 378 917
cat_boundaries=0 1 2 3 4 5
cat_threshold=2 4 2 1 1
is_linear=0
shrinkage=0.05


Tree=5
num_leaves=31
num_cat=3
split_feature=9 9 5 5 1 3 3 9 9 9 1 3 6 3 3 7 5 3 3 6 1 3 10 1 9 9 1 1 3 1
split_gain=3.14663e+10 2.52925e+09 8.99814e+08 6.23431e+08 6.03603e+08 5.93279e+08 5.77168e+08 5.7751e+08 4.62679e+08 9.66486e+08 5.18479e+08 4.37475e+08 3.97763e+08 2.57389e+08 4.04916e+08 2.39428e+08 1.92994e+08 1.86323e+08 1.83274e+08 1.82082e+08 1.70838e+08 1.59548e+08 1.40366e+08 1.3982e+08 2.18013e+08 1.31874e+08 1.23371e+08 1.23264e+08 1.15508e+08 1.13363e+08
threshold=5.5000000000000009 6.5000000000000009 -0.70710678118654757 -0.5 20137.350000000002 25502.914030895587 27542.051378997374 8.5000000000000018 4.5000000000000009 2.5000000000000004 19237.950000000004 22876.616681012441 0 25261.669647419763 13589.341542425629 1 -0.37940952255126015 24249.103974701076 16889.389546719274 2 18531.924621212125 18502.524601906178 1.0000000180025095e-35 21834.804166666672 7.5000000000000009 7.5000000000000009 17523.445833333335 21664.279166666671 16696.600854042033 20040.262500000004
decision_type=2 2 2 2 2 2 2 2 2 2 2 2 1 2 2 1 2 2 2 1 2 2 2 2 2 2 2 2 2 2
left_child=3 4 13 5 -2 -1 7 11 9 16 28 23 -9 14 -3 21 -5 18 -6 -16 -17 -11 -18 24 -4 -13 -7 -14 -10 -12
right_child=1 2 6 8 17 26 -8 12 10 15 29 25 27 -15 19 20 22 -19 -20 -21 -22 -23 -24 -25 -26 -27 -28 -29 -30 -31
leaf_value=-54.33799312313014 -8.1195484405829141 -5.2714940412989204 216.05043222294299 -175.31401241755083 8.5170581711663154 -270.9585842895508 82.739172376235786 59.228406764590559 -74.89060152769089 -29.793779477886126 -155.69851596212797 145.02114599799367 151.7145234055906 50.396147356963745 218.04182831735321 -196.74928611755374 -77.30858220787276 -38.131567714954251 108.3077563641539 123.15000775478505 -150.34433051991363 -136.94009360742132 -167.95003038194446 192.63601753480975 297.53868672559219 196.96134148462647 -138.95804205118836 242.5676481701079 3.4312267659587805 -88.683825572215738
leaf_weight=1034 326 53 172 59 54 20 173 126 64 51 117 257 336 205 66 340 840 29 311 216 476 109 45 124 157 233 154 42 178 137
leaf_count=1034 326 53 172 59 54 20 173 126 64 51 117 257 336 205 66 340 840 29 311 216 476 109 45 124 157 233 154 42 178 137
internal_value=4.13604e-07 123.367 150.42 -98.0403 42.2095 -68.7121 169.052 179.371 -112.704 -123.826 -69.6545 202.464 136.164 94.524 121.528 -158.714 -87.7548 83.8523 93.5442 145.359 -169.68 -102.787 -81.9175 237.883 254.937 169.719 -154.131 161.809 -17.282 -119.553
internal_weight=6504 2880 2160 3624 720 1208 1620 1447 2416 1920 496 943 504 540 335 976 944 394 365 282 816 160 885 453 329 490 174 378 242 254
internal_count=6504 2880 2160 3624 720 1208 1620 1447 2416 1920 496 943 504 540 335 976 944 394 365 282 816 160 885 453 329 490 174 378 242 254
cat_boundaries=0 1 2 3
cat_threshold=2 2 2
is_linear=0
shrinkage=0.05


Tree=6
num_leaves=31
num_cat=3
split_feature=9 9 3 0 5 1 9 9 1 3 5 9 3 1 3 1 6 3 0 10 5 9 1 3 6 9 1 3 8 1
split_gain=2.83983e+10 2.28265e+09 8.12405e+08 8.87762e+08 5.62964e+08 5.44752e+08 4.69308e+08 7.82328e+08 4.75747e+08 4.69146e+08 3.32424e+08 3.30429e+08 3.55012e+08 2.17754e+08 2.16937e+08 2.13908e+08 2.04881e+08 1.91361e+08 1.85036e+08 1.83743e+08 1.80616e+08 1.62022e+08 1.47576e+08 1.38794e+08 1.34948e+08 1.31146e+08 1.27384e+08 1.19589e+08 1.13908e+08 2.56926e+08
threshold=5.5000000000000009 6.5000000000000009 26878.148176669991 52000.652156390184 -0.70710678118654757 20137.350000000002 4.5000000000000009 2.5000000000000004 19223.979166666668 24743.287908519629 -0.70710678118654757 8.5000000000000018 21200.688648230451 17315.757954545457 28001.653634236383 18537.133333333335 0 20789.29974032475 59560.633449420486 1.0000000180025095e-35 -0.5 7.5000000000000009 21734.8125 29523.157306080608 1 2.5000000000000004 20227.841666666671 28950.578429239431 2 17504.437500000004
decision_type=2 2 2 2 2 2 2 2 2 2 2 2 2 2 2 2 1 2 2 2 2 2 2 2 1 2 2 2 1 2
left_child=4 5 3 -3 9 -2 7 14 -8 -1 16 12 -12 -9 19 24 -5 -17 -13 28 -7 -14 -23 25 -15 -11 -10 -4 29 -6
right_child=1 2 27 10 6 20 8 13 26 23 11 18 21 15 -16 17 -18 -19 -20 -21 -22 22 -24 -25 -26 -27 -28 -29 -30 -31
leaf_value=-43.428722497863824 -7.713570577820386 31.242213592896093 95.894852088391787 202.72011060714723 -162.70280054265803 31.692760300818293 -17.138384160238054 11.051196323741566 -120.22627576491412 -89.352663692865477 242.58711519584381 98.762489139187721 149.42147689252903 -230.2917389733451 -158.29744238172259 -107.10820969429213 103.18495657896023 -166.45473167747974 166.81163494476644 -167.1910066957827 103.55199359194749 227.92604001363122 153.55498275390039 -249.13341137695312 -160.50349951575075 -211.78467423011517 -4.0484051631047171 35.906968965956835 -80.991909349692563 -8.3215410303907333
leaf_weight=763 326 130 256 64 33 131 277 22 255 89 278 155 314 84 91 388 269 209 281 54 263 186 104 25 395 29 26 123 737 147
leaf_count=763 326 130 256 64 33 131 277 22 255 89 278 155 314 84 91 388 269 209 281 54 263 186 104 25 395 29 26 123 737 147
internal_value=-7.68035e-08 117.199 142.899 157.044 -93.1383 40.099 -104.516 -115.076 -63.6385 -59.0051 166.95 178.227 195.829 -144.67 -84.4792 -147.854 122.315 -127.884 142.62 -77.5611 79.6597 174.308 201.255 -142.115 -172.742 -119.442 -109.477 76.4265 -72.283 -36.6248
internal_weight=6504 2880 2160 1781 3624 720 2718 2160 558 906 1651 1318 882 1098 1062 1076 333 597 436 971 394 604 290 143 479 118 281 379 917 180
internal_count=6504 2880 2160 1781 3624 720 2718 2160 558 906 1651 1318 882 1098 1062 1076 333 597 436 971 394 604 290 143 479 118 281 379 917 180
cat_boundaries=0 1 2 3
cat_threshold=2 1 2
is_linear=0
shrinkage=0.05


Tree=7
num_leaves=31
num_cat=5
split_feature=9 9 5 5 3 1 3 9 9 9 1 3 6 3 3 7 5 3 3 1 3 6 1 6 9 9 1 1 1 8
split_gain=2.56295e+10 2.06009e+09 7.46578e+08 5.18849e+08 4.98711e+08 4.91638e+08 4.66114e+08 4.71844e+08 3.77829e+08 7.93598e+08 4.24616e+08 3.63755e+08 3.36491e+08 2.2453e+08 3.44875e+08 2.12896e+08 1.66714e+08 1.66593e+08 1.61695e+08 1.42098e+08 1.37199e+08 1.19281e+08 1.83815e+08 1.16416e+08 1.13316e+08 1.12686e+08 1.69086e+08 1.08409e+08 1.05756e+08 1.05442e+08
threshold=5.5000000000000009 6.5000000000000009 -0.70710678118654757 -0.5 26070.623547587365 20137.350000000002 27542.051378997374 8.5000000000000018 4.5000000000000009 2.5000000000000004 19237.950000000004 22567.482190097504 0 25261.669647419763 12674.21517154202 1 -0.37940952255126015 24249.103974701076 16889.389546719274 18531.924621212125 18502.524601906178 2 17504.437500000004 3 7.5000000000000009 7.5000000000000009 21834.804166666672 21664.279166666671 19178.175000000007 4
decision_type=2 2 2 2 2 2 2 2 2 2 2 2 1 2 2 1 2 2 2 2 2 1 2 1 2 2 2 2 2 1
left_child=3 5 13 4 -1 28 7 11 9 16 -10 25 -9 14 -3 20 -5 18 -7 -17 -11 22 -18 -16 -13 -4 -27 -14 -2 -12
right_child=1 2 6 8 -6 17 -8 12 10 15 29 24 27 -15 23 19 21 -19 -20 -21 -22 -23 -24 -25 -26 26 -28 -29 -30 -31
leaf_value=-49.860667471053574 28.551388990311398 -20.405736671794546 191.04008977720054 -160.60284641071902 -148.71081129402953 4.9762320553814927 75.159799092904677 52.181854328276621 -15.560965194140586 -23.097958845250748 -82.366608024104949 132.91817235981588 137.06463037445434 43.624426486317702 187.05770353429457 -178.55136949528668 -147.21894144835298 -39.668055355137795 98.708318605913618 -136.22933819339056 -122.45685092287327 -81.585722272300728 -1.359799282639115 112.32403802593728 179.31872700518511 274.09531809488931 179.36236432756698 222.26752929687501 -29.931838080167768 -148.42227550468061
leaf_weight=1063 126 44 202 59 145 54 173 126 242 51 155 273 336 205 68 340 27 29 311 476 109 750 108 223 254 144 70 42 200 99
leaf_count=1063 126 44 202 59 145 54 173 126 242 51 155 273 336 205 68 340 27 29 311 476 109 750 108 223 254 144 70 42 200 99
internal_value=2.96386e-07 111.339 135.754 -88.4813 -61.726 38.0941 152.726 161.999 -101.859 -111.909 -62.9564 182.873 122.944 84.8395 110.061 -143.523 -79.2231 75.6767 84.8411 -153.864 -90.7862 -73.7978 -30.5316 129.788 155.282 217.825 243.108 146.532 -7.32789 -108.113
internal_weight=6504 2880 2160 3624 1208 720 1620 1447 2416 1920 496 943 504 540 335 976 944 394 365 816 160 885 135 291 527 416 214 378 326 254
internal_count=6504 2880 2160 3624 1208 720 1620 1447 2416 1920 496 943 504 540 335 976 944 394 365 816 160 885 135 291 527 416 214 378 326 254
cat_boundaries=0 1 2 3 4 5
cat_threshold=2 2 1 2 4
is_linear=0
shrinkage=0.05


Tree=8
num_leaves=31
num_cat=4
split_feature=9 9 5 5 0 1 3 2 9 9 1 3 3 9 3 7 5 3 10 8 3 6 9 6 1 3 1 9 1 3
split_gain=2.31306e+10 1.85923e+09 6.73787e+08 4.68261e+08 4.53082e+08 4.43704e+08 4.20668e+08 4.31457e+08 3.40991e+08 7.16222e+08 3.94992e+08 2.02639e+08 3.12399e+08 1.97357e+08 3.28313e+08 1.92138e+08 1.60848e+08 1.5302e+08 1.3777e+08 1.36846e+08 1.36669e+08 1.34294e+08 1.29233e+08 1.96707e+08 2.48659e+08 1.23822e+08 1.16808e+08 1.84547e+08 1.14333e+08 9.73059e+07
threshold=5.5000000000000009 6.5000000000000009 -0.70710678118654757 -0.5 71182.494297855388 20137.350000000002 27542.051378997374 32911.768865474369 4.5000000000000009 2.5000000000000004 18315.529166666674 25261.669647419763 13589.341542425629 8.5000000000000018 23208.128202063202 0 -0.70710678118654757 28467.69557926006 1.0000000180025095e-35 1 21696.931891842727 2 3.5000000000000004 3 17491.069318181821 18502.524601906178 21834.804166666672 7.5000000000000009 17496.920833333334 20595.376116464529
decision_type=2 2 2 2 2 2 2 2 2 2 2 2 2 2 2 1 2 2 2 1 2 1 2 1 2 2 2 2 2 2
left_child=3 5 11 4 -1 -2 7 -4 9 17 -10 12 -3 14 26 25 -7 18 -5 -12 -15 -14 23 -17 -25 -11 27 -9 -6 -24
right_child=1 2 6 8 28 16 -8 13 10 15 19 -13 21 20 -16 22 -18 -19 -20 -21 -22 -23 29 24 -26 -27 -28 -29 -30 -31
leaf_value=-44.918159256145273 -6.9614980586467343 -6.8176996554968499 47.882679669062298 -66.226215949120032 -240.45040954589845 16.371264407099513 71.401807995958833 183.59151888760653 10.641388132034892 -21.943061140471816 -159.03019136127674 41.443206650571128 187.91065419514973 108.65643268016078 142.78737097864934 -140.16522646173834 90.275048391239068 -167.41004258976429 -153.28550389607747 -74.449224083230959 167.16852667345972 106.41689893183884 -108.87635106687192 -49.611918373107912 -239.60058014162124 -116.33400684671665 163.64431343615897 256.49659657419465 -114.50567657030547 -159.5436831376324
leaf_weight=1006 326 53 90 853 20 98 173 187 142 51 57 205 66 248 451 256 296 43 48 297 167 216 270 20 124 109 142 162 182 146
leaf_count=1006 326 53 90 853 20 98 173 187 142 51 57 205 66 248 451 256 296 43 48 297 167 216 270 20 124 109 142 162 182 146
internal_value=6.58939e-08 105.772 128.966 -84.0573 -58.6397 36.1894 145.089 153.899 -96.7661 -106.313 -59.8086 80.5975 104.558 160.93 173.587 -136.347 71.8929 -75.262 -70.8642 -88.0682 132.202 125.49 -146.17 -166.463 -213.213 -86.2469 201.877 217.433 -126.975 -126.659
internal_weight=6504 2880 2160 3624 1208 720 1620 1447 2416 1920 496 540 335 1357 942 976 394 944 901 354 415 282 816 400 144 160 491 349 202 416
internal_count=6504 2880 2160 3624 1208 720 1620 1447 2416 1920 496 540 335 1357 942 976 394 944 901 354 415 282 816 400 144 160 491 349 202 416
cat_boundaries=0 1 2 3 4
cat_threshold=2 1 2 4
is_linear=0
shrinkage=0.05


Tree=9
num_leaves=31
num_cat=3
split_feature=9 9 3 0 5 1 3 9 9 1 4 1 3 1 3 3 1 3 10 3 10 5 6 8 9 3 9 3 6 3
split_gain=2.08754e+10 1.67796e+09 6.10968e+08 6.90857e+08 4.23472e+08 4.00443e+08 3.73786e+08 3.49452e+08 5.84726e+08 3.7888e+08 2.4854e+08 1.8635e+08 1.69907e+08 1.66773e+08 1.69605e+08 1.56807e+08 1.51799e+08 1.49904e+08 1.45326e+08 1.37664e+08 1.36575e+08 1.46582e+08 1.35767e+08 1.34683e+08 1.34343e+08 1.29833e+08 1.16343e+08 1.15832e+08 1.11492e+08 1.11337e+08
threshold=5.5000000000000009 6.5000000000000009 26301.156689255422 52000.652156390184 -0.70710678118654757 20137.350000000002 22380.455764279788 4.5000000000000009 2.5000000000000004 18315.529166666674 0.60355339059327384 17315.757954545457 28808.489832484327 18537.133333333335 21600.004328367675 28808.489832484327 21965.104166666668 24435.916845204199 1.0000000180025095e-35 16889.389546719274 1.0000000180025095e-35 -0.12940952255126037 0 1 8.5000000000000018 21234.569156850983 7.5000000000000009 21317.322463603134 2 11913.969310749244
decision_type=2 2 2 2 2 2 2 2 2 2 2 2 2 2 2 2 2 2 2 2 2 2 1 1 2 2 2 2 1 2
left_child=4 5 3 -3 6 -2 29 8 12 -9 20 -10 18 28 -15 -8 26 19 -6 -7 21 22 -5 -11 27 -26 -4 -12 -13 -1
right_child=1 2 16 10 7 17 15 9 11 23 24 13 -14 14 -16 -17 -18 -19 -20 -21 -22 -23 -24 -25 25 -27 -28 -29 -30 -31
leaf_value=-61.129587303874672 -6.6134221003830804 25.668981038607086 55.516525680343534 163.93972089239892 -63.337171033835311 1.7875442478391861 -88.412236926761381 10.532001793123783 19.635758790102873 -57.341912952224902 218.0453028536391 -201.65052833330066 -160.52252646226151 -101.85232919106068 -199.86223907470705 -206.18018502900097 12.974067565564361 -61.680758394513816 -147.64669548317238 88.113723342321521 15.413433395385745 150.20048288813811 95.591362639665604 -116.99037234398628 107.75713435115978 225.93810487944506 111.3836807883612 164.32273258901347 -138.21655415854877 -17.612685932957607
leaf_weight=216 326 130 173 94 956 54 197 160 22 243 174 84 52 549 48 33 89 21 54 319 25 570 320 155 117 29 202 237 395 460
leaf_count=216 326 130 173 94 956 54 197 160 22 243 174 84 52 549 48 33 89 21 54 319 25 570 320 155 117 29 202 237 395 460
internal_value=-1.18439e-08 100.483 122.518 136.427 -79.8544 34.3799 -50.2505 -89.7224 -98.8347 -54.4489 145.622 -124.419 -72.3827 -127.365 -109.733 -105.309 71.6779 68.2982 -67.8448 75.6161 130.822 133.754 111.11 -80.5718 172.431 131.231 85.6103 187.067 -149.341 -31.5175
internal_weight=6504 2880 2160 1696 3624 720 906 2718 2160 558 1566 1098 1062 1076 597 230 464 394 1010 373 1009 984 414 398 557 146 375 411 479 676
internal_count=6504 2880 2160 1696 3624 720 906 2718 2160 558 1566 1098 1062 1076 597 230 464 394 1010 373 1009 984 414 398 557 146 375 411 479 676
cat_boundaries=0 1 2 3
cat_threshold=2 4 1
is_linear=0
shrinkage=0.05


Tree=10
num_leaves=31
num_cat=4
split_feature=9 9 3 0 5 3 1 9 9 1 5 9 3 6 7 9 0 5 6 1 5 1 1 1 3 1 1 8 3 3
split_gain=1.884e+10 1.51436e+09 5.6493e+08 5.7593e+08 3.90938e+08 3.85049e+08 3.61399e+08 2.78087e+08 5.88758e+08 3.35243e+08 2.75108e+08 2.18474e+08 2.95535e+08 1.81345e+08 1.70958e+08 1.64216e+08 1.59e+08 1.40868e+08 1.37986e+08 1.90779e+08 1.5586e+08 1.20848e+08 1.11092e+08 1.09158e+08 1.07989e+08 1.06128e+08 9.89989e+07 9.72612e+07 9.64578e+07 8.8408e+07
threshold=5.5000000000000009 6.5000000000000009 27773.305019283547 51439.421820333351 -0.5 25983.731134866983 20137.350000000002 4.5000000000000009 2.5000000000000004 19237.950000000004 -0.70710678118654757 8.5000000000000018 21045.582769170294 0 1 7.5000000000000009 59560.633449420486 -0.70710678118654757 2 17504.437500000004 -0.37940952255126015 21734.8125 18531.924621212125 21704.933333333338 18502.524601906178 18557.520833333336 19831.041666666668 3 16889.389546719274 21990.817839191564
decision_type=2 2 2 2 2 2 2 2 2 2 2 2 2 1 1 2 2 2 1 2 2 2 2 2 2 2 2 1 2 2
left_child=4 6 3 -3 5 29 27 8 18 28 13 12 -12 -5 24 -14 -13 -8 19 -6 -20 -17 -16 -15 -10 -21 -11 -2 -9 -1
right_child=1 2 -4 10 7 -7 17 9 14 26 11 16 15 23 22 21 -18 -19 20 25 -22 -23 -24 -25 -26 -27 -28 -29 -30 -31
leaf_value=-35.21656132249263 -48.555395927031839 17.668944940895869 45.713593518829349 170.5276417356549 -137.49033992372711 -128.47640458061582 12.924285158819083 -62.480984422739816 -16.015809064752915 -140.68190736408476 201.37546437581381 75.056895314996893 115.71986996795475 97.145468028369393 -154.42100759225735 185.84339054554434 136.69248435747372 82.085992546822581 -161.52764396667482 107.63765723818824 -70.354665630594894 122.51022503836114 -117.00010474341366 30.950757605608771 -104.16568684709182 -16.687770463050679 -73.249382079839719 11.361482873999556 7.7481339830091631 -72.26207122610073
leaf_weight=863 96 116 250 66 29 147 98 68 51 79 264 165 359 233 340 222 286 296 50 21 750 114 476 85 109 94 175 230 174 198
leaf_count=863 96 116 250 66 29 147 98 68 51 79 264 165 359 233 340 222 286 296 50 21 750 114 476 85 109 94 175 230 174 198
internal_value=7.21124e-08 95.4593 116.392 125.643 -75.8617 -52.6373 32.6609 -87.4739 -96.0958 -54.0989 132.625 142.843 156.34 95.1056 -123.326 139.233 114.143 64.8833 -67.9426 -22.8853 -76.053 164.355 -132.592 79.4519 -76.0679 6.01513 -94.2225 -6.28275 -11.9857 -42.1299
internal_weight=6504 2880 2160 1910 3624 1208 720 2416 1920 496 1794 1410 959 384 976 695 451 394 944 144 800 336 816 318 160 115 254 326 242 1061
internal_count=6504 2880 2160 1910 3624 1208 720 2416 1920 496 1794 1410 959 384 976 695 451 394 944 144 800 336 816 318 160 115 254 326 242 1061
cat_boundaries=0 1 2 3 4
cat_threshold=2 2 1 2
is_linear=0
shrinkage=0.05


Tree=11
num_leaves=31
num_cat=3
split_feature=9 9 5 5 3 1 0 9 9 9 1 6 9 1 3 3 1 9 6 3 3 3 3 6 1 5 1 1 1 1
split_gain=1.70031e+10 1.36671e+09 5.15077e+08 3.52822e+08 3.47667e+08 3.26163e+08 3.24744e+08 4.07067e+08 2.50974e+08 5.31354e+08 3.02557e+08 2.47279e+08 2.02556e+08 1.98548e+08 1.68472e+08 2.51173e+08 1.62503e+08 1.61095e+08 1.99363e+08 1.3534e+08 1.30576e+08 1.28373e+08 1.2719e+08 1.24533e+08 1.72178e+08 1.40663e+08 1.01147e+08 9.57804e+07 9.30668e+07 9.26738e+07
threshold=5.5000000000000009 6.5000000000000009 -0.70710678118654757 -0.5 26070.623547587365 20137.350000000002 78085.668076844086 8.5000000000000018 4.5000000000000009 2.5000000000000004 19237.950000000004 0 7.5000000000000009 21834.804166666672 25261.669647419763 12674.21517154202 17406.837500000005 3.5000000000000004 1 24249.103974701076 20041.714912913416 19892.69927881255 16889.389546719274 2 17504.437500000004 -0.37940952255126015 21734.8125 18557.520833333336 20227.841666666671 19170.850000000002
decision_type=2 2 2 2 2 2 2 2 2 2 2 1 2 2 2 2 2 2 1 2 2 2 2 1 2 2 2 2 2 2
left_child=3 5 14 4 -1 29 7 12 9 23 -10 -9 21 -14 15 -3 -11 18 -18 22 -19 -4 -7 24 -5 -25 -8 -26 -12 -2
right_child=1 2 6 8 -6 19 26 11 10 16 28 -13 13 -15 -16 -17 17 20 -20 -21 -22 -23 -24 25 27 -27 -28 -29 -30 -31
leaf_value=-40.098554597507643 32.980669989494174 -21.21146160472523 188.10955089890814 -130.61582567938441 -122.63282362181565 -0.93324377492622101 99.35423248520604 39.151158717321977 -11.386383935488945 3.7963337368435335 -99.288062382159026 120.68471052519033 206.75807115044788 132.25759044159625 32.581136073600952 106.9643025849693 -120.63639306929849 -74.970431880893258 -192.38685492908255 -42.324821551092747 -127.33252974597647 118.50267104579183 82.198222125113205 -153.45126342773438 102.25578206380209 -66.836933035659783 39.719992950727359 -15.853382591744689 4.1819766998291019 -24.215124577015374
leaf_weight=1063 104 44 83 29 145 54 216 126 242 27 230 355 273 133 205 291 336 248 136 29 229 328 311 50 21 750 106 94 24 222
leaf_count=1063 104 44 83 29 145 54 216 126 242 27 230 355 273 133 205 291 336 248 136 29 229 328 311 50 21 750 106 94 24 222
internal_value=-1.11857e-07 90.6863 110.572 -72.0686 -50.0054 31.0279 124.669 135.819 -83.1002 -91.291 -51.3939 99.3266 157.304 182.353 68.2823 90.1293 -117.16 -120.601 -141.31 61.6392 -100.109 132.56 69.8993 -64.5455 -21.741 -72.2503 79.7231 5.71438 -89.5114 -5.96861
internal_weight=6504 2880 2160 3624 1208 720 1620 1298 2416 1920 496 481 817 406 540 335 976 949 472 394 477 411 365 944 144 800 322 115 254 326
internal_count=6504 2880 2160 3624 1208 720 1620 1298 2416 1920 496 481 817 406 540 335 976 949 472 394 477 411 365 944 144 800 322 115 254 326
cat_boundaries=0 1 2 3
cat_threshold=2 4 1
is_linear=0
shrinkage=0.05


Tree=12
num_leaves=31
num_cat=3
split_feature=9 9 3 0 5 3 1 9 9 1 4 1 1 7 1 3 10 3 5 9 9 3 8 10 6 9 3 5 3 3
split_gain=1.53453e+10 1.23345e+09 4.70752e+08 4.76835e+08 3.19463e+08 2.94526e+08 2.94362e+08 2.60354e+08 4.38297e+08 2.9999e+08 2.33149e+08 1.69567e+08 1.55606e+08 1.34601e+08 1.34509e+08 1.32667e+08 1.34916e+08 1.29688e+08 1.25361e+08 1.25205e+08 1.77761e+08 1.22407e+08 1.19634e+08 1.18444e+08 1.30802e+08 1.12413e+08 1.22634e+08 1.09754e+08 1.09416e+08 1.01148e+08
threshold=5.5000000000000009 6.5000000000000009 27773.305019283547 51439.421820333351 -0.70710678118654757 22380.455764279788 20137.350000000002 4.5000000000000009 2.5000000000000004 18315.529166666674 0.60355339059327384 21834.804166666672 17315.757954545457 0 18531.924621212125 27859.841225981909 1.0000000180025095e-35 29523.157306080608 -0.5 2.5000000000000004 4.5000000000000009 21004.446763828495 1 1.0000000180025095e-35 2 8.5000000000000018 21234.569156850983 -0.12940952255126037 24030.331899106797 11664.542168402599
decision_type=2 2 2 2 2 2 2 2 2 2 2 2 2 1 2 2 2 2 2 2 2 2 1 2 1 2 2 2 2 2
left_child=4 6 3 -3 5 29 -2 8 15 -9 11 23 -10 -14 -15 16 -6 19 -8 -7 -21 -16 -11 24 27 28 -27 -5 -12 -1
right_child=1 2 -4 10 7 17 18 9 12 22 25 -13 13 14 21 -17 -18 -19 -20 20 -22 -23 -24 -25 -26 26 -28 -29 -30 -31
leaf_value=-55.542997949263636 -5.6701830653325187 15.241663270983203 40.525133973455432 83.242905392495146 -51.918677832393499 -54.853690893014281 18.59532595863779 11.231774584501983 24.584660131281073 -47.940654676735647 172.98653470481315 68.590593451912227 -69.753422065756538 -140.5399373839432 -85.747258294525977 -118.38190925849113 -133.2546824949759 -199.1401044921875 78.462177241165833 -228.1588359964305 -48.112471771240237 -138.63320304747552 -104.15796441062805 8.9323594207763684 146.73239640707922 87.683945516967782 201.80911486395473 124.44204058710397 113.46951467211885 -13.408728187165019
leaf_weight=204 326 116 250 283 913 150 131 160 22 243 328 229 176 373 372 95 54 25 263 29 26 155 155 25 297 125 29 377 101 472
leaf_count=204 326 116 250 283 913 150 131 160 22 243 328 229 176 373 372 95 54 25 263 29 26 155 155 25 297 125 29 377 101 472
internal_value=-9.7829e-08 86.152 105.044 113.489 -68.4652 -42.7525 29.4765 -77.0361 -84.9014 -46.5896 119.841 107.335 -107.052 -109.744 -117.564 -61.9998 -56.4607 -91.6265 58.5572 -78.515 -143.046 -101.302 -69.8343 116.37 119.177 145.82 109.175 106.776 158.974 -26.1238
internal_weight=6504 2880 2160 1910 3624 906 720 2718 2160 558 1794 1211 1098 1076 900 1062 967 230 394 205 55 527 398 982 957 583 154 660 429 676
internal_count=6504 2880 2160 1910 3624 906 720 2718 2160 558 1794 1211 1098 1076 900 1062 967 230 394 205 55 527 398 982 957 583 154 660 429 676
cat_boundaries=0 1 2 3
cat_threshold=2 4 4
is_linear=0
shrinkage=0.05


Tree=13
num_leaves=31
num_cat=3
split_feature=9 9 5 5 3 1 0 9 1 9 9 1 9 1 6 3 3 7 3 3 3 6 1 5 9 9 3 3 3 3
split_gain=1.38491e+10 1.11319e+09 4.30469e+08 2.94361e+08 2.98135e+08 2.65662e+08 2.65094e+08 3.43109e+08 2.23144e+08 2.04497e+08 4.35801e+08 2.55753e+08 1.825e+08 1.73561e+08 1.53468e+08 1.45969e+08 2.15408e+08 1.37772e+08 1.21265e+08 1.12302e+08 1.1125e+08 1.10015e+08 1.55391e+08 1.21111e+08 1.08126e+08 1.64373e+08 1.07104e+08 9.04242e+07 9.03474e+07 9.91927e+07
threshold=5.5000000000000009 6.5000000000000009 -0.70710678118654757 -0.5 22475.42227706252 20137.350000000002 78085.668076844086 8.5000000000000018 21035.450000000004 4.5000000000000009 2.5000000000000004 19237.950000000004 7.5000000000000009 21834.804166666672 0 25112.764903707441 12674.21517154202 1 24515.226276716403 28808.489832484327 19750.358280652104 2 17504.437500000004 -0.37940952255126015 2.5000000000000004 4.5000000000000009 16889.389546719274 18502.524601906178 13589.341542425629 7241.9248794303849
decision_type=2 2 2 2 2 2 2 2 2 2 2 2 2 2 1 2 2 1 2 2 2 1 2 2 2 2 2 2 2 2
left_child=3 5 15 4 28 -2 7 12 14 10 21 -11 20 -14 -9 16 -3 27 26 24 -4 22 -5 -23 -6 -26 -7 -12 29 -1
right_child=1 2 6 9 19 18 -8 8 -10 11 17 -13 13 -15 -16 -17 -18 -19 -20 -21 -22 23 -24 -25 25 -27 -28 -29 -30 -31
leaf_value=14.625294590454835 -5.386674288591724 -20.912972536954015 174.05042818196614 -121.489096279802 -54.369185356872599 -3.0912904500961305 72.069753328465524 16.952094888687135 138.40465086912499 -9.7147074435368062 -8.5636221287297261 -81.543190262636813 189.07196641859119 119.41694146923554 89.894221974682694 28.795521115469484 97.978855148839287 -114.25766942366666 -64.323470611572276 -154.63662444469978 106.69997833456313 -140.87839643096925 8.0245917650409364 -60.50892534669638 -197.17084651746248 -43.367030523717403 73.035507559031245 -89.226574805023475 -16.944170191067155 -59.96487262768624
leaf_weight=52 326 44 75 29 194 54 322 108 156 242 51 254 273 133 217 212 284 816 20 51 336 50 115 750 38 32 320 109 529 312
leaf_count=52 326 44 75 29 194 54 322 108 156 242 51 254 273 133 217 212 284 816 20 51 336 50 115 750 38 32 320 109 529 312
internal_value=-1.8394e-07 81.8444 99.7917 -65.0419 -44.8893 28.0026 112.679 122.753 89.2495 -75.1182 -82.5118 -46.4978 142.477 166.254 65.655 61.1305 82.03 -105.939 55.6293 -86.7121 118.99 -58.2902 -18.058 -65.532 -73.5904 -126.861 62.0439 -63.5153 -30.1366 -49.3091
internal_weight=6504 2880 2160 3624 1208 720 1620 1298 481 2416 1920 496 817 406 325 540 328 976 394 315 411 944 144 800 264 70 374 160 893 364
internal_count=6504 2880 2160 3624 1208 720 1620 1298 481 2416 1920 496 817 406 325 540 328 976 394 315 411 944 144 800 264 70 374 160 893 364
cat_boundaries=0 1 2 3
cat_threshold=2 2 1
is_linear=0
shrinkage=0.05


Tree=14
num_leaves=31
num_cat=3
split_feature=9 9 3 2 5 0 1 1 9 9 1 1 9 9 1 1 9 6 1 9 3 3 5 7 3 2 1 1 1 8
split_gain=1.24989e+10 1.00466e+09 3.95266e+08 4.63805e+08 2.6566e+08 2.70266e+08 2.3976e+08 1.88177e+08 1.72038e+08 3.23077e+08 2.83373e+08 1.64522e+08 1.63962e+08 1.81034e+08 2.85072e+08 1.3144e+08 1.36151e+08 1.76342e+08 1.18833e+08 1.14365e+08 1.12018e+08 1.11703e+08 1.09042e+08 1.07391e+08 1.06421e+08 1.05766e+08 1.02778e+08 9.27915e+07 8.8277e+07 8.51128e+07
threshold=5.5000000000000009 6.5000000000000009 25261.669647419763 32911.768865474369 -0.5 71182.494297855388 20137.350000000002 20227.841666666671 4.5000000000000009 2.5000000000000004 19237.950000000004 21965.104166666668 8.5000000000000018 7.5000000000000009 21834.804166666672 17406.837500000005 3.5000000000000004 0 21572.845833333336 7.5000000000000009 20129.212056289016 24249.103974701076 -0.37940952255126015 1 21200.688648230451 40868.395504912864 20593.920833333341 20230.716666666671 17496.920833333334 2
decision_type=2 2 2 2 2 2 2 2 2 2 2 2 2 2 2 2 2 1 2 2 2 2 2 1 2 2 2 2 2 1
left_child=4 6 3 18 5 -1 29 8 9 22 -10 19 13 -5 -15 -11 17 -17 -3 -4 -18 23 -6 27 -14 -24 -9 -8 -7 -2
right_child=1 2 11 12 7 28 21 26 10 15 -12 -13 24 14 -16 16 20 -19 -20 -21 -22 -23 25 -25 -26 -27 -28 -29 -30 -31
leaf_value=-32.047226911741745 -44.661922108133638 8.6802113262575062 49.052153510101576 107.89004130290937 -127.13580244584517 -195.13325881958008 65.867276083098531 55.206885810331869 -9.2289723724373118 8.1404905548802144 -86.737342036703353 8.405253346363704 75.654126286105267 183.18070760444857 101.01268383974121 -103.33229127043769 -62.948757676950848 -170.81305840436153 118.7699996439616 97.084402369701962 -111.64584915560346 -41.601886538801523 -98.295760208469332 22.999496449364557 124.46114579419185 -47.196598199201901 -57.859927636223873 148.50883675086789 -84.466082427789885 11.388224678868834
leaf_weight=1006 96 134 242 452 55 20 198 44 242 27 230 120 297 284 168 336 262 136 30 254 215 29 118 126 179 714 37 41 182 230
leaf_count=1006 96 134 242 452 55 20 198 44 242 27 230 120 297 284 168 336 262 136 30 254 215 29 118 126 179 714 37 41 182 230
internal_value=-3.58599e-08 77.7522 94.8021 108.312 -61.7898 -42.6449 26.6025 -71.3623 -73.9613 -80.7926 -46.9979 60.9394 117.759 130.265 152.64 -100.642 -103.737 -122.776 28.8186 73.6493 -84.8982 52.8479 -58.9512 60.3521 94.008 -54.4438 3.55908 80.0443 -95.4232 -5.11734
internal_weight=6504 2880 2160 1544 3624 1208 720 2416 2335 1863 472 616 1380 904 452 976 949 472 164 496 477 394 887 365 476 832 81 239 202 326
internal_count=6504 2880 2160 1544 3624 1208 720 2416 2335 1863 472 616 1380 904 452 976 949 472 164 496 477 394 887 365 476 832 81 239 202 326
cat_boundaries=0 1 2 3
cat_threshold=4 4 2
is_linear=0
shrinkage=0.05


Tree=15
num_leaves=31
num_cat=2
split_feature=9 9 5 1 5 3 1 2 3 9 1 9 1 4 1 3 3 4 5 1 3 5 2 6 6 4 1 1 3 9
split_gain=1.12802e+10 9.06701e+08 3.75354e+08 2.40917e+08 2.37578e+08 2.31367e+08 2.16383e+08 2.14032e+08 2.09714e+08 1.79188e+08 2.74243e+08 2.62537e+08 1.53715e+08 1.40165e+08 1.28242e+08 1.2275e+08 1.80287e+08 1.2048e+08 1.22596e+08 1.09812e+08 1.35987e+08 1.09325e+08 9.6105e+07 9.56901e+07 8.77881e+07 9.26487e+07 9.11038e+07 8.18985e+07 8.1416e+07 9.99552e+07
threshold=5.5000000000000009 6.5000000000000009 -0.70710678118654757 20227.841666666671 -0.70710678118654757 28808.489832484327 20137.350000000002 32911.768865474369 24743.287908519629 4.5000000000000009 19223.979166666668 2.5000000000000004 20593.920833333341 -0.60355339059327362 17315.757954545457 25112.764903707441 12674.21517154202 -0.37940952255126059 1.0000000180025095e-35 18537.133333333335 21600.004328367675 -0.70710678118654757 43695.987368416674 0 1 -0.78656609248549303 17679.104166666668 19178.175000000007 29523.157306080608 2.5000000000000004
decision_type=2 2 2 2 2 2 2 2 2 2 2 2 2 2 2 2 2 2 2 2 2 2 2 1 1 2 2 2 2 2
left_child=3 6 15 4 8 7 27 -4 -1 11 -11 17 -5 -9 -13 16 -3 22 -19 24 -21 -8 -6 -15 -16 -26 -27 -2 29 -10
right_child=1 2 5 12 9 -7 21 13 28 10 -12 14 -14 23 19 -17 -18 18 -20 20 -22 -23 -24 -25 25 26 -28 -29 -30 -31
leaf_value=-27.741545979615609 26.712479379442005 -21.051944524591619 31.874829099443225 59.586946656047445 -103.71889004177518 24.186833017137317 4.4318646922403451 88.2162201400333 -50.301107769869688 -8.2579378089104321 -80.117349658105894 27.440768983147361 -54.252839807363664 112.20628772643434 -158.75524951616924 24.308559943707486 87.716774290380343 -107.34888865499786 -56.826587140157635 -73.141885795662745 -160.90249907175701 65.360266756205945 -26.042859117419734 146.87337470953017 -64.448816949861097 -101.9608255368527 -168.77167680939633 -24.753061980247498 -175.89995941162113 -157.18685507938781
leaf_weight=733 126 44 90 69 45 90 98 450 89 277 255 22 52 714 84 212 284 165 441 549 48 296 346 276 114 214 67 200 25 29
leaf_count=733 126 44 90 69 45 90 98 450 89 277 255 22 52 714 84 212 284 165 441 549 48 296 346 276 114 214 67 200 25 29
internal_value=-1.39399e-07 73.8646 90.062 -58.7003 -61.0963 102.096 25.2724 106.679 -38.5471 -68.6156 -42.7018 -75.196 10.6641 111.354 -92.0623 53.9605 73.1258 -56.6211 -70.5827 -94.5057 -80.198 50.2055 -34.9826 121.871 -112.338 -102.467 -117.891 -4.86147 -93.9351 -76.5696
internal_weight=6504 2880 2160 3624 3503 1620 720 1530 876 2627 532 2095 121 1440 1098 540 328 997 606 1076 597 394 391 990 479 395 281 326 143 118
internal_count=6504 2880 2160 3624 3503 1620 720 1530 876 2627 532 2095 121 1440 1098 540 328 997 606 1076 597 394 391 990 479 395 281 326 143 118
cat_boundaries=0 1 2
cat_threshold=4 1
is_linear=0
shrinkage=0.05


Tree=16
num_leaves=31
num_cat=5
split_feature=9 9 3 3 5 3 1 5 1 9 9 1 1 1 0 7 5 5 6 8 3 1 6 3 9 9 9 7 1 1
split_gain=1.01804e+10 8.18298e+08 3.42594e+08 3.33649e+08 2.22452e+08 2.33788e+08 1.95286e+08 1.75277e+08 1.52864e+08 1.40686e+08 2.64127e+08 2.33975e+08 1.36721e+08 1.66821e+08 1.7951e+08 1.19208e+08 1.00195e+08 9.39693e+07 9.60094e+07 8.84581e+07 9.23552e+07 8.81447e+07 1.04152e+08 8.78954e+07 9.7155e+07 1.50765e+08 9.22506e+07 8.59154e+07 9.76471e+07 8.31869e+07
threshold=5.5000000000000009 6.5000000000000009 27773.305019283547 13760.266708748344 -0.5 22475.42227706252 20137.350000000002 -0.9159756150367534 20227.841666666671 4.5000000000000009 2.5000000000000004 18315.529166666674 20271.762500000001 20859.675000000007 74742.644685316773 0 -0.5 -0.12940952255126037 1 2 20752.578564511579 21834.804166666672 3 29371.689118434351 2.5000000000000004 4.5000000000000009 1.5000000000000002 4 20091.895833333336 20593.920833333341
decision_type=2 2 2 2 2 2 2 2 2 2 2 2 2 2 2 1 2 2 1 1 2 2 1 2 2 2 2 1 2 2
left_child=4 6 3 -3 5 27 -2 -5 9 10 17 -11 -9 -14 21 -12 -8 -6 -19 -13 -21 22 -15 24 26 -26 -7 -1 -29 -10
right_child=1 2 -4 7 8 23 16 12 29 11 15 19 13 14 -16 -17 -18 18 -20 20 -22 -23 -24 -25 25 -27 -28 28 -30 -31
leaf_value=-59.023174157719467 -4.6183998937255764 4.3214563464174178 30.518707003021241 53.180219445010735 -87.213169940121205 -71.484132723127104 11.968960436609866 141.94339713666906 49.467195233431731 11.181336759261683 -51.530143457651143 -122.23011884856642 75.995785038525909 185.73483472077746 73.194654378347238 -98.730174028931884 65.490416878529828 -83.32895932618311 -36.69019597868634 -66.839405406414159 10.855057401242464 100.4202691322718 125.24131712063104 -148.80911500718858 -180.53727371215822 -34.930485141277316 -0.14328013178127916 -23.286386092710707 45.395401603834976 -52.254288874445741
leaf_weight=155 326 101 250 197 166 140 131 199 44 142 160 57 545 92 228 816 263 136 585 227 46 234 314 36 40 32 67 682 56 37
leaf_count=155 326 101 250 197 166 140 131 199 44 142 160 57 545 92 228 816 263 136 585 227 46 234 314 36 40 32 67 682 56 37
internal_value=1.16066e-08 70.1714 85.5589 92.7631 -55.7653 -38.2463 24.0088 97.701 -64.5248 -66.8673 -73.0448 -42.4843 103.142 97.6771 111.29 -90.9925 47.6952 -53.2964 -45.4875 -65.5768 -53.748 124.862 138.949 -75.2818 -65.7944 -115.823 -48.3931 -25.1823 -18.0748 3.00183
internal_weight=6504 2880 2160 1910 3624 1208 720 1809 2416 2335 1863 472 1612 1413 868 976 394 887 721 330 273 640 406 315 279 72 207 893 738 81
internal_count=6504 2880 2160 1910 3624 1208 720 1809 2416 2335 1863 472 1612 1413 868 976 394 887 721 330 273 640 406 315 279 72 207 893 738 81
cat_boundaries=0 1 2 3 4 5
cat_threshold=2 2 1 2 2
is_linear=0
shrinkage=0.05


Tree=17
num_leaves=31
num_cat=3
split_feature=9 9 5 5 3 3 2 1 1 9 9 1 4 1 9 6 3 3 3 3 7 2 3 1 6 3 3 3 9 9
split_gain=9.18781e+09 7.38514e+08 3.15423e+08 2.00763e+08 2.10994e+08 1.91398e+08 1.80513e+08 1.76245e+08 1.3796e+08 1.26969e+08 2.38375e+08 2.15575e+08 1.16376e+08 1.08938e+08 1.16113e+08 1.50485e+08 1.07181e+08 1.51426e+08 1.00185e+08 9.87883e+07 9.73047e+07 8.90042e+07 8.7515e+07 8.43867e+07 8.3548e+07 8.12342e+07 1.17126e+08 7.99715e+07 8.27058e+07 1.28596e+08
threshold=5.5000000000000009 6.5000000000000009 -0.70710678118654757 -0.5 22475.42227706252 28808.489832484327 33598.988840666665 20137.350000000002 20227.841666666671 4.5000000000000009 2.5000000000000004 19013.812500000004 -0.60355339059327362 17406.837500000005 3.5000000000000004 0 25112.764903707441 12674.21517154202 19989.367311169004 24249.103974701076 1 40868.395504912864 28467.69557926006 20230.716666666671 2 12234.145103318357 7921.4074209296814 28808.489832484327 2.5000000000000004 4.5000000000000009
decision_type=2 2 2 2 2 2 2 2 2 2 2 2 2 2 2 1 2 2 2 2 1 2 2 2 1 2 2 2 2 2
left_child=3 7 16 4 25 6 -4 -2 9 10 21 -11 -8 -12 15 -15 17 -3 -16 20 23 -5 -23 -9 -14 26 -1 28 -6 -30
right_child=1 2 5 8 27 -7 12 19 -10 11 13 -13 24 14 18 -17 -18 -19 -20 -21 -22 22 -24 -25 -26 -27 -28 -29 29 -31
leaf_value=5.0351750178214836 -4.3874796944161867 -20.215420939705592 32.555497543094226 -89.555837828488578 -43.634081600867603 21.451555555131701 79.918042454911983 57.592479826223979 2.8517340153823665 -1.9623807677547043 12.591631396611533 -70.096616084055796 101.75344611563291 -88.880745995683341 -49.282106006835122 -151.21817119261797 20.4790846189238 79.467636348160227 -95.116235239252134 -43.511841872642783 16.812278738665203 -40.03735378266709 -113.47301484928576 136.40251502060309 134.46162153265291 -13.942652337601027 -67.514088700481295 -128.83682638430128 -169.2238854659231 -33.183960396051411
leaf_weight=78 326 44 103 126 194 90 446 198 81 206 27 266 712 336 242 136 212 284 235 29 126 718 43 41 269 621 194 51 38 32
leaf_count=78 326 44 103 126 194 90 446 198 81 206 27 266 712 336 242 136 212 284 235 29 126 718 43 41 269 621 194 51 38 32
internal_value=-4.97815e-08 66.6628 81.2809 -52.977 -36.334 92.3123 96.4806 22.8083 -61.2986 -63.5239 -69.3926 -40.3601 101.095 -86.4428 -89.2605 -106.842 48.1868 66.0955 -71.8629 45.3105 52.3676 -50.6316 -44.1868 71.1122 110.722 -23.9232 -46.7095 -71.5177 -60.4447 -107.034
internal_weight=6504 2880 2160 3624 1208 1620 1530 720 2416 2335 1863 472 1427 976 949 472 540 328 477 394 365 887 761 239 981 893 272 315 264 70
internal_count=6504 2880 2160 3624 1208 1620 1530 720 2416 2335 1863 472 1427 976 949 472 540 328 477 394 365 887 761 239 981 893 272 315 264 70
cat_boundaries=0 1 2 3
cat_threshold=4 4 4
is_linear=0
shrinkage=0.05


Tree=18
num_leaves=31
num_cat=4
split_feature=9 9 5 5 3 0 9 3 0 1 1 9 1 9 1 4 5 1 3 0 7 1 3 7 6 3 3 6 3 1
split_gain=8.29199e+09 6.66509e+08 2.84669e+08 1.82828e+08 1.78624e+08 1.73795e+08 1.73811e+08 2.15038e+08 1.65782e+08 1.59062e+08 1.41842e+08 1.33274e+08 2.19016e+08 1.94309e+08 1.06392e+08 1.04789e+08 1.05005e+08 1.01053e+08 9.67671e+07 1.34907e+08 9.35352e+07 1.00669e+08 9.11001e+07 1.05716e+08 8.82395e+07 8.80399e+07 8.38094e+07 8.3486e+07 1.536e+08 1.17984e+08
threshold=5.5000000000000009 6.5000000000000009 -0.70710678118654757 -0.70710678118654757 22380.455764279788 85691.156758494049 8.5000000000000018 23208.128202063202 59560.633449420486 20137.350000000002 20227.841666666671 4.5000000000000009 18315.529166666674 2.5000000000000004 17315.757954545457 -0.60355339059327362 1.0000000180025095e-35 20593.920833333341 25261.669647419763 50464.00729958334 0 18354.39166666667 23811.269425071157 1 2 21200.688648230451 21990.817839191564 3 16889.389546719274 17679.104166666668
decision_type=2 2 2 2 2 2 2 2 2 2 2 2 2 2 2 2 2 2 2 2 1 2 2 1 1 2 2 1 2 2
left_child=3 9 18 4 -1 6 7 -4 -8 -2 11 13 -13 15 -15 -5 -17 -12 19 -3 26 27 23 -11 -21 -23 -16 29 -29 -22
right_child=1 2 5 10 -6 -7 8 -9 -10 22 17 12 -14 14 20 16 -18 -19 -20 24 21 25 -24 -25 -26 -27 -28 28 -30 -31
leaf_value=-17.926586928029035 -4.16810595658065 -9.2567522326382736 127.62877619440962 -25.846106171963825 -68.937868843519183 25.170187556743624 35.150254973830705 81.514712737019252 93.032073958937119 71.670546469772077 52.270198490142825 12.327994844783099 -57.629178342639761 29.724250208247796 -30.516197870118276 -94.724943492773818 -48.690359873455058 -53.627723098382717 18.720327612946672 126.4441496891762 -69.99672250545386 -63.853837386915622 -24.764327047629791 14.003672753005731 60.655152223255712 -112.31428676486017 -116.05387788348729 -87.689013798025599 -187.59269759114585 -173.56239251801463
leaf_weight=676 326 55 492 335 230 104 218 520 286 228 50 160 372 22 140 165 497 41 205 67 165 428 44 122 213 120 36 79 75 33
leaf_count=676 326 55 492 335 230 104 218 520 286 228 50 160 372 22 140 165 497 41 205 67 165 428 44 122 213 120 36 79 75 33
internal_value=-7.15377e-09 63.3296 77.2169 -50.3282 -30.8765 87.6967 91.9861 103.934 67.9959 21.6679 -56.8121 -58.938 -36.5894 -64.6131 -79.1233 -48.6331 -60.1642 4.55795 45.7775 62.3349 -81.3488 -87.8678 43.0449 51.5695 76.3975 -74.4656 -48.0125 -108.733 -136.343 -87.2577
internal_weight=6504 2880 2160 3624 906 1620 1516 1012 504 720 2718 2627 532 2095 1098 997 662 91 540 335 1076 900 394 350 280 548 176 352 154 198
internal_count=6504 2880 2160 3624 906 1620 1516 1012 504 720 2718 2627 532 2095 1098 997 662 91 540 335 1076 900 394 350 280 548 176 352 154 198
cat_boundaries=0 1 2 3 4
cat_threshold=2 4 2 4
is_linear=0
shrinkage=0.05


Tree=19
num_leaves=31
num_cat=5
split_feature=9 9 3 3 1 5 3 1 4 1 6 7 9 3 3 9 1 9 5 5 3 7 1 8 9 8 9 5 9 1
split_gain=7.48352e+09 6.01524e+08 2.61754e+08 2.52222e+08 1.6735e+08 1.61701e+08 1.6981e+08 1.43553e+08 1.40336e+08 1.35896e+08 1.29474e+08 1.05234e+08 1.03491e+08 1.20244e+08 1.04853e+08 1.0066e+08 2.26975e+08 1.51191e+08 1.0142e+08 9.01816e+07 8.86893e+07 8.89724e+07 7.65279e+07 7.43026e+07 7.38064e+07 8.27314e+07 1.14456e+08 7.19234e+07 7.16556e+07 6.84019e+07
threshold=5.5000000000000009 6.5000000000000009 27773.305019283547 13760.266708748344 20227.841666666671 -0.5 25983.731134866983 20137.350000000002 0.37940952255126054 21834.804166666672 0 1 8.5000000000000018 21391.274423540322 23970.271276843097 4.5000000000000009 19237.950000000004 2.5000000000000004 -0.12940952255126037 -0.5 24030.331899106797 2 20389.929166666669 3 1.5000000000000002 4 3.5000000000000004 0.1294095225512602 7.5000000000000009 21704.933333333338
decision_type=2 2 2 2 2 2 2 2 2 2 1 1 2 2 2 2 2 2 2 2 2 1 2 1 2 1 2 2 2 2
left_child=4 7 3 -3 5 6 -1 23 9 27 -6 24 14 -14 28 17 -17 18 -13 -9 21 -19 -4 -2 -7 26 -26 -5 -10 -30
right_child=1 2 22 8 10 11 -8 19 12 -11 -12 15 13 -15 -16 16 -18 20 -20 -21 -22 -23 -24 -25 25 -27 -28 -29 29 -31
leaf_value=-27.385795138631821 -40.907743283361199 2.7572617703495492 87.704365658178574 65.750132700126798 -82.122075942467006 -30.884072903719819 -84.863728775053616 6.998669100171738 103.79743943770316 34.081359016957713 39.038353207836984 -80.60192695591185 52.54769053515934 154.42133248465404 76.39303292401631 7.2647658609265662 -67.344004588149957 -77.437623020372698 -34.049975218041205 57.775251860854297 -135.50668886061069 -34.356559870694134 12.993295645371578 11.462091833612194 -142.89732835974013 -34.822056380907696 -71.415644773734471 94.488998938081536 171.64339143172555 112.4925869032916
leaf_weight=1021 96 101 41 420 29 55 147 131 193 191 92 144 168 35 150 199 209 630 624 263 54 148 209 230 112 48 112 452 115 85
leaf_count=1021 96 101 41 420 29 55 147 131 193 191 92 144 168 35 150 199 209 630 624 263 54 148 209 230 112 48 112 452 115 85
internal_value=7.53857e-08 60.1632 73.356 79.6532 -47.8118 -49.8087 -34.6197 20.5845 83.9464 72.28 9.9999 -57.4064 100.57 70.1121 111.957 -53.123 -30.9539 -58.7761 -42.7785 40.8927 -73.5431 -69.2423 25.2459 -3.9597 -83.7099 -94.3916 -107.156 80.6469 125.531 146.504
internal_weight=6504 2880 2160 1910 3624 3503 1168 720 1809 1063 121 2335 746 203 543 2008 408 1600 768 394 832 778 250 326 327 272 224 872 393 200
internal_count=6504 2880 2160 1910 3624 3503 1168 720 1809 1063 121 2335 746 203 543 2008 408 1600 768 394 832 778 250 326 327 272 224 872 393 200
cat_boundaries=0 1 2 3 4 5
cat_threshold=4 1 4 2 4
is_linear=0
shrinkage=0.05


Tree=20
num_leaves=31
num_cat=3
split_feature=9 9 5 3 5 1 1 0 1 1 1 10 3 8 1 3 9 1 3 3 6 1 9 9 8 3 9 3 9 3
split_gain=6.75388e+09 5.42876e+08 2.41881e+08 1.52834e+08 1.82994e+08 1.49108e+08 1.33756e+08 1.93751e+08 1.29557e+08 1.24747e+08 1.52302e+08 1.24711e+08 1.47514e+08 1.06704e+08 1.31613e+08 9.86777e+07 1.17058e+08 1.63995e+08 1.06462e+08 9.52625e+07 8.90418e+07 8.94871e+07 1.32258e+08 2.04381e+08 1.25662e+08 1.20305e+08 1.1397e+08 8.30029e+07 8.20596e+07 8.14456e+07
threshold=5.5000000000000009 6.5000000000000009 -0.5 29523.157306080608 -0.70710678118654757 20271.762500000001 20859.675000000007 73335.470115568198 20137.350000000002 17509.145833333339 17406.837500000005 1.0000000180025095e-35 24693.414404309813 0 20230.716666666671 20262.118529259325 2.5000000000000004 19217.645833333339 11913.969310749244 7241.9248794303849 1 20193.854166666672 4.5000000000000009 2.5000000000000004 2 21600.004328367675 1.5000000000000002 24515.226276716403 1.5000000000000002 20789.29974032475
decision_type=2 2 2 2 2 2 2 2 2 2 2 2 2 1 2 2 2 2 2 2 1 2 2 2 1 2 2 2 2 2
left_child=3 8 11 4 15 -4 -7 -8 -2 10 -6 12 -3 -11 20 18 28 -18 19 -1 -15 22 23 26 -24 -25 -22 -10 -17 -12
right_child=1 2 5 -5 9 6 7 -9 27 13 29 -13 -14 14 -16 16 17 -19 -20 -21 21 -23 24 25 -26 -27 -28 -29 -30 -31
leaf_value=19.783059934735299 -3.7617152431991201 70.101874345920166 125.20469981459685 -129.70485661074801 -22.730479845880463 54.994448141306023 107.13847516302117 55.347754072890268 44.155031832271725 -71.56035574243424 -115.40689247571504 -66.035223007202148 23.674570034675472 -66.093072959018315 27.621894297880285 -50.004399518552034 -55.555502278804788 -202.26709790229799 3.305356756635307 -58.943064347232678 -38.740137859812961 -117.88818716161391 15.672528592319024 -55.927558183178462 -53.401033952064125 -124.37086004308753 9.8907258279861949 -60.392539443969724 19.283401794994578 -69.402217734334954
leaf_weight=50 326 393 172 53 119 486 499 283 374 329 156 24 303 344 68 115 80 25 377 166 342 34 205 485 97 74 186 20 68 251
leaf_count=50 326 393 172 53 119 486 499 283 374 329 156 24 303 344 68 115 80 25 377 166 342 34 205 485 97 74 186 20 68 251
internal_value=-5.21073e-08 57.155 69.6882 -45.4212 -44.1703 81.5195 75.5937 88.3958 19.5553 -50.6477 -72.4874 46.0258 49.89 -45.3392 -40.638 -24.3923 -48.404 -90.4868 -12.7307 -40.7194 -43.2649 -37.7463 -35.7846 -43.917 -6.51335 -64.988 -21.6088 38.848 -24.2581 -87.0355
internal_weight=6504 2880 2160 3624 3571 1440 1268 782 720 2690 526 720 696 2164 1835 881 288 105 593 216 1767 1423 1389 1087 302 559 528 394 183 407
internal_count=6504 2880 2160 3624 3571 1440 1268 782 720 2690 526 720 696 2164 1835 881 288 105 593 216 1767 1423 1389 1087 302 559 528 394 183 407
cat_boundaries=0 1 2 3
cat_threshold=1 2 4
is_linear=0
shrinkage=0.05


Tree=21
num_leaves=31
num_cat=2
split_feature=9 9 3 3 3 5 4 1 1 1 1 3 9 1 3 3 9 9 1 6 6 1 9 10 5 3 3 9 1 9
split_gain=6.09538e+09 4.89945e+08 2.2349e+08 2.17833e+08 1.40156e+08 1.72637e+08 1.22888e+08 1.16925e+08 1.1545e+08 1.07262e+08 1.57755e+08 1.10956e+08 9.57231e+07 1.13531e+08 9.91291e+07 9.39076e+07 9.31693e+07 1.97912e+08 2.30456e+08 1.40762e+08 9.39419e+07 9.22432e+07 8.74558e+07 8.50676e+07 8.15712e+07 8.14062e+07 1.02283e+08 8.88092e+07 1.94631e+08 9.47284e+07
threshold=5.5000000000000009 6.5000000000000009 27773.305019283547 12674.21517154202 28808.489832484327 -0.5 0.37940952255126054 20137.350000000002 21834.804166666672 17504.437500000004 17406.837500000005 20789.29974032475 8.5000000000000018 21546.808333333338 18441.082486465039 23970.271276843097 2.5000000000000004 3.5000000000000004 18291.229166666668 0 1 18557.520833333336 7.5000000000000009 1.0000000180025095e-35 -0.70710678118654757 20314.289634861907 13589.341542425629 2.5000000000000004 19217.645833333339 1.5000000000000002
decision_type=2 2 2 2 2 2 2 2 2 2 2 2 2 2 2 2 2 2 2 1 1 2 2 2 2 2 2 2 2 2
left_child=4 7 3 -3 5 25 8 -2 23 10 -7 -12 14 -14 -8 -13 19 20 -19 21 -18 -11 -16 -5 -9 26 -1 29 -29 -27
right_child=1 2 -4 6 -6 9 12 24 -10 16 11 15 13 -15 22 -17 17 18 -20 -21 -22 -23 -24 -25 -26 27 -28 28 -30 -31
leaf_value=-35.887659026829752 -3.5736294799055792 -13.913853073120118 21.749010840415956 75.020343818383239 -106.59731584885543 -19.216392033076982 150.53726140802559 -2.6331172997245984 29.218990111475843 114.91899806431361 -130.93041460904209 -40.150933556637526 34.991878099163088 109.66295471309145 70.691797809851806 -111.41548351488616 -72.480038231844347 12.078988026082516 -53.662554871812191 -39.862848908982414 -138.82934204904657 -0.98878565747687164 114.53372454286148 -9.2929703004898574 49.996182470386096 -52.108528648434792 0.42570049285888678 -44.643421144783503 -184.46472471952438 12.672644082496042
leaf_weight=364 326 71 250 856 85 103 88 98 191 21 110 118 137 81 228 76 179 160 799 646 76 94 227 31 296 139 415 112 32 95
leaf_count=364 326 71 250 856 85 103 88 98 191 21 110 118 137 81 228 76 179 160 799 646 76 94 227 31 296 139 415 112 32 95
internal_value=-2.54392e-08 54.2973 66.2038 72.0225 -43.1501 -41.6263 75.3404 18.5775 64.4807 -49.3227 -72.6954 -90.8149 90.7237 62.7366 101.96 -68.069 -44.5062 -53.1044 -42.6942 -30.7898 -92.2547 20.177 92.5646 72.0737 36.9056 -25.781 -16.5423 -44.8204 -75.7148 -25.8085
internal_weight=6504 2880 2160 1910 3624 3539 1839 720 1078 2382 407 304 761 218 543 194 1975 1214 959 761 255 115 455 887 394 1157 779 378 144 234
internal_count=6504 2880 2160 1910 3624 3539 1839 720 1078 2382 407 304 761 218 543 194 1975 1214 959 761 255 115 455 887 394 1157 779 378 144 234
cat_boundaries=0 1 2
cat_threshold=1 4
is_linear=0
shrinkage=0.05


Tree=22
num_leaves=31
num_cat=3
split_feature=9 9 5 1 1 3 1 5 3 3 1 7 2 9 1 9 4 3 1 5 7 3 1 9 3 0 7 1 3 3
split_gain=5.50108e+09 4.42176e+08 2.10412e+08 1.44398e+08 1.35186e+08 1.24915e+08 1.76289e+08 1.2147e+08 1.24857e+08 1.14e+08 1.1689e+08 1.09089e+08 9.2857e+07 9.20614e+07 1.6851e+08 1.32449e+08 9.23251e+07 8.55082e+07 8.4161e+07 8.14759e+07 7.95384e+07 1.07629e+08 7.96803e+07 1.08023e+08 7.71121e+07 7.62798e+07 7.4164e+07 7.8723e+07 7.44828e+07 7.03074e+07
threshold=5.5000000000000009 6.5000000000000009 -0.70710678118654757 20271.762500000001 20227.841666666671 27542.051378997374 20859.675000000007 -0.70710678118654757 28808.489832484327 13047.088890268597 20230.716666666671 0 34230.980613833337 4.5000000000000009 19223.979166666668 2.5000000000000004 -0.60355339059327362 23040.061851194154 17315.757954545457 1.0000000180025095e-35 1 12674.21517154202 21704.933333333338 7.5000000000000009 23438.544449234036 62236.308236999997 2 18354.39166666667 21200.688648230451 21990.817839191564
decision_type=2 2 2 2 2 2 2 2 2 2 2 1 2 2 2 2 2 2 2 2 1 2 2 2 2 2 1 2 2 2
left_child=4 9 20 -4 7 6 12 8 -1 -2 17 -6 -5 15 -15 16 25 -11 -17 -18 -3 -22 23 -23 -8 -9 29 -28 -29 -20
right_child=1 2 3 5 11 -7 24 13 -10 10 -12 -13 -14 14 -16 18 19 -19 26 -21 21 22 -24 -25 -26 -27 27 28 -30 -31
leaf_value=-22.929007141118646 -48.337312475840257 87.28961592587558 112.37530461540541 3.7846381566857783 77.283623890760467 23.554507561420142 100.29104626092825 -75.261045249938974 -122.07107236313098 21.661111904698402 74.962992927839878 -23.019778971672061 58.942364830690273 -2.5899625906445061 -58.918610361323637 31.949168578061194 -80.954366080544219 -41.944714271416103 -21.130600433690208 -40.404126567937723 -70.196626501816965 7.7296593771606199 -5.1481614209184743 66.067180198299738 67.85534602923272 -8.3049960564730458 -91.095780786871913 -51.032541201604865 -95.605930864016216 -99.475670199924053
leaf_weight=843 60 66 194 93 41 152 444 50 33 506 95 80 425 277 255 22 165 59 140 497 26 122 99 227 312 285 352 428 120 36
leaf_count=843 60 66 194 93 41 152 444 50 33 506 95 80 425 277 255 22 165 59 140 497 26 122 99 227 312 285 352 428 120 36
internal_value=6.34828e-08 51.5824 62.8936 71.9035 -40.9926 66.3975 71.5091 -42.7874 -26.6638 17.6487 23.6474 10.9673 49.0395 -48.164 -29.5896 -52.8808 -39.6874 15.0191 -64.8605 -50.5111 35.8641 28.7036 34.4433 45.6741 86.9049 -18.2984 -66.8399 -72.6448 -60.7931 -37.1557
internal_weight=6504 2880 2160 1620 3624 1426 1274 3503 876 720 660 121 518 2627 532 2095 997 565 1098 662 540 474 448 349 756 335 1076 900 548 176
internal_count=6504 2880 2160 1620 3624 1426 1274 3503 876 720 660 121 518 2627 532 2095 997 565 1098 662 540 474 448 349 756 335 1076 900 548 176
cat_boundaries=0 1 2 3
cat_threshold=1 1 2
is_linear=0
shrinkage=0.05


Tree=23
num_leaves=31
num_cat=6
split_feature=9 9 5 1 1 3 5 3 4 1 0 6 1 3 1 1 1 9 9 7 8 6 8 7 3 1 1 1 9 3
split_gain=4.96472e+09 3.99063e+08 1.9258e+08 1.22005e+08 1.19329e+08 1.12285e+08 1.33875e+08 1.05004e+08 1.0422e+08 1.04018e+08 1.49064e+08 1.03216e+08 9.34797e+07 8.70522e+07 7.79241e+07 1.16846e+08 9.8244e+07 1.22279e+08 1.27458e+08 2.01752e+08 9.18699e+07 9.85772e+07 7.92505e+07 1.01467e+08 1.09069e+08 7.7202e+07 7.43993e+07 7.37723e+07 7.33742e+07 7.11839e+07
threshold=5.5000000000000009 6.5000000000000009 -0.5 20227.841666666671 20271.762500000001 29523.157306080608 -0.70710678118654757 17380.192498966568 0.37940952255126054 20859.675000000007 76084.43467113853 0 20225.416666666672 23040.061851194154 17509.145833333339 17315.757954545457 18188.416666666668 3.5000000000000004 2.5000000000000004 1 2 3 4 5 23970.271276843097 19230.145833333332 20200.775000000005 19178.175000000007 1.5000000000000002 25112.764903707441
decision_type=2 2 2 2 2 2 2 2 2 2 2 1 2 2 2 2 2 2 2 1 1 1 1 1 2 2 2 2 2 2
left_child=3 7 8 5 -4 6 -1 -2 29 -6 -11 -5 13 25 15 -8 17 18 19 -16 -18 28 -17 -24 -25 27 -23 -9 -22 -3
right_child=1 2 4 11 9 -7 14 12 -10 10 -12 -13 -14 -15 16 22 20 -19 -20 -21 21 26 23 24 -26 -27 -28 -29 -30 -31
leaf_value=-22.325823382120998 -15.705003810444394 42.762350135238194 109.38609446093095 -71.833087184511385 46.839058580712532 -112.87229720781434 -15.452942189630472 30.622539850678109 71.584089028570389 89.823105870559161 41.069622383469266 36.346233274625696 67.936368788843581 -40.386696575817311 -108.23102182087146 -120.40901325752861 -73.435656518406333 13.177881383344619 -114.67156474833587 36.79594463641827 -21.676662157402664 -33.185412747462514 -120.79129869937897 -29.002261761548052 -95.260244717905607 48.325400001825173 -115.62103531701226 -34.872933641703504 -84.705148312731808 5.8419589961815745
leaf_weight=851 185 319 172 29 486 53 106 99 180 565 217 92 115 57 38 76 252 173 49 65 61 1217 64 187 93 188 28 76 190 221
leaf_count=851 185 319 172 29 486 53 106 99 180 565 217 92 115 57 38 76 252 173 49 65 61 1217 64 187 93 188 28 76 190 221
internal_value=-3.40539e-08 49.0033 59.749 -38.943 70.3058 -40.6481 -39.5385 16.7662 38.6353 65.0047 76.2943 10.419 27.9946 17.0581 -45.1745 -62.3619 -40.8134 -15.5698 -48.2891 -16.7091 -45.5069 -40.8023 -74.2008 -63.9921 -51.0094 26.0784 -35.0394 2.17879 -69.3875 27.6523
internal_weight=6504 2880 2160 3624 1440 3503 3450 720 720 1268 782 121 535 420 2599 526 2073 325 152 103 1748 1496 420 344 280 363 1245 175 251 540
internal_count=6504 2880 2160 3624 1440 3503 3450 720 720 1268 782 121 535 420 2599 526 2073 325 152 103 1748 1496 420 344 280 363 1245 175 251 540
cat_boundaries=0 1 2 3 4 5 6
cat_threshold=4 2 1 2 2 1
is_linear=0
shrinkage=0.05


Tree=24
num_leaves=31
num_cat=7
split_feature=9 9 3 3 1 5 3 1 1 3 1 1 6 1 3 6 7 8 9 1 6 9 7 7 3 9 9 3 5 1
split_gain=4.48066e+09 3.60155e+08 1.75496e+08 1.78124e+08 1.1011e+08 1.02672e+08 1.20828e+08 9.88089e+07 9.79726e+07 9.77744e+07 9.72896e+07 1.65495e+08 1.3608e+08 9.09893e+07 8.88626e+07 8.83332e+07 7.76133e+07 7.48637e+07 1.2084e+08 1.54346e+08 1.2222e+08 8.01511e+07 7.70091e+07 7.04618e+07 6.97515e+07 6.70605e+07 1.15126e+08 9.29292e+07 6.34648e+07 6.13626e+07
threshold=5.5000000000000009 6.5000000000000009 27773.305019283547 12674.21517154202 20227.841666666671 -0.5 25983.731134866983 20389.929166666669 20593.920833333341 12884.62846946177 20859.675000000007 21734.8125 0 20230.716666666671 24195.693601173767 1 2 3 4.5000000000000009 20193.854166666672 4 2.5000000000000004 5 6 23040.061851194154 2.5000000000000004 3.5000000000000004 26134.314951007727 -0.12940952255126037 20137.350000000002
decision_type=2 2 2 2 2 2 2 2 2 2 2 2 1 2 2 1 1 1 2 2 1 2 1 1 2 2 2 2 2 2
left_child=4 9 3 -3 5 6 -1 15 -6 -2 -9 12 -12 24 -13 -5 -7 18 20 -20 21 28 25 -15 29 27 -27 -19 -18 -11
right_child=1 2 -4 7 8 16 -8 10 -10 13 11 14 -14 23 -16 -17 17 22 19 -21 -22 -23 -24 -25 -26 26 -28 -29 -30 -31
leaf_value=-20.410404651604019 -49.436490872221178 -15.792060696239202 17.368128623867033 155.66243031819661 48.955709540325664 -67.259114841146214 -68.895056361243846 44.858258723728056 -41.928551219059869 3.9405461019193626 138.32070730481828 63.029844287575273 75.663745379111461 114.57595974150159 13.390958280496665 79.666819296491909 -67.24676116656984 -15.08381829376958 12.762494234094081 -112.14157088143486 55.110376024246222 -56.854165319332061 -118.87687582415204 28.903527375629974 -38.011741697990288 -101.70212627006696 -44.619398457627547 -91.658108575003496 -19.870035150196571 38.854064421474412
leaf_weight=1021 53 71 250 48 69 327 147 615 52 284 105 244 496 42 143 188 87 207 212 28 32 560 43 56 59 128 285 49 377 226
leaf_count=1021 53 71 250 48 69 327 147 615 52 284 105 244 496 42 143 188 87 207 212 28 32 560 43 56 59 128 285 49 377 226
internal_value=5.6695e-08 46.5531 56.7615 61.9177 -36.9958 -38.6156 -26.5125 64.9179 9.89801 15.9279 60.4709 70.1894 86.6105 21.1218 44.6878 95.1236 -44.6698 -40.9912 -33.8353 -1.80965 -41.1139 -44.1209 -54.0164 65.6203 13.4577 -49.8475 -62.3109 -29.7406 -28.7532 19.412
internal_weight=6504 2880 2160 1910 3624 3503 1168 1839 121 720 1603 988 601 667 387 236 2335 2008 1296 240 1056 1024 712 98 569 669 413 256 464 510
internal_count=6504 2880 2160 1910 3624 3503 1168 1839 121 720 1603 988 601 667 387 236 2335 2008 1296 240 1056 1024 712 98 569 669 413 256 464 510
cat_boundaries=0 1 2 3 4 5 6 7
cat_threshold=2 1 1 4 4 4 4
is_linear=0
shrinkage=0.05


Tree=25
num_leaves=31
num_cat=4
split_feature=9 9 5 0 9 3 2 3 5 9 4 3 1 1 8 1 1 3 3 9 1 3 3 1 8 7 3 7 1 1
split_gain=4.0438e+09 3.2504e+08 1.67728e+08 1.02352e+08 1.05729e+08 1.39458e+08 1.11486e+08 1.01242e+08 1.14905e+08 1.00501e+08 9.27781e+07 8.92952e+07 8.10265e+07 1.00926e+08 8.27547e+07 8.78216e+07 7.68867e+07 8.49156e+07 7.6557e+07 9.80869e+07 1.42997e+08 9.08916e+07 9.61869e+07 7.01836e+07 6.97097e+07 8.95334e+07 9.8135e+07 6.85946e+07 6.76167e+07 6.75985e+07
threshold=5.5000000000000009 6.5000000000000009 -0.5 89363.299206474287 8.5000000000000018 21045.582769170294 38914.073155875005 29523.157306080608 -0.70710678118654757 7.5000000000000009 0.37940952255126054 17380.192498966568 17509.145833333339 17315.757954545457 0 20233.275000000005 19230.145833333332 23156.784737210928 19892.69927881255 2.5000000000000004 19217.645833333339 11664.542168402599 7921.4074209296814 22126.670833333334 1 2 23970.271276843097 3 19229.07916666667 19185.845833333336
decision_type=2 2 2 2 2 2 2 2 2 2 2 2 2 2 1 2 2 2 2 2 2 2 2 2 1 1 2 1 2 2
left_child=7 11 10 4 5 -4 -6 8 18 -7 27 -2 13 -10 28 -16 29 -18 21 -20 -21 22 -1 -11 -15 -26 -27 -3 -14 -13
right_child=1 2 3 -5 6 9 -8 -9 12 23 -12 16 14 24 15 -17 17 -19 19 20 -22 -23 -24 -25 25 26 -28 -29 -30 -31
leaf_value=10.600739489374934 -14.81241355973321 71.613440426913186 109.82916054934786 -7.2479384728840417 18.250749139472692 46.615646151465477 68.475469983291632 -103.74438447772332 -13.265588310529601 95.748933527512989 65.306746101379403 23.540085245655703 -36.152617412454944 -111.20246302956031 -32.90478464439007 27.169205983479817 50.693560523125861 -13.813277269178821 -17.041931712755595 -44.887456387565251 -179.07208551260143 6.4501311235853382 -60.808685511075538 40.89365221487509 -111.64498303532601 -25.220128110895821 -88.069173635462278 17.206944153932579 -81.512493469430225 -38.449519357416364
leaf_weight=74 185 66 228 49 198 366 250 53 106 275 180 113 170 76 1772 63 288 62 186 84 26 381 130 74 64 187 93 474 159 72
leaf_count=74 185 66 228 49 198 366 250 53 106 275 180 113 170 76 1772 63 288 62 186 84 26 381 130 74 64 187 93 474 159 72
internal_value=-4.45995e-08 44.2255 53.9234 63.7756 66.2775 75.7789 46.2779 -35.1461 -34.1279 64.9209 34.2192 15.1315 -39.2608 -56.862 -34.9825 -30.8423 25.486 39.2666 -18.4556 -39.1764 -76.6038 -7.97124 -34.9053 84.1177 -67.8649 -58.2903 -46.095 23.8566 -58.0743 -0.585599
internal_weight=6504 2880 2160 1440 1391 943 448 3624 3571 715 720 720 2690 526 2164 1835 535 350 881 296 110 585 204 349 420 344 280 540 329 185
internal_count=6504 2880 2160 1440 1391 943 448 3624 3571 715 720 720 2690 526 2164 1835 535 350 881 296 110 585 204 349 420 344 280 540 329 185
cat_boundaries=0 1 2 3 4
cat_threshold=1 2 1 1
is_linear=0
shrinkage=0.05


Tree=26
num_leaves=31
num_cat=4
split_feature=9 9 3 9 6 9 1 1 3 5 1 5 9 1 9 9 1 8 1 7 1 10 3 3 3 1 7 1 9 1
split_gain=3.64953e+09 2.93348e+08 1.54199e+08 2.06923e+08 1.62083e+08 1.30783e+08 2.17684e+08 1.0824e+08 9.25454e+07 1.10962e+08 8.73288e+07 8.66564e+07 8.42255e+07 7.882e+07 7.42359e+07 1.40477e+08 1.1001e+08 7.35943e+07 8.86432e+07 6.81303e+07 6.52591e+07 6.51431e+07 6.49479e+07 6.91165e+07 6.9334e+07 6.46314e+07 6.11493e+07 7.96828e+07 6.05355e+07 1.53505e+08
threshold=5.5000000000000009 6.5000000000000009 25176.043808424602 8.5000000000000018 0 7.5000000000000009 21834.804166666672 21965.104166666668 28808.489832484327 -0.5 21591.341666666671 -0.70710678118654757 7.5000000000000009 20545.345833333336 2.5000000000000004 4.5000000000000009 19013.812500000004 1 19831.041666666668 2 19650.995833333338 1.0000000180025095e-35 21990.817839191564 13589.341542425629 7241.9248794303849 21162.787500000002 3 20672.245833333338 2.5000000000000004 18545.379166666669
decision_type=2 2 2 2 1 2 2 2 2 2 2 2 2 2 2 2 2 1 2 1 2 2 2 2 2 2 1 2 2 2
left_child=8 11 3 5 10 20 -7 12 9 22 -5 -2 -4 -13 21 19 -17 -18 -19 -16 -3 -11 23 24 -1 -14 -6 -28 -24 -30
right_child=1 2 7 4 26 6 -8 -9 -10 14 -12 13 25 -15 15 16 17 18 -20 -21 -22 -23 28 -25 -26 -27 27 -29 29 -31
leaf_value=24.352437098209677 -15.669534086651272 139.97329753528942 19.596881133560245 -18.907930211226144 60.801656458166576 120.86009055493582 49.057705238514714 -11.928340435712066 -84.94533763212317 -23.937661975767387 84.110896937052416 18.986745714820923 101.09306186085017 91.927464876174938 -26.43904851913452 4.3451621407444039 -24.88718795877822 -135.66672159194945 -40.196685200352825 -62.121943625866201 51.652371487415067 -83.785817790031444 -25.274374661605325 -0.44736882957045687 -38.008807499210043 45.100087775321725 -55.238461426539089 52.659454848549586 -38.048278783651504 -196.45314620971681
leaf_weight=52 180 22 246 144 395 284 168 122 85 862 24 500 71 40 160 206 188 40 62 816 424 48 209 499 312 188 28 44 65 20
leaf_count=52 180 22 246 144 395 284 168 122 85 862 24 500 71 40 160 206 188 40 62 816 424 48 209 499 312 188 28 44 65 20
internal_value=-8.67011e-08 42.0142 51.2273 59.771 37.9258 75.2182 94.1725 30.3381 -33.3888 -32.1505 -4.19095 14.3749 40.549 24.3898 -38.3209 -45.2611 -23.5939 -43.4402 -77.6359 -56.2723 56.009 -27.0945 -19.447 -12.5326 -29.1001 60.4495 53.0771 10.6992 -39.7434 -75.32
internal_weight=6504 2880 2160 1533 635 898 452 627 3624 3539 168 720 505 540 2382 1472 496 290 102 976 446 910 1157 863 364 259 467 72 294 85
internal_count=6504 2880 2160 1533 635 898 452 627 3624 3539 168 720 505 540 2382 1472 496 290 102 976 446 910 1157 863 364 259 467 72 294 85
cat_boundaries=0 1 2 3 4
cat_threshold=2 4 2 4
is_linear=0
shrinkage=0.05


Tree=27
num_leaves=31
num_cat=7
split_feature=9 9 5 1 0 1 1 7 3 5 3 4 2 1 7 7 8 9 1 6 9 7 9 9 3 2 3 1 6 3
split_gain=3.2937e+09 2.64747e+08 1.49944e+08 1.0655e+08 1.03785e+08 1.46587e+08 8.89523e+07 8.60097e+07 8.27743e+07 8.56268e+07 8.14331e+07 8.01628e+07 7.96087e+07 7.45234e+07 7.23745e+07 6.2761e+07 6.1692e+07 9.49931e+07 1.37748e+08 1.08154e+08 7.71379e+07 6.68149e+07 6.12125e+07 1.00107e+08 7.01395e+07 7.4377e+07 6.1178e+07 6.08896e+07 6.27337e+07 6.06924e+07
threshold=5.5000000000000009 6.5000000000000009 -0.78656609248549325 20271.762500000001 78085.668076844086 20859.675000000007 20227.841666666671 0 30119.15146456115 -0.5 12884.62846946177 0.25881904510252091 34230.980613833337 20230.716666666671 1 2 3 4.5000000000000009 20193.854166666672 4 2.5000000000000004 5 2.5000000000000004 3.5000000000000004 24195.693601173767 40868.395504912864 22475.42227706252 21734.8125 6 23438.544449234036
decision_type=2 2 2 2 2 2 2 1 2 2 2 2 2 2 1 1 1 2 2 1 2 1 2 2 2 2 2 2 1 2
left_child=6 10 11 -4 5 12 8 -8 9 26 -2 -3 -5 29 -11 -15 17 19 -19 20 -16 22 24 -24 25 -18 -1 28 -7 -12
right_child=1 2 3 4 -6 27 7 -9 -10 14 13 -13 -14 15 16 -17 21 18 -20 -21 -22 -23 23 -25 -26 -27 -28 -29 -30 -31
leaf_value=-14.508880051798474 -45.996376709668141 5.7548489173253383 89.241242003091955 -2.2890441988954451 24.985619526927913 122.82988708850949 69.314073330018573 -19.749362644553187 -106.56869161505449 -59.702736677525607 15.889892183969605 48.831761130624351 47.151565892412549 104.87069248017811 -21.739671279964575 24.015230156694141 -89.453818234530374 14.352103963662993 -103.64489799227033 56.188693213462834 -49.558079191105712 -106.561055123806 -90.85025551794098 -37.620999247400384 -59.251906041989379 9.2538191901312938 -41.103446084982799 54.015681202175053 74.837510124404858 -48.738433977273793
leaf_weight=859 53 270 205 101 309 86 41 80 38 327 530 180 420 42 449 56 22 212 28 32 560 43 128 285 87 144 289 262 327 39
leaf_count=859 53 270 205 101 309 86 41 80 38 327 530 180 420 42 449 56 22 212 28 32 560 43 128 285 87 144 289 262 327 39
internal_value=8.0012e-08 39.9135 48.6659 55.4239 50.8175 57.4915 -31.7193 10.4292 -33.1752 -32.3703 13.6562 22.9856 37.5671 18.3962 -37.9029 58.6676 -34.3208 -27.7713 0.585787 -34.3089 -37.179 -46.1542 -42.254 -54.1182 -22.8868 -3.82792 -21.2039 72.8701 84.8311 11.4602
internal_weight=6504 2880 2160 1710 1505 1196 3624 121 3503 3465 720 450 521 667 2317 98 1990 1281 240 1041 1009 709 666 413 253 166 1148 675 413 569
internal_count=6504 2880 2160 1710 1505 1196 3624 121 3503 3465 720 450 521 667 2317 98 1990 1281 240 1041 1009 709 666 413 253 166 1148 675 413 569
cat_boundaries=0 1 2 3 4 5 6 7
cat_threshold=1 1 4 4 4 4 2
is_linear=0
shrinkage=0.05


Tree=28
num_leaves=31
num_cat=5
split_feature=9 9 3 3 4 5 1 1 5 3 5 1 9 1 9 3 1 6 1 4 7 1 9 6 3 1 8 6 9 0
split_gain=2.97256e+09 2.38934e+08 1.39717e+08 1.32146e+08 9.42045e+07 9.88982e+07 8.02794e+07 7.98908e+07 7.70935e+07 7.47038e+07 7.83593e+07 7.06656e+07 7.48012e+07 6.81116e+07 6.11965e+07 7.81639e+07 5.84438e+07 1.1297e+08 9.5441e+07 6.9471e+07 6.77364e+07 5.82822e+07 1.18403e+08 1.18548e+08 7.96997e+07 6.59593e+07 6.5895e+07 7.90225e+07 6.57263e+07 5.80427e+07
threshold=5.5000000000000009 6.5000000000000009 28950.578429239431 12674.21517154202 0.37940952255126054 -0.12940952255126037 20227.841666666671 20593.920833333341 -0.5 30119.15146456115 -0.70710678118654757 21713.795833333337 7.5000000000000009 20859.675000000007 8.5000000000000018 20314.289634861907 17504.437500000004 0 17406.837500000005 -0.78656609248549303 1 18188.416666666668 3.5000000000000004 2 24082.656050551508 17679.104166666668 3 4 1.5000000000000002 64842.232008727275
decision_type=2 2 2 2 2 2 2 2 2 2 2 2 2 2 2 2 2 1 2 2 1 2 2 1 2 2 1 1 2 2
left_child=6 8 3 -3 5 11 9 -8 -2 10 -1 12 -5 -10 15 -14 17 -12 -19 -20 -21 22 23 -18 25 -25 -23 28 -28 -22
right_child=1 2 -4 4 -6 -7 7 -9 13 -11 16 -13 14 -15 -16 -17 21 18 19 20 29 26 -24 24 -26 -27 27 -29 -30 -31
leaf_value=-17.675560811947726 -10.16471295396487 -17.656310766515599 -5.5174862733701389 7.2734222040108767 65.403637627358577 55.914726252774976 45.177475616897368 -36.892580905327428 20.317049806279741 -101.24025808635511 -107.8479348672403 -6.6207518743089411 169.95372377395631 108.49888523868893 32.154991759894031 60.996551158864008 48.4060278227835 2.5027737250033115 -15.583826658460829 -126.89326066516695 -29.355864375570548 -59.112012830553319 16.41853950582232 -54.124725235833061 18.596851299655054 -140.24125145806207 -11.970808591998992 -26.381835831042004 -71.624144385488407 -89.063566278431523
leaf_weight=861 240 71 123 141 771 661 69 52 457 38 74 121 20 23 159 93 33 97 81 42 92 253 175 126 31 27 61 1249 190 73
leaf_count=861 240 71 123 141 771 661 69 52 457 38 74 121 20 23 159 93 33 97 81 42 92 253 175 126 31 27 61 1249 190 73
internal_value=6.47802e-08 37.9178 46.2326 49.3574 51.7776 42.9862 -30.1334 9.9077 12.9734 -31.5164 -30.7518 26.9828 36.828 24.5424 52.1485 80.281 -35.0754 -51.2683 -40.3933 -54.8409 -70.2024 -31.6103 -14.1813 -38.8587 -54.5094 -69.3218 -35.5077 -31.5265 -57.1267 -55.772
internal_weight=6504 2880 2160 2037 1966 1195 3624 121 720 3503 3465 534 413 480 272 113 2604 459 385 288 207 2145 392 217 184 153 1753 1500 251 165
internal_count=6504 2880 2160 2037 1966 1195 3624 121 720 3503 3465 534 413 480 272 113 2604 459 385 288 207 2145 392 217 184 153 1753 1500 251 165
cat_boundaries=0 1 2 3 4 5
cat_threshold=1 1 1 1 2
is_linear=0
shrinkage=0.05


Tree=29
num_leaves=31
num_cat=6
split_feature=9 0 9 1 5 1 9 3 3 3 4 8 1 6 1 1 3 5 7 8 9 6 9 7 9 9 3 2 3 1
split_gain=2.68274e+09 2.16115e+08 1.84086e+08 1.4271e+08 1.24192e+08 9.69417e+07 1.23975e+08 1.41059e+08 1.19632e+08 1.00368e+08 8.83516e+07 7.86795e+07 7.24522e+07 7.55631e+07 7.08164e+07 8.26813e+07 6.76406e+07 8.14889e+07 6.42525e+07 5.0056e+07 1.04087e+08 9.57489e+07 6.90397e+07 6.33948e+07 5.82207e+07 8.51779e+07 5.77985e+07 6.43787e+07 5.68156e+07 5.44512e+07
threshold=5.5000000000000009 50626.154350000303 7.5000000000000009 20430.054166666669 -0.70710678118654757 21734.8125 8.5000000000000018 24610.785403644 24195.693601173767 21200.688648230451 -0.60355339059327362 0 20227.841666666671 1 20193.854166666672 20102.408333333336 28808.489832484327 -0.5 2 3 4.5000000000000009 4 2.5000000000000004 5 2.5000000000000004 3.5000000000000004 24195.693601173767 40868.395504912864 19453.160321201904 19146.212500000005
decision_type=2 2 2 2 2 2 2 2 2 2 2 1 2 1 2 2 2 2 1 1 2 1 2 1 2 2 2 2 2 2
left_child=12 -2 4 -4 -3 6 7 -5 -7 -8 -6 -10 14 -14 15 16 17 -1 -19 20 21 22 -20 24 26 -26 27 -21 -24 -22
right_child=1 2 3 5 10 8 9 -9 11 -11 -12 -13 13 -15 -16 -17 -18 18 19 23 29 -23 28 -25 25 -27 -28 -29 -30 -31
leaf_value=-17.872139071055237 -13.982012749429959 -0.67817183315374296 109.93262150988861 104.43721512688531 15.283323088345464 49.48364177387991 23.984383058340054 44.040484103339061 5.7547063574378878 67.72223403892427 45.732114258573631 -92.802488058584714 -60.964102304392853 31.596184929557467 -94.475287006014867 28.063158330609724 -74.243002265481394 -55.140856134413212 -18.82315007043541 -81.608792842518199 32.148957351337785 54.125419640541082 -8.7202446021390774 -102.85428017139435 -83.460121282935148 -34.112676546711853 -52.844192804609037 10.225031917956141 -52.280701706515757 -24.766861478020164
leaf_weight=1090 201 314 102 216 365 157 344 175 81 212 686 27 29 92 42 62 85 324 436 22 110 32 89 40 128 276 84 144 471 68
leaf_count=1090 201 314 102 216 365 157 344 175 81 212 686 27 29 92 42 62 85 324 436 22 110 32 89 40 128 276 84 144 471 68
internal_value=2.27726e-08 36.0219 39.7736 53.1323 26.9141 48.352 55.8324 77.4054 21.6204 40.6614 35.1576 -18.8846 -28.6267 9.41231 -29.9406 -29.1575 -30.2012 -29.0716 -34.5605 -31.0511 -24.8947 -31.007 -33.7422 -41.7494 -38.0121 -49.7475 -19.0476 -1.94572 -45.3577 10.4058
internal_weight=6504 2880 2679 1314 1365 1212 947 391 265 556 1051 108 3624 121 3503 3461 3399 3314 2224 1900 1206 1028 996 694 654 404 250 166 560 178
internal_count=6504 2880 2679 1314 1365 1212 947 391 265 556 1051 108 3624 121 3503 3461 3399 3314 2224 1900 1206 1028 996 694 654 404 250 166 560 178
cat_boundaries=0 1 2 3 4 5 6
cat_threshold=4 4 1 4 4 4
is_linear=0
shrinkage=0.05


Tree=30
num_leaves=31
num_cat=5
split_feature=9 9 3 10 5 1 1 3 5 3 9 1 3 3 9 1 0 2 1 7 1 6 1 4 7 8 9 9 1 6
split_gain=2.42117e+09 2.02803e+08 1.21299e+08 1.19386e+08 8.97312e+07 7.41247e+07 7.20316e+07 6.54423e+07 6.80516e+07 6.69473e+07 7.89406e+07 1.22282e+08 7.72689e+07 8.12086e+07 7.05579e+07 6.33458e+07 8.90276e+07 6.36753e+07 6.10626e+07 7.51425e+07 5.85442e+07 1.00524e+08 8.24004e+07 6.16025e+07 6.04701e+07 5.72274e+07 6.85091e+07 1.39598e+08 1.14793e+08 8.86472e+07
threshold=5.5000000000000009 6.5000000000000009 28322.859494397697 1.0000000180025095e-35 -0.9159756150367534 20271.762500000001 20137.350000000002 30119.15146456115 -0.70710678118654757 19892.69927881255 2.5000000000000004 19217.645833333339 11664.542168402599 7921.4074209296814 1.5000000000000002 20859.675000000007 74742.644685316773 32911.768865474369 19170.850000000002 0 17504.437500000004 1 17406.837500000005 -0.78656609248549303 2 3 2.5000000000000004 3.5000000000000004 19013.812500000004 4
decision_type=2 2 2 2 2 2 2 2 2 2 2 2 2 2 2 2 2 2 2 1 2 1 2 2 1 1 2 2 2 1
left_child=7 6 3 4 -3 -6 18 8 9 12 14 -12 13 -1 -11 17 -17 -7 19 -2 21 -10 -23 -24 -25 -22 29 -28 -29 -27
right_child=1 2 -4 -5 5 15 -8 -9 20 10 11 -13 -14 -15 -16 16 -18 -19 -20 -21 25 22 23 24 -26 26 27 28 -30 -31
leaf_value=12.367173207772744 -1.5912115019720954 18.457623804661264 3.0522277181563169 -17.70359246465895 79.902023310736183 -16.45923536820845 25.625203552010095 -92.466095663371846 -100.10129488609932 -37.560936378851174 -38.044813516310285 -162.13055845407339 8.6846487370063006 -53.247131768740147 24.491201740095061 66.033445539941766 31.725104975789677 40.227163891228507 -20.957679565854974 92.219624252319349 -45.916863892446806 3.3869764504973427 -12.928208008518926 -117.92465766100656 -50.726238068089344 25.886099379192032 -64.792689216574843 2.3875983698575061 -34.98006001082387 -19.787812965088509
leaf_weight=74 74 228 184 72 207 55 394 38 74 123 84 26 381 130 73 648 267 499 222 30 343 97 81 42 165 129 245 311 606 602
leaf_count=74 74 228 184 72 207 55 394 38 74 123 84 26 381 130 73 648 267 499 222 30 343 97 81 42 165 129 245 311 606 602
internal_value=4.79101e-08 34.2208 41.8812 45.4968 47.8868 51.8903 11.2397 -27.1953 -26.5037 -14.5246 -33.4748 -67.3742 -4.61215 -29.4459 -14.4497 47.9431 56.0222 34.5995 -6.14652 25.4696 -30.4641 -46.7294 -36.4709 -49.8953 -64.3607 -27.1252 -23.7203 -31.2647 -22.3068 -11.7277
internal_weight=6504 2880 2160 1976 1904 1676 720 3624 3586 891 306 110 585 204 196 1469 915 554 326 104 2695 459 385 288 207 2236 1893 1162 917 731
internal_count=6504 2880 2160 1976 1904 1676 720 3624 3586 891 306 110 585 204 196 1469 915 554 326 104 2695 459 385 288 207 2236 1893 1162 917 731
cat_boundaries=0 1 2 3 4 5
cat_threshold=4 1 1 1 1
is_linear=0
shrinkage=0.05


Tree=31
num_leaves=31
num_cat=3
split_feature=9 1 2 4 5 6 1 1 9 1 1 7 1 1 1 3 10 9 1 9 3 3 4 0 5 8 1 1 3 1
split_gain=2.18511e+09 1.83131e+08 1.5447e+08 1.72447e+08 1.39404e+08 7.46024e+07 7.306e+07 6.99627e+07 6.72224e+07 1.13098e+08 6.32674e+07 7.0218e+07 6.33257e+07 7.4439e+07 5.89351e+07 5.82015e+07 6.10107e+07 6.42954e+07 1.27501e+08 1.41101e+08 1.24646e+08 1.0039e+08 9.67272e+07 9.66352e+07 8.49061e+07 6.47329e+07 1.17893e+08 6.6332e+07 5.85337e+07 7.36707e+07
threshold=5.5000000000000009 19230.145833333332 33598.988840666665 0.37940952255126054 0.1294095225512602 0 19178.175000000007 21192.020833333339 7.5000000000000009 21734.8125 20227.841666666671 1 20193.854166666672 20102.408333333336 20183.087500000005 7241.9248794303849 1.0000000180025095e-35 2.5000000000000004 19230.145833333332 4.5000000000000009 21874.847449542594 24030.331899106797 -0.37940952255126059 76084.43467113853 1.0000000180025095e-35 2 17502.866666666672 17515.808333333338 16777.896053797496 18315.529166666674
decision_type=2 2 2 2 2 1 2 2 2 2 2 1 2 2 2 2 2 2 2 2 2 2 2 2 2 1 2 2 2 2
left_child=10 6 7 4 8 -5 -2 -3 14 -10 12 -12 13 15 -4 -1 17 22 19 21 -20 24 -17 25 -19 26 -24 -28 29 -21
right_child=1 2 3 5 -6 -7 -8 -9 9 -11 11 -13 -14 -15 -16 16 -18 18 20 28 -22 -23 23 -25 -26 -27 27 -29 -30 -31
leaf_value=25.178154974717362 19.819164665161619 -8.1089424132570933 36.734367925780163 101.38237334334332 45.959014004020283 53.651293154865066 -33.215397392813841 66.539757394790655 43.424280869581139 -22.519362179825947 62.915896383145963 -17.557067303657533 -88.089565685817178 27.970824918439316 -11.017368452208384 -0.37144903006573898 -76.097410982572114 -17.286148523710949 -51.705455638125613 22.389164625604948 -179.8223831176758 -90.898110791799184 -86.537362670898446 -71.602592969359009 -43.914441122572413 -29.635577952901002 93.823326123145321 7.3630502994243914 15.601819626691473 -56.14977870892875
leaf_weight=52 126 245 84 92 744 743 134 36 314 82 41 80 42 62 280 471 65 586 374 48 20 74 26 114 612 532 31 78 237 79
leaf_count=52 126 245 84 92 744 743 134 36 314 82 41 80 42 62 280 471 65 586 374 48 20 74 26 114 612 532 31 78 237 79
internal_value=-1.24576e-07 32.5098 36.4816 40.6896 30.5738 58.9103 -7.51403 1.45459 15.5124 29.7693 -25.8356 9.71063 -27.0634 -26.3228 0.00226302 -27.3132 -28.1287 -27.1787 -32.6747 -26.5252 -58.2089 -34.3803 -18.2675 -29.0601 -30.8892 -21.789 9.13237 31.9527 0.924392 -26.4658
internal_weight=6504 2880 2620 2339 1504 835 260 281 760 396 3624 121 3503 3461 364 3399 3347 3282 2030 1636 394 1272 1252 781 1198 667 135 109 364 127
internal_count=6504 2880 2620 2339 1504 835 260 281 760 396 3624 121 3503 3461 364 3399 3347 3282 2030 1636 394 1272 1252 781 1198 667 135 109 364 127
cat_boundaries=0 1 2 3
cat_threshold=2 1 2
is_linear=0
shrinkage=0.05


Tree=32
num_leaves=31
num_cat=6
split_feature=9 9 3 10 5 1 1 1 1 6 3 1 7 3 5 1 7 3 9 7 1 9 1 3 10 7 6 1 1 1
split_gain=1.97206e+09 1.67449e+08 1.08732e+08 9.90752e+07 7.88025e+07 6.88638e+07 6.23951e+07 5.71377e+07 7.02316e+07 5.51907e+07 5.38993e+07 6.32832e+07 8.97471e+07 5.32549e+07 6.10896e+07 5.32005e+07 6.60655e+07 5.1524e+07 9.18836e+07 7.84069e+07 8.83325e+07 7.19294e+07 9.39694e+07 4.89091e+07 4.25865e+07 4.7905e+07 8.27959e+07 1.57333e+08 6.82075e+07 8.8564e+07
threshold=5.5000000000000009 6.5000000000000009 28950.578429239431 1.0000000180025095e-35 -0.9159756150367534 20271.762500000001 20545.345833333336 20230.716666666671 20593.920833333341 0 23389.702318315027 20137.350000000002 1 29523.157306080608 -0.70710678118654757 19170.850000000002 2 24249.103974701076 8.5000000000000018 3 21591.341666666671 7.5000000000000009 21834.804166666672 22272.336827037605 1.0000000180025095e-35 4 5 18157.095833333336 17504.437500000004 16609.01666666667
decision_type=2 2 2 2 2 2 2 2 2 1 2 2 1 2 2 2 1 2 2 1 2 2 2 2 2 1 1 2 2 2
left_child=7 6 3 4 -3 9 10 13 -9 -6 11 15 -13 14 -1 16 -2 18 21 23 -21 -7 -23 -20 25 -16 27 -27 29 -28
right_child=1 2 -4 -5 5 17 -8 8 -10 -11 -12 12 -14 -15 24 -17 -18 -19 19 20 -22 22 -24 -25 -26 26 28 -29 -30 -31
leaf_value=-13.299525394696843 -1.5184036463907322 15.804497410762261 -7.8074994211274431 -17.004919616381326 125.65250610351563 41.758406037929632 62.757320073934707 46.233966685879615 -32.559679720951962 60.754743895214567 -46.950444039238825 45.270578392661449 -13.448209593941769 -75.415523989695416 -44.421140837153871 -19.326184183842429 86.617686745325727 28.601530510069768 34.494243075674582 -22.153364345005581 65.161792602539066 99.971729452498835 45.103430525856169 77.701710055919179 -72.656690548084399 104.2602307175145 33.620233952614569 -70.808966137114027 -22.594754413229669 -55.003623367045854
leaf_weight=853 73 239 123 72 40 242 52 62 52 181 45 202 96 53 370 222 30 457 248 105 40 193 131 89 54 33 31 21 1784 311
leaf_count=853 73 239 123 72 40 242 52 62 52 181 45 202 96 53 370 222 30 457 248 105 40 193 131 89 54 33 31 21 1784 311
internal_value=-5.23424e-08 30.8843 37.845 40.6016 42.7124 46.4384 10.0021 -24.5438 10.293 72.5009 5.89541 9.71252 26.3545 -25.6753 -24.9127 -5.54685 24.1523 42.6112 48.7204 32.6772 1.93358 62.3827 77.7873 45.9051 -28.7168 -27.7863 -24.963 36.1778 -26.516 -46.9705
internal_weight=6504 2880 2160 2037 1965 1726 720 3624 114 221 668 623 298 3510 3457 325 103 1505 1048 482 145 566 324 337 2604 2550 2180 54 2126 342
internal_count=6504 2880 2160 2037 1965 1726 720 3624 114 221 668 623 298 3510 3457 325 103 1505 1048 482 145 566 324 337 2604 2550 2180 54 2126 342
cat_boundaries=0 1 2 3 4 5 6
cat_threshold=1 4 4 4 1 2
is_linear=0
shrinkage=0.05


Tree=33
num_leaves=31
num_cat=4
split_feature=9 3 9 1 5 1 8 9 3 3 1 3 2 3 5 3 3 6 7 9 1 9 9 3 7 1 4 0 3 1
split_gain=1.77978e+09 1.55079e+08 1.49608e+08 1.20176e+08 9.59037e+07 8.04915e+07 1.03892e+08 1.02441e+08 1.04758e+08 8.06005e+07 6.09317e+07 5.97577e+07 6.27978e+07 5.19898e+07 6.48152e+07 8.60023e+07 6.21502e+07 6.0344e+07 6.89179e+07 5.82925e+07 1.53819e+08 5.6765e+07 6.37343e+07 8.26621e+07 5.2789e+07 5.05791e+07 4.96441e+07 4.89116e+07 4.64371e+07 4.56759e+07
threshold=5.5000000000000009 12674.21517154202 7.5000000000000009 20430.054166666669 -0.70710678118654757 21734.8125 0 8.5000000000000018 24610.785403644 21696.931891842727 19230.145833333332 23040.061851194154 33598.988840666665 28808.489832484327 -0.37940952255126015 21990.817839191564 15811.683412652475 1 2 2.5000000000000004 19217.645833333339 2.5000000000000004 4.5000000000000009 20752.578564511579 3 19170.850000000002 -0.78656609248549303 72317.170030621215 18083.586750082086 19587.054166666672
decision_type=2 2 2 2 2 2 1 2 2 2 2 2 2 2 2 2 2 1 1 2 2 2 2 2 1 2 2 2 2 2
left_child=13 -2 4 -4 -3 7 -7 8 -5 -9 25 12 -12 14 15 16 17 -1 -19 29 -21 -16 24 -24 28 -6 -27 -8 -23 -17
right_child=1 2 3 5 10 6 27 9 -10 -11 11 -13 -14 -15 21 19 -18 18 -20 20 -22 22 23 -25 -26 26 -28 -29 -30 -31
leaf_value=-45.466597073218402 -26.062890305006803 -3.0932719405875151 95.881750742594406 89.172540313446973 33.942491166656083 -84.223418156305954 43.832643950577328 20.124824657251963 37.124206616265433 59.834154359584161 -11.622799057545869 17.964967475870932 49.589552521426633 -61.95917260141934 -17.536634583762723 6.3693464923690968 9.4538465223846249 -47.424686243393843 2.9414251932731044 -36.894111729222679 -190.8386484527588 32.58503149961814 -31.659663364291191 15.654327218363605 -46.788451852502391 -75.630544294159989 0.13081496435053208 -1.8840749187469485 -30.839104207356769 -39.532667671032812
leaf_weight=136 121 332 102 216 74 24 141 399 175 188 46 378 470 85 876 91 393 85 338 86 20 39 338 127 765 29 85 100 111 134
leaf_count=136 121 332 102 216 74 24 141 399 175 188 46 378 470 85 876 91 393 85 338 86 20 39 338 127 765 29 85 100 111 134
internal_value=-1.00869e-07 29.3401 31.7698 43.708 20.4143 39.4266 14.9835 46.0497 65.8773 32.8426 27.6273 33.0685 44.1326 -23.3166 -22.3885 -13.4158 -5.78255 -16.4944 -7.17942 -35.3699 -65.9403 -27.4913 -33.8104 -18.7373 -41.4705 1.75307 -19.1418 24.8631 -14.3488 -20.9679
internal_weight=6504 2880 2759 1345 1414 1243 265 978 391 587 1082 894 516 3624 3539 1283 952 559 423 331 106 2256 1380 465 915 188 114 241 150 225
internal_count=6504 2880 2759 1345 1414 1243 265 978 391 587 1082 894 516 3624 3539 1283 952 559 423 331 106 2256 1380 465 915 188 114 241 150 225
cat_boundaries=0 1 2 3 4
cat_threshold=1 1 2 2
is_linear=0
shrinkage=0.05


Tree=34
num_leaves=31
num_cat=5
split_feature=9 9 3 5 10 4 5 1 1 7 1 1 3 10 9 1 9 3 4 3 8 1 1 7 6 3 0 1 6 1
split_gain=1.60625e+09 1.40469e+08 9.55618e+07 8.37528e+07 8.45805e+07 7.18344e+07 5.54323e+07 5.42082e+07 5.03916e+07 5.96159e+07 5.64965e+07 6.54794e+07 4.97785e+07 5.03927e+07 5.49415e+07 1.14573e+08 1.18516e+08 1.03586e+08 8.59942e+07 8.57877e+07 8.42113e+07 1.04132e+08 7.21889e+07 7.87336e+07 1.92041e+08 8.74775e+07 7.1781e+07 6.03713e+07 5.75249e+07 5.87724e+07
threshold=5.5000000000000009 6.5000000000000009 29523.157306080608 1.0000000180025095e-35 1.0000000180025095e-35 0.25881904510252091 -0.5 20859.675000000007 20227.841666666671 0 20193.854166666672 20102.408333333336 7241.9248794303849 1.0000000180025095e-35 2.5000000000000004 19230.145833333332 4.5000000000000009 21874.847449542594 -0.37940952255126059 24030.331899106797 1 17502.866666666672 17315.757954545457 2 3 17531.87540002292 56592.441907333334 17515.808333333338 4 18516.758333333339
decision_type=2 2 2 2 2 2 2 2 2 1 2 2 2 2 2 2 2 2 2 2 1 2 2 1 1 2 2 2 1 2
left_child=8 6 3 4 5 -3 -2 -8 10 -10 11 12 -1 14 18 16 19 -17 -14 22 21 -20 -16 25 -25 -24 -26 -23 -28 -30
right_child=1 2 -4 -5 -6 -7 7 -9 9 -11 -12 -13 13 -15 15 17 -18 -19 20 -21 -22 27 23 24 26 -27 28 -29 29 -31
leaf_value=25.068734777890722 -10.873032794296742 17.252661394157542 -22.386508767141237 46.138822421352224 -49.185958088768857 44.344915868582717 14.787524949284823 93.456092137875771 58.597106794031653 -15.552129571437838 -80.888277199154814 28.37444696734029 1.7447796780339218 -67.825311079758862 47.498861905932429 -46.723664986896011 2.5391972741255397 -163.5169122314453 -79.30306935677163 -82.062730446055127 -32.810952935430102 91.082296149961408 -40.611009604089404 130.20140502929686 -10.250913613806537 -125.55556811063718 -31.833456509247902 8.5981526301457336 -109.22843168735504 -7.8126340675354005
leaf_weight=52 240 573 72 1052 36 427 457 23 41 80 42 62 471 65 32 374 364 20 26 74 646 31 136 20 405 39 496 78 50 20
leaf_count=52 240 573 72 1052 36 427 457 23 41 80 42 62 471 65 32 374 364 20 26 74 646 31 136 20 405 39 496 78 50 20
internal_value=-6.58836e-08 27.8731 34.2484 36.2013 26.1104 28.8211 8.74703 18.5571 -22.1508 9.57282 -23.2466 -22.5471 -23.4759 -24.2301 -23.3667 -28.4472 -22.6179 -52.6523 -15.1292 -29.8169 -25.3054 10.6098 -26.5897 -28.623 -23.1631 -59.5415 -26.322 32.0569 -37.8217 -80.2525
internal_weight=6504 2880 2160 2088 1036 1000 720 480 3624 121 3503 3461 3399 3347 3282 2030 1636 394 1252 1272 781 135 1198 1166 991 175 971 109 566 70
internal_count=6504 2880 2160 2088 1036 1000 720 480 3624 121 3503 3461 3399 3347 3282 2030 1636 394 1252 1272 781 135 1198 1166 991 175 971 109 566 70
cat_boundaries=0 1 2 3 4 5
cat_threshold=1 2 1 2 4
is_linear=0
shrinkage=0.05


Tree=35
num_leaves=31
num_cat=7
split_feature=9 3 9 1 5 1 9 8 3 7 1 4 0 3 9 3 5 7 1 1 1 1 3 6 8 1 6 1 3 7
split_gain=1.44964e+09 1.32697e+08 1.27858e+08 1.0828e+08 8.06793e+07 7.23597e+07 9.31502e+07 9.2613e+07 9.22061e+07 7.36268e+07 9.14778e+07 5.4357e+07 5.40737e+07 4.64478e+07 4.84308e+07 1.045e+08 8.3506e+07 6.17226e+07 7.39559e+07 6.17997e+07 1.57772e+08 1.00253e+08 9.63935e+07 6.41254e+07 5.61085e+07 5.9977e+07 4.77849e+07 6.11652e+07 7.50121e+07 6.57459e+07
threshold=5.5000000000000009 12674.21517154202 7.5000000000000009 20430.054166666669 -0.70710678118654757 21734.8125 8.5000000000000018 0 24610.785403644 1 20674.554166666672 -0.60355339059327362 60224.162688081407 30119.15146456115 2.5000000000000004 24030.331899106797 -0.12940952255126037 2 18531.924621212125 19577.379166666669 19598.654166666671 17504.437500000004 23105.948963543899 3 4 17513.783333333336 5 18188.416666666668 21518.415203754997 6
decision_type=2 2 2 2 2 2 2 1 2 1 2 2 2 2 2 2 2 1 2 2 2 2 2 1 1 2 1 2 2 1
left_child=13 -2 4 -4 -3 6 8 -7 -5 12 -11 -6 -8 14 17 16 26 18 -1 21 -21 23 -22 -19 -23 -26 -16 -28 29 -29
right_child=1 2 3 5 11 7 9 -9 -10 10 -12 -13 -14 -15 15 -17 -18 19 -20 20 22 24 -24 -25 25 -27 27 28 -30 -31
leaf_value=-63.753497036298121 -24.769746799508404 -3.3318073800708876 89.287549441468485 82.741174901966701 9.137949090428549 -81.143036238352465 18.239143163817271 21.851665411864822 33.910545278004236 -54.4433254975539 27.602911705873453 32.841057790514483 54.134164960693774 -76.031764050533909 -38.315445670214565 -75.523724144332263 -31.682504470135157 0.48425842285156251 -11.615333739663386 -69.340686523815819 17.875139090738582 -18.734232415850201 -25.726620103000741 -62.449733972549438 90.174859972000135 23.049224296483128 12.888612124028098 -48.737732600161905 -82.431106977462775 -2.5424837587799427
leaf_weight=120 121 332 102 216 365 24 175 241 175 52 98 717 262 38 143 98 1163 100 157 121 233 63 278 68 40 198 262 95 40 407
leaf_count=120 121 332 102 216 365 24 175 241 175 52 98 717 262 38 143 98 1163 100 157 121 233 63 278 68 40 198 262 95 40 407
internal_value=9.94213e-09 26.4794 28.727 39.7633 18.2293 35.6993 41.979 12.5238 60.886 29.3851 -0.839784 24.8451 39.7597 -21.0432 -20.4605 -25.0509 -22.7067 -13.1052 -34.2023 -7.79745 -18.0021 5.95379 -5.84558 -24.989 23.2242 34.3308 -11.6836 -6.94689 -16.5353 -11.2846
internal_weight=6504 2880 2759 1345 1414 1243 978 265 391 587 150 1082 437 3624 3586 2208 2110 1378 277 1101 632 469 511 168 301 238 947 804 542 502
internal_count=6504 2880 2759 1345 1414 1243 978 265 391 587 150 1082 437 3624 3586 2208 2110 1378 277 1101 632 469 511 168 301 238 947 804 542 502
cat_boundaries=0 1 2 3 4 5 6 7
cat_threshold=1 4 2 4 1 1 2
is_linear=0
shrinkage=0.05


Tree=36
num_leaves=31
num_cat=3
split_feature=9 1 5 4 0 2 4 1 6 3 5 3 7 1 2 1 9 9 9 4 9 2 1 2 4 0 3 6 9 4
split_gain=1.3083e+09 1.26209e+08 1.05826e+08 1.11711e+08 7.10248e+07 6.70021e+07 6.94934e+07 5.79247e+07 5.04593e+07 4.33596e+07 5.1641e+07 6.92482e+07 5.57732e+07 4.83097e+07 4.65311e+07 4.53434e+07 5.33617e+07 4.47746e+07 7.03868e+07 4.27111e+07 5.65486e+07 5.88306e+07 4.1923e+07 4.38086e+07 4.17294e+07 4.01898e+07 3.97931e+07 5.22497e+07 4.81348e+07 4.64935e+07
threshold=5.5000000000000009 19230.145833333332 1.0000000180025095e-35 0.25881904510252091 48446.704004154708 33917.209186916953 0.91597561503675362 19185.845833333336 0 28808.489832484327 -0.37940952255126015 22475.42227706252 1 20091.895833333336 43695.987368416674 18516.758333333339 2.5000000000000004 2.5000000000000004 4.5000000000000009 -0.37940952255126059 4.5000000000000009 35504.457727412933 19831.041666666668 30713.049575416673 -0.60355339059327362 62236.308236999997 15811.683412652475 2 2.5000000000000004 0.25881904510252091
decision_type=2 2 2 2 2 2 2 2 1 2 2 2 1 2 2 2 2 2 2 2 2 2 2 2 2 2 2 1 2 2
left_child=9 7 3 -3 -5 -4 -7 -2 -6 10 11 12 15 26 19 16 -1 -13 -19 -12 22 -22 23 -21 -16 -26 27 -14 29 -28
right_child=1 2 5 4 8 6 -8 -9 -10 -11 14 17 13 -15 24 -17 -18 18 -20 20 21 -23 -24 -25 25 -27 28 -29 -30 -31
leaf_value=-44.352289649418424 12.139003797531128 6.0390226611694224 2.0321761877640436 -17.136122738687614 85.201151729842366 36.82102824252626 70.076011924333471 -35.630040568004958 35.884262678534284 -55.280889867894793 -49.968169354535803 -19.605913338364598 -38.498430225030702 43.129752103744018 -6.8849235279338785 -56.002912469841966 35.350836690266924 -98.599871410513828 -8.0012602514690823 23.989400245403424 -25.052201436938663 22.823675860450383 20.800394978242764 -38.843721519911981 40.840378597804481 -29.874402410445676 64.031203773527437 -1.0779378896912846 -3.7474633207321171 -1.8785001373291017
leaf_weight=42 150 763 115 57 59 1011 186 110 429 85 227 209 134 62 571 87 42 53 36 29 165 105 34 639 21 465 66 307 200 45
leaf_count=42 150 763 115 57 59 1011 186 110 429 85 227 209 134 62 571 87 42 53 36 29 165 105 34 639 21 465 66 307 200 45
internal_value=-4.95137e-08 25.1554 28.4527 18.3886 35.6779 38.4862 41.9885 -8.07098 41.8468 -19.9911 -19.1435 -11.1344 -4.74513 0.708062 -23.6983 -30.7036 -4.50073 -32.2533 -61.9532 -30.4405 -25.88 -6.4338 -33.3593 -36.1159 -16.0504 -26.8188 -2.78947 -12.4483 10.9069 37.3111
internal_weight=6504 2880 2620 1308 545 1312 1197 260 488 3624 3539 1283 985 814 2256 171 84 298 89 1199 972 270 702 668 1057 486 752 441 311 111
internal_count=6504 2880 2620 1308 545 1312 1197 260 488 3624 3539 1283 985 814 2256 171 84 298 89 1199 972 270 702 668 1057 486 752 441 311 111
cat_boundaries=0 1 2 3
cat_threshold=2 2 1
is_linear=0
shrinkage=0.05


Tree=37
num_leaves=31
num_cat=5
split_feature=9 1 5 4 0 2 4 1 7 6 4 3 10 9 3 4 2 1 9 1 7 3 1 4 1 7 6 3 0 3
split_gain=1.18074e+09 1.13904e+08 9.55076e+07 1.00819e+08 6.44724e+07 6.04694e+07 6.27178e+07 5.28219e+07 4.67349e+07 4.11918e+07 4.11196e+07 4.044e+07 4.12551e+07 5.27405e+07 8.5603e+07 6.85963e+07 8.52672e+07 6.21354e+07 8.48447e+07 7.65674e+07 9.39481e+07 6.79122e+07 7.74466e+07 6.50889e+07 6.48417e+07 7.34084e+07 1.67136e+08 7.54224e+07 6.48131e+07 5.53498e+07
threshold=5.5000000000000009 19230.145833333332 1.0000000180025095e-35 0.25881904510252091 47480.638253416662 33917.209186916953 0.91597561503675362 19178.175000000007 0 1 -0.37940952255126059 7241.9248794303849 1.0000000180025095e-35 2.5000000000000004 24030.331899106797 -0.37940952255126059 50550.011112000015 19229.07916666667 4.5000000000000009 20040.262500000004 2 21391.274423540322 19236.020833333336 -0.37940952255126059 17315.757954545457 3 4 17531.87540002292 56592.441907333334 16777.896053797496
decision_type=2 2 2 2 2 2 2 2 1 1 2 2 2 2 2 2 2 2 2 2 1 2 2 2 2 1 1 2 2 2
left_child=11 7 3 -3 -5 -4 -7 8 -2 -6 -9 -1 13 15 17 -13 -17 18 24 21 -21 22 -19 -24 -15 27 -27 -26 -28 -20
right_child=1 2 5 4 9 6 -8 10 -10 -11 -12 12 -14 14 -16 16 -18 19 29 20 -22 -23 23 -25 25 26 28 -29 -30 -31
leaf_value=24.784401147182173 -5.1938837245453238 5.737071516551322 1.9305671297985576 -19.628559030271045 77.53127094238036 34.979976751636919 66.572210887170613 -65.421231943607339 60.224060153961183 33.949890172585015 -8.1518797057015568 3.4643025218435222 -59.098547234168421 47.429355049133306 -69.390293534921142 -9.7344543564279746 -44.910116728623052 -6.1235554409027104 -20.795323353865015 -81.535512305594793 7.3648624735952213 -120.24755406533518 -95.596335505232034 -39.519706444422411 -36.953441820425148 123.70144355773925 -6.7742134808808032 -115.82807724781526 -33.36151108754671 20.729486526863294
leaf_weight=52 86 763 115 51 62 1011 186 50 40 432 84 504 65 32 98 598 242 100 127 37 151 31 79 150 136 20 391 39 554 218
leaf_count=52 86 763 115 51 62 1011 186 50 40 432 84 504 65 32 98 598 242 100 127 37 151 31 79 150 136 20 391 39 554 218
internal_value=-1.43389e-08 23.8977 27.0301 17.4691 33.894 36.5619 39.889 -7.66743 15.5737 39.4196 -29.521 -18.9915 -19.6288 -18.8973 -23.7306 -11.1186 -19.8684 -21.5637 -16.3508 -35.9942 -10.1315 -49.5003 -42.8341 -58.8649 -22.7664 -24.7368 -19.3336 -54.5312 -22.3608 5.44354
internal_weight=6504 2880 2620 1308 545 1312 1197 260 126 494 134 3624 3572 3507 2163 1344 840 2065 1517 548 188 360 329 229 1172 1140 965 175 945 345
internal_count=6504 2880 2620 1308 545 1312 1197 260 126 494 134 3624 3572 3507 2163 1344 840 2065 1517 548 188 360 329 229 1172 1140 965 175 945 345
cat_boundaries=0 1 2 3 4 5
cat_threshold=4 2 2 1 2
is_linear=0
shrinkage=0.05


Tree=38
num_leaves=31
num_cat=2
split_feature=9 9 1 5 0 1 8 4 1 9 3 3 0 3 5 0 3 3 9 1 3 2 1 4 9 4 9 8 1 1
split_gain=1.06562e+09 1.05961e+08 1.06373e+08 8.74914e+07 6.45109e+07 7.73956e+07 8.43222e+07 6.08723e+07 5.16183e+07 5.01953e+07 7.58233e+07 5.21246e+07 4.37123e+07 3.79116e+07 3.80308e+07 6.00471e+07 5.01045e+07 4.77245e+07 3.99963e+07 3.69381e+07 4.17303e+07 5.91596e+07 3.71426e+07 3.80521e+07 3.53788e+07 7.14763e+07 6.34306e+07 9.45353e+07 7.69819e+07 6.57892e+07
threshold=5.5000000000000009 7.5000000000000009 20430.054166666669 -0.5 55143.83724058362 21734.8125 0 0.25881904510252091 21192.020833333339 8.5000000000000018 21819.315968695199 21696.931891842727 72317.170030621215 30454.997334259326 -0.9159756150367534 57679.833839401697 10867.40664542691 8399.1068652846079 2.5000000000000004 19230.145833333332 22925.486291134552 33598.988840666665 19178.175000000007 -0.60355339059327362 2.5000000000000004 -0.37940952255126059 4.5000000000000009 1 18568.144696969703 19237.950000000004
decision_type=2 2 2 2 2 2 1 2 2 2 2 2 2 2 2 2 2 2 2 2 2 2 2 2 2 2 2 1 2 2
left_child=13 3 -3 7 8 9 -7 -2 -4 10 -6 -11 -8 14 15 16 17 -1 -17 22 21 -21 -5 -24 25 -16 29 -28 -29 -26
right_child=1 2 4 19 5 6 12 -9 -10 11 -12 -13 -14 -15 24 18 -18 -19 -20 20 -22 -23 23 -25 26 -27 27 28 -30 -31
leaf_value=9.5470491443980823 -17.694123231348446 81.641747594347194 -9.2895867228507996 26.093250781674932 86.459526143308551 -80.050279394785562 37.289088461073966 18.782486302214242 58.40327967475443 16.079648390746954 38.824755360945218 49.996893205033977 -6.5365937502384188 -73.098609345959076 0.99174622356159259 -10.736754193204515 22.913532098251231 -61.722330828410833 -65.386795043945312 -16.269434326887133 13.240316504240036 42.383844616112206 -70.535741509331601 -0.075011779322768701 -28.267019160309538 -23.467857243194526 4.1432872849299498 -3.5754706998304893 -59.297119665817483 -97.774056483677455
leaf_weight=55 305 102 164 79 122 24 132 183 34 285 265 188 100 31 529 94 204 41 52 48 344 412 27 66 1246 686 399 110 142 35
leaf_count=55 305 102 164 79 122 24 132 183 34 285 265 188 100 31 529 94 204 41 52 48 344 412 27 66 1246 686 399 110 142 35
internal_value=-1.61276e-08 22.7028 32.4546 13.2707 28.6364 33.3029 9.16912 -4.01539 2.33444 40.4869 53.8414 29.5605 18.3987 -18.042 -17.5669 -3.90255 8.89611 -20.8909 -30.2012 21.9138 26.4128 36.2635 0.883436 -20.5314 -19.5035 -12.8184 -23.7076 -10.999 -34.9742 -30.1661
internal_weight=6504 2880 1416 1464 1314 1116 256 488 198 860 387 473 232 3624 3593 446 300 96 146 976 804 460 172 93 3147 1215 1932 651 252 1281
internal_count=6504 2880 1416 1464 1314 1116 256 488 198 860 387 473 232 3624 3593 446 300 96 146 976 804 460 172 93 3147 1215 1932 651 252 1281
cat_boundaries=0 1 2
cat_threshold=1 4
is_linear=0
shrinkage=0.05


Tree=39
num_leaves=31
num_cat=2
split_feature=9 3 9 1 3 5 1 9 3 1 7 3 5 1 4 3 1 1 1 7 1 1 3 2 10 9 1 3 9 1
split_gain=9.61724e+08 9.94648e+07 9.72258e+07 8.71189e+07 6.22565e+07 5.95575e+07 4.93428e+07 8.61115e+07 7.06072e+07 6.10562e+07 6.4359e+07 5.56352e+07 5.05034e+07 4.82759e+07 3.93935e+07 3.859e+07 3.59581e+07 5.88557e+07 3.84841e+07 5.53084e+07 5.19765e+07 3.70682e+07 3.67076e+07 3.58448e+07 3.54567e+07 3.58757e+07 8.90906e+07 9.8927e+07 8.53074e+07 1.5287e+08
threshold=5.5000000000000009 12674.21517154202 7.5000000000000009 20430.054166666669 30119.15146456115 -0.70710678118654757 21734.8125 8.5000000000000018 19780.655842890224 21546.808333333338 0 24195.693601173767 -0.12940952255126037 20674.554166666672 -0.60355339059327362 21600.004328367675 20230.716666666671 20593.920833333341 20193.854166666672 1 20102.408333333336 20137.350000000002 7241.9248794303849 41749.024014991148 1.0000000180025095e-35 2.5000000000000004 19229.07916666667 21874.847449542594 3.5000000000000004 17477.004166666669
decision_type=2 2 2 2 2 2 2 2 2 2 1 2 2 2 2 2 2 2 2 1 2 2 2 2 2 2 2 2 2 2
left_child=16 -2 5 -4 6 15 7 8 -5 10 23 -8 -13 -12 -7 -3 18 -18 20 -20 22 -22 -1 -9 25 -24 28 -28 29 -27
right_child=1 2 3 4 -6 14 11 9 -10 -11 13 12 -14 -15 -16 -17 17 -19 19 -21 21 -23 24 -25 -26 26 27 -29 -30 -31
leaf_value=23.444768567039418 -22.80257387591049 15.074945419291929 77.559660565619382 106.51197163718086 -58.011298656463623 6.6719981414651217 30.018434983074286 12.468404371614401 45.695814007008593 46.454559519516295 -54.32709502715332 -50.492654885186091 20.801603299120199 10.090239345666134 26.850539656180885 -19.268472278182227 43.397824518911307 -28.73273223730234 -112.0007296048678 -5.5587401016898781 56.625694503784182 -24.176896979592065 -11.508937922653299 50.695005320498822 -55.457939081925616 55.90093286669984 -36.938202624116798 -143.59609030018683 -6.3327418510520133 -35.500210941962479
leaf_weight=52 121 146 102 56 20 365 157 173 323 201 52 54 46 66 717 186 62 52 26 23 40 22 1252 95 65 49 397 23 872 689
leaf_count=52 121 146 102 56 20 365 157 173 323 201 52 54 46 66 717 186 62 52 26 23 40 22 1252 95 65 49 397 23 872 689
internal_value=-1.41442e-08 21.5676 23.5136 33.1374 29.4921 14.3594 30.9231 36.1033 54.6818 24.108 12.4715 11.452 -17.6973 -18.2971 20.0435 -4.16564 -17.1399 10.4962 -18.0374 -62.0382 -17.4145 27.9538 -18.242 26.0189 -18.8897 -18.1655 -22.2709 -42.779 -16.9209 -29.4316
internal_weight=6504 2880 2759 1345 1243 1414 1223 966 379 587 386 257 100 118 1082 332 3624 114 3510 49 3461 62 3399 268 3347 3282 2030 420 1610 738
internal_count=6504 2880 2759 1345 1243 1414 1223 966 379 587 386 257 100 118 1082 332 3624 114 3510 49 3461 62 3399 268 3347 3282 2030 420 1610 738
cat_boundaries=0 1 2
cat_threshold=4 2
is_linear=0
shrinkage=0.05


Tree=40
num_leaves=31
num_cat=7
split_feature=9 1 5 2 2 4 1 9 1 1 8 3 5 3 3 6 4 1 7 7 1 8 1 9 6 3 9 9 6 1
split_gain=8.67956e+08 9.26433e+07 7.75425e+07 7.26705e+07 7.87519e+07 4.6529e+07 4.59326e+07 5.32734e+07 4.53709e+07 4.48802e+07 3.83857e+07 3.53392e+07 4.25365e+07 5.78785e+07 4.88725e+07 4.50964e+07 4.34921e+07 4.28083e+07 4.25179e+07 3.90857e+07 8.97116e+07 3.75339e+07 4.30339e+07 7.1261e+07 6.77557e+07 3.69131e+07 3.56362e+07 4.75758e+07 4.61605e+07 5.20858e+07
threshold=5.5000000000000009 19230.145833333332 -0.9159756150367534 33598.988840666665 48617.926023457701 0.91597561503675362 21965.104166666668 7.5000000000000009 19185.845833333336 21192.020833333339 0 28808.489832484327 -0.37940952255126015 21990.817839191564 15811.683412652475 1 0.37940952255126054 17507.070833333339 2 3 19929.39166666667 4 20193.854166666672 4.5000000000000009 5 23336.472018454922 2.5000000000000004 3.5000000000000004 6 17502.866666666672
decision_type=2 2 2 2 2 2 2 2 2 2 1 2 2 2 2 1 2 2 1 1 2 1 2 2 1 2 2 2 1 2
left_child=11 8 -3 9 5 -5 7 -6 -2 -4 -8 12 13 14 15 17 -15 -1 -17 20 -14 22 23 24 25 -21 28 -28 29 -23
right_child=1 2 3 4 6 -7 10 -9 -10 -11 -12 -13 19 16 -16 18 -18 -19 -20 21 -22 26 -24 -25 -26 -27 27 -29 -30 -31
leaf_value=-75.769606930276623 9.9084646697044381 0.53616064847062483 -10.203601495815757 32.480535576975761 9.6976424364725755 56.239629914272918 -60.670622893742156 36.475771833602444 -32.368466729901051 61.218680099487301 4.8414998273591738 -48.14207228659707 -43.794896832461163 -13.122431333823139 11.524361105911606 -35.043920143351833 -51.264722041079871 -16.476617929670546 4.5162634819922358 -27.801072109615344 46.888948240280151 -54.976661069576565 -61.994552063360452 17.397329714298063 58.574089012146004 -8.1154531905546143 -62.200126948356626 -24.670201840986287 -30.91891947202156 23.781723545669418
leaf_weight=46 150 327 183 939 375 264 28 368 110 25 111 85 300 217 393 85 114 90 338 466 30 26 41 199 30 487 120 285 163 109
leaf_count=46 150 327 183 939 375 264 28 368 110 25 111 85 300 217 393 85 114 90 338 466 30 26 41 199 30 487 120 285 163 109
internal_value=-4.68565e-09 20.4893 23.3143 26.5626 29.374 37.6945 18.0253 22.9606 -7.97793 -1.61919 -8.35519 -16.2829 -15.5177 -8.2488 -1.98683 -11.4857 -26.2591 -36.5316 -3.43318 -19.6515 -35.5509 -16.9273 -11.6353 -9.88852 -15.4123 -17.7414 -26.1337 -35.7902 -13.01 8.61344
internal_weight=6504 2880 2620 2293 2085 1203 882 743 260 208 139 3624 3539 1283 952 559 331 136 423 2256 330 1926 1223 1182 983 953 703 405 298 135
internal_count=6504 2880 2620 2293 2085 1203 882 743 260 208 139 3624 3539 1283 952 559 331 136 423 2256 330 1926 1223 1182 983 953 703 405 298 135
cat_boundaries=0 1 2 3 4 5 6 7
cat_threshold=1 1 2 1 4 4 1
is_linear=0
shrinkage=0.05


Tree=41
num_leaves=31
num_cat=9
split_feature=9 9 1 3 1 6 1 3 8 7 10 5 1 6 6 8 1 1 8 1 3 1 5 3 7 3 6 1 1 1
split_gain=7.8333e+08 8.49343e+07 7.53744e+07 7.59069e+07 7.32825e+07 5.99593e+07 4.65821e+07 4.75662e+07 4.55627e+07 4.31074e+07 7.55607e+07 5.02069e+07 4.13422e+07 4.13665e+07 4.10586e+07 7.06696e+07 3.83266e+07 3.61845e+07 3.33655e+07 4.57017e+07 3.2521e+07 3.24448e+07 3.13306e+07 6.73144e+07 4.32656e+07 4.02181e+07 5.89883e+07 3.91292e+07 3.86345e+07 3.82775e+07
threshold=5.5000000000000009 6.5000000000000009 20389.929166666669 25176.043808424602 20859.675000000007 0 20545.345833333336 23389.702318315027 1 2 1.0000000180025095e-35 -0.78656609248549325 21834.804166666672 3 4 5 20137.350000000002 22008.383333333335 6 20200.775000000005 30454.997334259326 19984.237500000003 -0.37940952255126015 22475.42227706252 7 15811.683412652475 8 16609.01666666667 17507.070833333339 17504.437500000004
decision_type=2 2 2 2 2 1 2 2 1 1 2 2 2 1 1 1 2 2 1 2 2 2 2 2 1 2 1 2 2 2
left_child=20 6 5 4 9 -3 7 14 17 11 -11 -4 13 -6 15 21 -16 -5 19 -18 22 -2 23 24 -1 26 28 -24 -26 -29
right_child=1 2 3 8 12 -7 -8 -9 -10 10 -12 -13 -14 -15 16 -17 18 -19 -20 -21 -22 -23 27 -25 25 -27 -28 29 -30 -31
leaf_value=-25.151519327414665 28.420458292961122 99.585290511449188 -74.401958824157717 -9.9686541153212733 73.723870054591785 38.124240737815093 50.175251067257847 -48.600020917256671 10.947945255609104 26.027874629742264 -65.010092655817672 3.9017208227014124 22.765584763947068 38.523907089819112 -2.6905050285690502 -97.31069186528525 54.498334834886634 -86.394617280505955 51.468420335723138 -4.397693666301925 -66.461127730338816 -25.269906142178705 42.381661503131575 -28.007516829795463 -71.98112686820653 15.637220947952834 4.2904502288829649 -34.347458934047253 -15.652786950005428 -16.469474358254459
leaf_weight=171 48 48 25 59 110 229 52 45 446 453 24 113 286 346 239 24 46 21 82 116 31 68 26 343 46 340 338 356 90 1883
leaf_count=171 48 48 25 59 110 229 52 45 446 453 24 113 286 346 239 24 46 21 82 116 31 68 26 343 46 340 338 356 90 1883
internal_value=2.53526e-08 19.4648 24.4222 20.8398 27.09 48.7745 4.59258 1.04422 4.71549 14.3272 21.4473 -10.2837 37.6683 47.0151 4.63008 -19.2116 11.5407 -30.0305 25.4803 12.3259 -15.4687 -3.0532 -15.0288 -8.93113 -2.28829 2.51467 -6.89812 -18.6039 -34.705 -19.3121
internal_weight=6504 2880 2160 1883 1357 277 720 668 526 615 477 138 742 456 623 140 483 80 244 162 3624 116 3593 1328 985 814 474 2265 136 2239
internal_count=6504 2880 2160 1883 1357 277 720 668 526 615 477 138 742 456 623 140 483 80 244 162 3624 116 3593 1328 985 814 474 2265 136 2239
cat_boundaries=0 1 2 3 4 5 6 7 8 9
cat_threshold=1 1 2 2 2 4 4 2 1
is_linear=0
shrinkage=0.05


Tree=42
num_leaves=31
num_cat=7
split_feature=9 5 4 0 0 9 4 6 6 7 1 1 1 3 10 9 3 4 8 1 1 9 3 1 7 6 3 0 8 1
split_gain=7.06955e+08 7.95707e+07 9.30072e+07 4.93808e+07 4.86196e+07 4.76851e+07 4.6217e+07 4.05802e+07 3.55184e+07 3.27406e+07 4.25276e+07 3.00744e+07 5.26855e+07 3.04793e+07 3.28282e+07 3.36959e+07 7.03608e+07 6.06274e+07 6.1669e+07 7.6018e+07 5.64874e+07 6.47147e+07 5.85318e+07 5.71067e+07 6.81022e+07 1.47651e+08 5.91613e+07 5.52307e+07 5.33355e+07 5.0394e+07
threshold=5.5000000000000009 1.0000000180025095e-35 0.25881904510252091 47480.638253416662 55143.83724058362 6.5000000000000009 0.91597561503675362 0 1 2 20389.929166666669 20233.275000000005 20593.920833333341 7921.4074209296814 1.0000000180025095e-35 2.5000000000000004 24435.916845204199 -0.37940952255126059 3 17502.866666666672 19229.07916666667 4.5000000000000009 21391.274423540322 17315.757954545457 4 5 17531.87540002292 56592.441907333334 6 17515.808333333338
decision_type=2 2 2 2 2 2 2 1 1 1 2 2 2 2 2 2 2 2 1 2 2 2 2 2 1 1 2 2 1 2
left_child=11 2 5 -4 -3 -2 8 -5 -6 -7 -11 13 -13 -1 15 17 20 -15 19 -19 21 23 28 -17 26 -26 -25 -27 -22 -21
right_child=1 4 3 7 6 9 -8 -9 -10 10 -12 12 -14 14 -16 16 -18 18 -20 29 22 -23 -24 24 25 27 -28 -29 -30 -31
leaf_value=15.409306160303263 -21.192812688918341 2.9471128199690133 -16.662520652347141 67.167581170889051 50.558893340103559 36.86552330116173 53.056042093226779 25.028336271552085 22.846595771067133 38.488122544969833 -3.2127634387949238 44.372580845732443 -25.224312510857217 5.0682038274998407 -51.959501732814878 49.701442387898766 -70.59337406305167 -63.687513666886552 -24.022570143044916 85.387292400483162 -16.142429631983742 6.3073567240905906 -90.026175575256346 -33.269966648882772 119.26941635131837 -3.3281877249094252 -103.67583764149593 -27.684291246788554 -52.134524989772494 10.02662519185971
leaf_weight=78 210 186 63 65 132 77 190 472 932 70 483 57 52 474 63 30 65 26 646 31 338 341 40 127 20 387 39 584 148 78
leaf_count=78 210 186 63 65 132 77 190 472 932 70 483 57 52 474 63 30 65 26 646 31 338 341 40 127 20 387 39 584 148 78
internal_value=7.50213e-09 18.4916 10.1806 25.2159 26.8025 -0.558859 30.3409 30.129 26.2846 6.31913 2.06583 -14.6953 11.1704 -15.4974 -16.1988 -15.531 -19.3765 -9.03828 -17.5997 13.1349 -17.7557 -12.8907 -31.888 -18.4059 -20.1719 -15.2071 -49.8111 -17.977 -27.103 31.4595
internal_weight=6504 2880 1440 600 1440 840 1254 537 1064 630 553 3624 109 3515 3437 3374 2119 1255 781 135 2054 1528 526 1187 1157 991 166 971 486 109
internal_count=6504 2880 1440 600 1440 840 1254 537 1064 630 553 3624 109 3515 3437 3374 2119 1255 781 135 2054 1528 526 1187 1157 991 166 971 486 109
cat_boundaries=0 1 2 3 4 5 6 7
cat_threshold=2 1 1 2 1 2 4
is_linear=0
shrinkage=0.05


Tree=43
num_leaves=31
num_cat=5
split_feature=9 9 1 5 4 3 1 1 9 7 6 0 1 6 3 5 0 3 3 9 1 1 6 3 8 1 9 9 1 3
split_gain=6.38027e+08 7.42705e+07 7.77917e+07 6.32982e+07 4.91977e+07 4.90075e+07 5.18211e+07 7.26023e+07 6.86183e+07 5.45764e+07 6.96313e+07 4.94165e+07 4.61481e+07 4.40227e+07 2.89005e+07 2.90696e+07 4.79876e+07 4.28779e+07 3.73745e+07 3.56202e+07 2.8491e+07 3.78626e+07 9.90344e+07 7.23769e+07 5.61423e+07 6.7399e+07 5.31087e+07 9.1146e+07 8.59511e+07 5.99293e+07
threshold=5.5000000000000009 7.5000000000000009 20430.054166666669 -0.5 0.25881904510252091 30119.15146456115 21035.450000000004 21734.8125 8.5000000000000018 0 1 72317.170030621215 20669.650000000005 2 30454.997334259326 -0.9159756150367534 57679.833839401697 10867.40664542691 8399.1068652846079 2.5000000000000004 16609.01666666667 17504.437500000004 3 23970.271276843097 4 19223.979166666668 2.5000000000000004 3.5000000000000004 19013.812500000004 20085.986173698981
decision_type=2 2 2 2 2 2 2 2 2 1 1 2 2 1 2 2 2 2 2 2 2 2 1 2 1 2 2 2 2 2
left_child=14 3 -3 4 -2 6 8 13 -4 10 -10 -9 -11 -8 15 16 17 18 -1 -18 -17 22 -22 -24 25 -23 -26 29 -29 -28
right_child=1 2 5 -5 -6 -7 7 11 9 12 -12 -13 -14 -15 -16 20 19 -19 -20 -21 21 24 23 -25 26 -27 27 28 -30 -31
leaf_value=9.2228939689289433 -17.3300652791633 67.79455507304155 79.716003972833818 17.021902825829923 15.462596030313462 -55.20429515838623 70.594332482264591 27.457141381043655 -61.953319454193121 -59.380901919019983 27.420986282976369 -16.540946863315725 -1.0014461984319136 34.602254248436161 -62.030783917826994 25.181667223642037 -6.7404349773488157 22.809478840640949 -53.846717690258494 -58.314202939547023 -76.178443115748721 -9.848583742628243 -6.3598174673581278 -54.763786698147364 -0.47419342839745787 -51.002109677518781 -64.800156003025407 9.6603628239541681 -20.152513274352902 -18.365489718861824
leaf_weight=55 305 102 33 976 183 20 104 156 24 47 237 108 121 464 31 43 94 204 41 52 89 197 318 102 854 201 141 371 694 137
leaf_count=55 305 102 33 976 183 20 104 156 24 47 237 108 121 464 31 43 94 204 41 52 89 197 318 102 854 201 141 371 694 137
internal_value=4.49326e-09 17.567 25.7313 9.67033 -5.03282 22.4661 23.6666 31.1228 10.2391 4.89468 19.2027 9.45792 -17.3338 41.1924 -13.9605 -13.5458 -1.59924 9.84226 -17.7131 -25.1092 -15.2389 -15.7988 -28.2676 -18.1151 -13.3531 -30.6321 -10.2229 -16.422 -9.76699 -41.9169
internal_weight=6504 2880 1416 1464 488 1314 1294 832 462 429 261 264 168 568 3624 3593 446 300 96 146 3147 3104 509 420 2595 398 2197 1343 1065 278
internal_count=6504 2880 1416 1464 488 1314 1294 832 462 429 261 264 168 568 3624 3593 446 300 96 146 3147 3104 509 420 2595 398 2197 1343 1065 278
cat_boundaries=0 1 2 3 4 5
cat_threshold=4 2 2 1 1
is_linear=0
shrinkage=0.05


Tree=44
num_leaves=31
num_cat=4
split_feature=9 1 7 3 1 3 9 5 6 1 0 2 3 6 1 1 8 9 9 1 1 3 9 1 3 1 1 2 3 5
split_gain=5.75954e+08 1.03091e+08 8.83324e+07 6.49767e+07 5.87448e+07 5.1391e+07 4.62665e+07 3.99799e+07 3.97945e+07 3.73059e+07 4.31199e+07 3.48694e+07 3.38408e+07 5.1538e+07 3.16874e+07 2.8279e+07 5.11067e+07 5.95082e+07 5.61582e+07 9.46787e+07 7.27618e+07 6.42579e+07 4.28884e+07 5.42047e+07 3.97101e+07 3.6593e+07 4.24941e+07 4.16966e+07 5.20153e+07 3.33891e+07
threshold=6.5000000000000009 20102.408333333336 0 29523.157306080608 20271.762500000001 23156.784737210928 5.5000000000000009 -0.9159756150367534 1 20732.300000000007 74742.644685316773 35392.425405153088 20634.60150400101 2 20200.775000000005 19229.07916666667 3 5.5000000000000009 3.5000000000000004 19577.379166666669 19600.241666666669 21874.847449542594 4.5000000000000009 19185.845833333336 23749.951172220768 18537.133333333335 17315.757954545457 32032.548793833335 24082.656050551508 0.78656609248549303
decision_type=2 2 1 2 2 2 2 2 1 2 2 2 2 1 2 2 1 2 2 2 2 2 2 2 2 2 2 2 2 2
left_child=1 15 6 4 8 11 -3 -6 -2 -9 -11 -4 13 -13 -14 22 17 -17 19 -18 -21 -20 25 -24 -22 26 -1 -27 -29 -28
right_child=3 2 5 -5 7 -7 -8 9 -10 10 -12 12 14 -15 -16 16 18 -19 21 20 24 -23 23 -25 -26 27 29 28 -30 -31
leaf_value=4.1558144615246695 87.395265608248508 -60.928286743164065 0.70987251234836268 -25.599999934641854 0.058304069135907438 -31.018459947903949 -1.2045956081814237 12.700806850093002 35.958996743137398 35.763613217735433 13.677771605784635 5.7970776521323018 42.701954999336834 62.623131601434004 -7.6870668609937027 -52.120700442335 42.156818296717503 31.615355049073699 -25.375875558043429 -42.747772123843816 14.839504594273038 -113.32492759011009 7.1587378811613425 -31.235525466662807 -15.934653699920473 21.676142379591024 -19.497959392811431 -16.798287190644427 28.412872590104197 -43.391279883914528
leaf_weight=156 46 59 122 72 229 48 72 614 206 661 332 57 52 133 78 183 87 24 371 158 180 22 535 111 251 118 779 495 73 180
leaf_count=156 46 59 122 72 229 48 72 614 206 661 332 57 52 133 78 183 87 24 371 158 180 22 535 111 251 118 779 495 73 180
internal_value=2.71696e-08 -10.4919 8.36786 21.1004 22.7108 18.1182 -28.1031 19.6037 45.3482 22.389 28.3794 23.4544 32.1257 45.5753 12.4685 -13.6378 -19.6723 -42.4122 -15.269 -6.53105 -13.7226 -30.2992 -10.491 0.561581 -3.08234 -14.4554 -20.0458 -5.36914 -10.9877 -23.9826
internal_weight=6504 4344 621 2160 2088 490 131 1836 252 1607 993 442 320 190 130 3723 1276 207 1069 676 589 393 2447 646 431 1801 1115 686 568 959
internal_count=6504 4344 621 2160 2088 490 131 1836 252 1607 993 442 320 190 130 3723 1276 207 1069 676 589 393 2447 646 431 1801 1115 686 568 959
cat_boundaries=0 1 2 3 4
cat_threshold=2 1 2 1
is_linear=0
shrinkage=0.05


Tree=45
num_leaves=31
num_cat=8
split_feature=9 1 3 1 10 1 6 7 3 9 7 1 9 1 7 3 7 1 3 1 8 1 1 6 3 4 8 9 3 4
split_gain=5.19798e+08 9.67864e+07 5.98671e+07 4.98477e+07 3.50446e+07 3.59417e+07 3.42553e+07 3.20243e+07 3.16865e+07 4.2536e+07 5.12665e+07 6.47105e+07 4.22266e+07 5.80864e+07 3.8733e+07 3.0597e+07 3.05839e+07 5.38389e+07 6.52384e+07 5.91921e+07 6.41645e+07 1.16563e+08 1.23005e+08 5.82228e+07 4.69676e+07 6.86531e+07 4.56226e+07 5.52423e+07 8.10203e+07 1.01318e+08
threshold=6.5000000000000009 20225.416666666672 28322.859494397697 20271.762500000001 1.0000000180025095e-35 20702.375000000004 0 1 24249.103974701076 8.5000000000000018 2 21591.341666666671 7.5000000000000009 21834.804166666672 3 22272.336827037605 4 20102.408333333336 23389.702318315027 19217.645833333339 5 17504.437500000004 17523.445833333335 6 21157.603557165454 -0.60355339059327362 7 3.5000000000000004 20712.029149726561 -0.25881904510252113
decision_type=2 2 2 2 2 2 1 1 2 2 1 2 2 2 1 2 1 2 2 2 1 2 2 1 2 2 1 2 2 2
left_child=1 16 3 6 8 -6 -2 -3 9 12 15 -12 -5 14 -14 -11 17 19 -19 20 21 -1 -23 -24 -22 -26 -21 -28 -29 -30
right_child=2 7 -4 4 5 -7 -8 -9 -10 10 11 -13 13 -15 -16 -17 -18 18 -20 26 24 22 23 -25 25 -27 27 28 29 -31
leaf_value=-64.837990038674164 83.025502613316419 -6.8924381325884569 -7.2331754716518137 19.29824033758857 -53.956170260906219 17.137482864558699 34.811256060729157 30.614687138859946 10.581230878734013 17.742098742987924 -27.06772698620955 42.681912737307343 105.12304142997378 21.296352535040199 51.654678644554956 51.216486739576538 -18.260494734103535 22.060135312875115 -48.572635153720256 -39.027366167282374 15.674535497426987 77.945710871769847 -91.44665358861289 -9.7527283433092204 18.210587138993045 -18.04668113086738 -2.5545710469808496 -15.652513302442356 -33.932200860885473 -146.32082593194372
leaf_weight=111 46 82 184 264 32 40 185 186 497 293 120 46 42 147 175 89 1286 234 38 243 400 39 24 239 192 408 456 312 65 29
leaf_count=111 46 82 184 264 32 40 185 186 497 293 120 46 42 147 175 89 1286 234 38 243 400 39 24 239 192 408 456 312 65 29
internal_value=5.15052e-08 -9.96734 20.0454 22.5855 19.6961 -14.4597 44.4124 19.1386 21.1661 25.6394 15.4597 -7.73951 34.5223 45.564 62.0034 25.5411 -11.8811 -8.94059 12.1923 -11.2234 -4.44413 -21.0236 -4.91967 -17.2077 2.4032 -6.44436 -19.8923 -14.4981 -27.9125 -68.6053
internal_weight=6504 4344 2160 1976 1745 72 231 268 1673 1176 548 166 628 364 217 382 4076 2790 272 2518 1413 413 302 263 1000 600 1105 862 406 94
internal_count=6504 4344 2160 1976 1745 72 231 268 1673 1176 548 166 628 364 217 382 4076 2790 272 2518 1413 413 302 263 1000 600 1105 862 406 94
cat_boundaries=0 1 2 3 4 5 6 7 8
cat_threshold=1 2 4 1 4 2 2 1
is_linear=0
shrinkage=0.05


Tree=46
num_leaves=31
num_cat=5
split_feature=9 5 4 0 0 4 9 6 7 1 3 1 1 3 5 0 3 0 9 6 10 1 1 6 1 8 1 9 1 1
split_gain=4.72779e+08 6.51135e+07 7.59325e+07 3.74588e+07 3.65308e+07 4.03256e+07 3.51842e+07 3.31894e+07 2.78951e+07 3.25215e+07 2.6968e+07 3.09184e+07 5.22999e+07 2.67639e+07 3.11458e+07 3.03713e+07 3.63673e+07 3.27966e+07 3.1864e+07 2.61366e+07 2.54004e+07 3.47736e+07 4.74072e+07 8.98784e+07 4.86479e+07 5.79059e+07 5.28316e+07 5.27273e+07 6.34809e+07 9.162e+07
threshold=5.5000000000000009 1.0000000180025095e-35 0.25881904510252091 47480.638253416662 56337.463140666674 0.78656609248549325 6.5000000000000009 0 1 20389.929166666669 13589.341542425629 20593.920833333341 21192.020833333339 28808.489832484327 -0.9159756150367534 57679.833839401697 10867.40664542691 33189.640014666678 2.5000000000000004 2 1.0000000180025095e-35 17315.757954545457 17504.437500000004 3 18188.416666666668 4 18150.687500000004 2.5000000000000004 19577.379166666669 19596.858333333334
decision_type=2 2 2 2 2 2 2 1 1 2 2 2 2 2 2 2 2 2 2 1 2 2 2 1 2 1 2 2 2 2
left_child=13 2 6 -4 -3 19 -2 -5 -8 -10 -11 -12 -13 14 15 16 17 -1 -17 -6 21 -16 23 -23 26 -26 -24 28 -27 -30
right_child=1 4 3 7 5 -7 8 -9 9 10 11 12 -14 -15 20 18 -18 -19 -20 -21 -22 22 24 -25 25 27 -28 -29 29 -31
leaf_value=20.775227651470587 -19.824073102133617 5.7535167028885761 -15.285417196485731 58.964428094717178 43.718205335584742 44.684514355659488 32.003655223103316 20.855292764729111 31.732691372462682 -56.401889635125798 -33.981737488966722 27.50626136618601 -10.436094378951998 -39.743051732533125 16.537040613174437 0.016063765315122384 21.989374189108027 -38.985302102976839 -50.17832566261292 18.550239058762063 -44.534070286675103 -80.744909127099177 -5.0163362193830086 -18.636267126164793 -34.020949199292566 26.147538122585843 36.958383401153014 -17.548842011872175 -55.1802138155157 0.59355733896834895
leaf_weight=38 210 262 63 65 118 240 77 472 70 24 65 142 252 85 100 86 204 58 50 820 63 70 330 347 308 175 97 1074 88 451
leaf_count=38 210 262 63 65 118 240 77 472 70 24 65 142 252 85 100 86 204 58 50 820 63 70 330 347 308 175 97 1074 88 451
internal_value=2.97689e-08 15.1219 7.60379 21.189 22.64 26.3958 -2.09994 25.4681 3.8081 -0.11786 -4.73388 -2.03229 3.23856 -12.0174 -11.3515 1.16195 10.0471 -15.3301 -18.4378 21.7164 -13.1097 -12.4585 -13.4448 -29.0622 -10.8635 -13.9973 4.5189 -10.548 -0.0172903 -8.51236
internal_weight=6504 2880 1440 600 1440 1178 840 537 630 553 483 459 394 3624 3539 436 300 96 136 938 3103 3040 2940 417 2523 2096 427 1788 714 539
internal_count=6504 2880 1440 600 1440 1178 840 537 630 553 483 459 394 3624 3539 436 300 96 136 938 3103 3040 2940 417 2523 2096 427 1788 714 539
cat_boundaries=0 1 2 3 4 5
cat_threshold=2 1 1 1 1
is_linear=0
shrinkage=0.05


Tree=47
num_leaves=31
num_cat=6
split_feature=9 5 4 3 7 0 6 9 1 6 1 1 1 3 3 3 3 1 5 3 7 1 7 1 9 1 8 1 1 9
split_gain=4.26683e+08 6.1066e+07 4.81816e+07 4.33892e+07 4.5794e+07 4.21306e+07 3.18984e+07 3.53894e+07 3.77185e+07 2.9074e+07 3.91251e+07 2.72699e+07 2.65412e+07 2.49574e+07 3.20431e+07 2.43087e+07 2.37618e+07 2.35953e+07 2.30645e+07 5.30845e+07 3.74545e+07 7.14016e+07 3.11323e+07 3.13458e+07 2.73157e+07 2.72283e+07 3.24564e+07 4.30498e+07 4.0174e+07 5.99087e+07
threshold=5.5000000000000009 -0.9159756150367534 -0.37940952255126059 16544.084729035731 0 55143.83724058362 1 7.5000000000000009 21734.8125 2 21887.366666666672 20425.750000000004 21664.279166666671 21600.004328367675 12674.21517154202 30454.997334259326 28467.69557926006 21192.020833333339 -0.37940952255126015 24964.191812451598 3 19929.39166666667 4 20091.895833333336 2.5000000000000004 16609.01666666667 5 17495.937500000004 20137.350000000002 4.5000000000000009
decision_type=2 2 2 2 1 2 1 2 2 1 2 2 2 2 2 2 2 2 2 2 1 2 1 2 2 2 1 2 2 2
left_child=15 13 3 4 -3 17 11 -8 12 -7 -11 -5 -9 14 -2 18 -10 -4 19 22 21 -20 -1 -24 -21 -22 28 -28 29 -27
right_child=1 2 5 6 -6 9 7 8 16 10 -12 -13 -14 -15 -16 -17 -18 -19 20 24 25 -23 23 -25 -26 26 27 -29 -30 -31
leaf_value=-19.526382335594722 -31.782183151710328 -67.863340102301706 0.89179927318440222 73.302465184529623 5.4972348726712745 22.824181133833559 -0.6628932401602966 20.580782910018669 6.6797737886508308 52.528813802260984 9.4345342783860762 20.005028886596364 60.225386160247183 -18.9710202341988 18.061164218068914 -55.502923728573705 -54.252875971794133 57.364860305786138 -37.027744800170261 -20.466545015167107 39.374100978557884 43.874348538716639 -0.060483030180252285 36.755047385923326 -67.728146790169376 -10.415846330230622 -66.00670872513129 -17.371623443509197 -52.093904519081121 20.119747001181047
leaf_weight=196 41 36 246 36 52 899 458 305 48 204 71 72 49 168 151 31 24 20 300 176 26 30 857 62 37 983 49 637 48 192
leaf_count=196 41 36 246 36 52 899 458 305 48 204 71 72 49 168 151 31 24 20 300 176 26 30 857 62 37 983 49 637 48 192
internal_value=-1.17557e-08 14.3658 17.1177 9.13441 -24.5139 23.1051 12.1193 8.98545 19.3586 27.176 41.4027 37.7708 26.0683 -4.89713 7.41753 -11.4165 -13.6311 5.13789 -11.0362 -5.8044 -14.1036 -29.673 -1.43515 2.42326 -28.6763 -11.4484 -12.1406 -20.8456 -7.2578 -5.4262
internal_weight=6504 2880 2520 1080 88 1440 992 884 426 1174 275 108 354 360 192 3624 72 266 3593 1328 2265 330 1115 919 213 1935 1909 686 1223 1175
internal_count=6504 2880 2520 1080 88 1440 992 884 426 1174 275 108 354 360 192 3624 72 266 3593 1328 2265 330 1115 919 213 1935 1909 686 1223 1175
cat_boundaries=0 1 2 3 4 5 6
cat_threshold=4 1 4 1 2 4
is_linear=0
shrinkage=0.05


Tree=48
num_leaves=31
num_cat=13
split_feature=9 1 3 1 3 9 1 9 1 7 6 1 1 8 7 8 7 9 6 3 7 7 5 1 8 6 6 7 9 3
split_gain=3.88028e+08 7.86574e+07 5.11999e+07 4.64386e+07 3.04958e+07 5.15602e+07 4.56155e+07 3.78007e+07 5.03421e+07 3.59144e+07 4.87561e+07 4.27143e+07 3.39253e+07 3.39373e+07 3.35812e+07 2.98851e+07 2.80069e+07 2.76649e+07 2.71921e+07 2.69149e+07 2.66284e+07 2.60028e+07 5.49456e+07 3.85878e+07 3.81608e+07 5.79384e+07 5.31923e+07 5.5994e+07 5.22373e+07 4.38062e+07
threshold=6.5000000000000009 20225.416666666672 30119.15146456115 20271.762500000001 24249.103974701076 8.5000000000000018 21546.808333333338 7.5000000000000009 21834.804166666672 0 1 20669.650000000005 21965.104166666668 2 3 4 5 7.5000000000000009 6 17266.213343683274 7 8 -0.12940952255126037 18816.562500000004 9 10 11 12 2.5000000000000004 26134.314951007727
decision_type=2 2 2 2 2 2 2 2 2 1 1 2 2 1 1 1 1 2 1 2 1 1 2 2 1 1 1 1 2 2
left_child=1 21 3 15 5 7 9 19 14 10 -7 -11 -6 -14 -9 16 17 -2 -10 -5 -3 22 -1 -24 26 -26 -23 -28 -29 -27
right_child=2 20 -4 4 12 6 -8 8 18 11 -12 -13 13 -15 -16 -17 -18 -19 -20 -21 -22 24 23 -25 25 29 27 28 -30 -31
leaf_value=-2.5403434414208705 -7.0170022911495638 -6.1098562432498476 -40.991941633739991 61.246360890618689 12.972431068823619 -55.738143475850428 32.123499087421671 96.105197288876496 43.954144679705308 -57.16782123281601 18.743850542826291 -1.0022942093778249 0.06807055564153762 -54.553376652644232 46.319555431093491 61.134254890874672 56.204539304212034 44.844749110043054 0.20047333048677995 10.191723019062206 28.091723614097926 -6.9123003568249137 -53.292375940819312 -17.12336824916353 -59.310293985323781 -10.599852828364254 -19.609401933352153 -17.352147356669107 67.825175396601352 -49.355528181027147
leaf_weight=233 72 82 37 29 476 24 168 42 60 47 260 121 105 39 175 92 51 40 87 235 186 2136 146 149 72 1118 48 24 72 78
leaf_count=233 72 82 37 29 476 24 168 42 60 47 260 121 105 39 175 92 51 40 87 235 186 2136 146 149 72 1118 48 24 72 78
internal_value=-1.50005e-08 -8.61178 17.3193 18.3355 15.6033 20.1062 9.87785 30.2042 40.6512 1.60956 12.4496 -16.7153 6.53942 -14.7252 55.9555 38.3504 25.4908 11.5051 18.0591 15.8 17.6271 -10.337 -20.6893 -35.024 -8.79641 -15.7498 -4.92937 24.4841 46.5308 -13.1274
internal_weight=6504 4344 2160 2123 1868 1248 620 628 364 452 284 168 620 144 217 255 163 112 147 264 268 4076 528 295 3548 1268 2280 144 96 1196
internal_count=6504 4344 2160 2123 1868 1248 620 628 364 452 284 168 620 144 217 255 163 112 147 264 268 4076 528 295 3548 1268 2280 144 96 1196
cat_boundaries=0 1 2 3 4 5 6 7 8 9 10 11 12 13
cat_threshold=4 2 4 1 4 4 4 2 1 4 2 4 4
is_linear=0
shrinkage=0.05


Tree=49
num_leaves=31
num_cat=6
split_feature=9 5 4 4 0 1 1 3 10 9 3 4 2 1 8 1 9 1 7 6 3 1 7 1 3 1 9 6 1 6
split_gain=3.51588e+08 5.56324e+07 5.01789e+07 3.78131e+07 3.97838e+07 2.51955e+07 5.07239e+07 2.31255e+07 2.44057e+07 3.01085e+07 5.47881e+07 4.84149e+07 5.42973e+07 4.37743e+07 5.04392e+07 6.32595e+07 4.86504e+07 7.5375e+07 6.11016e+07 1.19412e+08 9.39338e+07 5.4103e+07 6.23794e+07 5.31607e+07 5.3066e+07 4.35502e+07 4.22534e+07 5.37543e+07 3.76991e+07 3.42941e+07
threshold=5.5000000000000009 -0.78656609248549325 0.25881904510252091 -0.60355339059327362 55143.83724058362 19237.950000000004 19178.175000000007 7241.9248794303849 1.0000000180025095e-35 2.5000000000000004 24435.916845204199 -0.37940952255126059 50550.011112000015 17315.757954545457 0 17491.069318181821 4.5000000000000009 19261.966666666671 1 2 19927.8236823562 20137.350000000002 3 18543.879166666669 17795.604694889968 19232.783333333336 3.5000000000000004 4 19831.041666666668 5
decision_type=2 2 2 2 2 2 2 2 2 2 2 2 2 2 1 2 2 2 1 1 2 2 1 2 2 2 2 1 2 1
left_child=7 2 -2 5 -5 6 -3 -1 9 11 13 -9 -13 -11 16 -16 17 18 24 20 -20 -18 -23 -22 -15 26 27 -17 29 -27
right_child=1 3 -4 4 -6 -7 -8 8 -10 10 -12 12 -14 14 15 25 21 -19 19 -21 23 22 -24 -25 -26 28 -28 -29 -30 -31
leaf_value=22.740319286286834 -12.312243333922494 21.093193803335492 17.203207649588588 3.0780154418552854 25.267855868009896 10.886054315925424 -61.152748788369678 7.8460572590515589 -41.203074936499966 45.498184233903885 -59.144070856387799 -3.669323897939861 -31.739199710680438 -27.243148656019429 -108.34478891546075 -5.7000558969451163 14.166592096399379 -99.923918640136719 12.809499808195852 114.51581115722657 -8.0720807350667805 -99.18516756693522 -0.79572476756816013 -41.635836115528676 -104.65680007934571 -100.21035457877225 -3.5970664230047493 -62.122715395346461 -22.928263593301541 -25.603743314743042
leaf_weight=52 360 38 240 243 1197 765 37 504 65 32 65 598 242 149 22 82 351 25 298 20 266 24 49 212 26 43 306 87 82 24
leaf_count=52 360 38 240 243 1197 765 37 504 65 32 65 598 242 149 22 82 351 25 298 20 266 24 49 212 26 43 306 87 82 24
internal_value=2.05578e-08 13.0405 -0.506063 16.6054 21.5233 8.17467 -19.4815 -10.3633 -10.8452 -10.2826 -13.9345 -4.4053 -11.7561 -12.5338 -13.4326 -25.0155 -8.16323 -14.2016 -11.9946 -6.1136 -9.2226 6.02132 -33.1429 -22.9581 -38.7446 -22.0776 -14.6795 -34.746 -45.6621 -73.4856
internal_weight=6504 2880 600 2280 1440 840 75 3624 3572 3507 2163 1344 840 2098 2066 646 1420 996 971 796 776 424 73 478 175 624 475 169 149 67
internal_count=6504 2880 600 2280 1440 840 75 3624 3572 3507 2163 1344 840 2098 2066 646 1420 996 971 796 776 424 73 478 175 624 475 169 149 67
cat_boundaries=0 1 2 3 4 5 6
cat_threshold=4 1 4 2 4 4
is_linear=0
shrinkage=0.05


Tree=50
num_leaves=31
num_cat=5
split_feature=9 1 3 1 6 1 7 1 1 3 1 1 6 3 9 9 3 1 1 3 1 1 5 6 8 9 9 9 1 1
split_gain=3.20051e+08 6.72944e+07 4.5774e+07 4.10196e+07 2.68985e+07 2.67753e+07 2.53123e+07 4.24e+07 3.71899e+07 5.72213e+07 5.31618e+07 6.17809e+07 9.39925e+07 1.05481e+08 8.82127e+07 7.49832e+07 5.51275e+07 5.13091e+07 3.47836e+07 5.29358e+07 3.46921e+07 5.21949e+07 4.59078e+07 4.08533e+07 3.3163e+07 4.05721e+07 3.34702e+07 7.23486e+07 5.52767e+07 3.48173e+07
threshold=6.5000000000000009 20225.416666666672 29523.157306080608 20271.762500000001 0 20444.575000000001 1 17406.837500000005 20102.408333333336 23389.702318315027 18913.854166666675 17504.437500000004 2 23970.271276843097 2.5000000000000004 3.5000000000000004 19655.842330553034 18516.758333333339 17679.104166666668 21874.847449542594 18552.162500000002 20183.087500000005 1.0000000180025095e-35 3 4 5.5000000000000009 3.5000000000000004 1.5000000000000002 19604.341666666671 19236.020833333336
decision_type=2 2 2 2 1 2 1 2 2 2 2 2 1 2 2 2 2 2 2 2 2 2 2 1 1 2 2 2 2 2
left_child=1 6 3 4 -2 -5 8 -8 10 -10 11 12 13 -1 16 17 -13 18 -16 -20 22 -22 23 -9 25 -12 27 28 -26 -28
right_child=2 -3 -4 5 -6 -7 7 20 9 -11 24 14 -14 -15 15 -17 -18 -19 19 -21 21 -23 -24 -25 26 -27 29 -29 -30 -31
leaf_value=21.873706954618847 70.566325490371042 16.448517657215916 -23.467638802155854 -3.0316215056257372 28.277848257949053 16.565934185526636 21.787947144573682 -39.130863733194317 20.063807967483488 -46.086744220633257 -36.856178713922041 118.28993637084962 -55.631073429777814 -40.385615169236424 -8.0666015338897719 14.116095529819455 29.586069227110411 -0.26722067967057228 -37.954608067759764 -127.20078926086427 -5.8414624768982897 -52.556020834951688 -43.346469470147809 1.2318670996304217 -29.926526535352071 31.214490037163099 -11.30454806413567 44.571007666195911 8.0885010383877098 -36.923982198990608
leaf_weight=181 46 268 72 195 206 1641 73 98 234 38 249 20 111 109 40 337 141 128 54 24 636 66 239 174 180 24 456 73 204 187
leaf_count=181 46 268 72 195 206 1641 73 98 234 38 249 20 111 109 40 337 141 128 54 24 636 66 239 174 180 24 456 73 204 187
internal_value=-4.36182e-08 -7.82117 15.7292 17.0809 35.9972 14.4845 -9.41692 -15.2206 -6.74183 10.8222 -8.63914 -0.683509 -16.5036 -1.52721 7.84318 -1.20431 40.6052 -22.192 -45.9748 -65.415 -17.4478 -10.2334 -27.3587 -13.3106 -15.2737 -30.8719 -11.4025 -1.05697 -9.73104 -18.7553
internal_weight=6504 4344 2160 2088 252 1836 4076 1286 2790 272 2518 1145 401 290 744 583 161 246 118 78 1213 702 511 272 1373 273 1100 457 384 643
internal_count=6504 4344 2160 2088 252 1836 4076 1286 2790 272 2518 1145 401 290 744 583 161 246 118 78 1213 702 511 272 1373 273 1100 457 384 643
cat_boundaries=0 1 2 3 4 5
cat_threshold=1 4 4 4 1
is_linear=0
shrinkage=0.05


Tree=51
num_leaves=31
num_cat=6
split_feature=9 1 3 1 5 3 5 9 0 7 2 9 0 3 8 6 6 7 9 9 1 3 1 7 1 3 3 9 1 3
split_gain=2.88846e+08 6.07332e+07 4.22742e+07 3.90515e+07 3.05772e+07 2.52058e+07 3.52072e+07 2.69808e+07 2.65496e+07 2.31045e+07 4.64613e+07 3.51405e+07 3.1611e+07 3.61745e+07 3.02021e+07 5.11483e+07 4.42351e+07 4.89055e+07 4.34404e+07 4.2967e+07 3.67394e+07 7.35859e+07 5.14913e+07 4.79922e+07 5.82859e+07 3.7824e+07 3.67156e+07 4.62454e+07 5.65046e+07 3.91352e+07
threshold=6.5000000000000009 20225.416666666672 30119.15146456115 19650.995833333338 -0.9159756150367534 21004.446763828495 -0.12940952255126037 5.5000000000000009 56909.096152439968 0 30521.891937416665 1.5000000000000002 60647.829716333341 20889.941653184174 1 2 3 4 2.5000000000000004 5.5000000000000009 17879.841666666671 25435.27784137856 19170.850000000002 5 17679.104166666668 23602.413946675308 26134.314951007727 2.5000000000000004 17491.069318181821 15811.683412652475
decision_type=2 2 2 2 2 2 2 2 2 1 2 2 2 2 1 1 1 1 2 2 2 2 2 1 2 2 2 2 2 2
left_child=1 9 3 -2 -5 8 -7 -8 -3 10 -1 12 -12 -14 16 -16 20 19 -19 -18 21 23 -22 24 25 -11 27 29 -29 -17
right_child=2 5 -4 4 -6 6 7 -9 -10 14 11 -13 13 -15 15 26 17 18 -20 -21 22 -23 -24 -25 -26 -27 -28 28 -30 -31
leaf_value=2.2711593833836643 82.13598168763248 6.3626182607425159 -38.042458477535767 -1.0209557219874115 17.419152373419546 -44.589805613623724 -19.236716470718385 61.004242498224443 43.751990860024677 26.698090968987881 -40.808840094672313 -37.203265412875588 69.558670918146774 -20.300529116675968 -54.608232915070325 -52.601434951782224 -65.744881963729867 -14.882864965995154 62.79204388724434 28.867210483551027 10.067020518262224 -92.462180072069174 -8.5058651140636883 -39.43448365030126 -79.732741128830696 -15.52810874132766 -44.382673036135166 -87.752599642826965 -12.822813423117564 12.615421837237147
leaf_weight=176 22 93 37 256 1845 36 20 22 97 117 27 280 24 21 72 25 24 24 72 24 539 32 1213 117 21 97 78 26 779 288
leaf_count=176 22 93 37 256 1845 36 20 22 97 117 27 280 24 21 72 25 24 24 72 24 539 32 1213 117 21 97 78 26 779 288
internal_value=2.22005e-10 -7.43011 14.9428 15.8662 15.1723 15.6261 -8.30608 22.7943 25.4509 -8.94607 -18.7044 -29.1922 1.96192 27.6244 -7.49387 -13.6798 -4.05363 22.7693 43.3733 -18.4388 -5.86192 -19.8687 -2.79195 -13.2692 -0.242287 7.55818 -11.2159 -8.90191 -15.2429 7.40641
internal_weight=6504 4344 2160 2123 2101 268 78 42 190 4076 528 352 72 45 3548 1268 2280 144 96 48 2136 384 1752 352 235 214 1196 1118 805 313
internal_count=6504 4344 2160 2123 2101 268 78 42 190 4076 528 352 72 45 3548 1268 2280 144 96 48 2136 384 1752 352 235 214 1196 1118 805 313
cat_boundaries=0 1 2 3 4 5 6
cat_threshold=1 4 2 4 4 4
is_linear=0
shrinkage=0.05


Tree=52
num_leaves=31
num_cat=8
split_feature=9 5 4 0 0 4 0 9 1 3 7 3 7 7 1 6 3 1 4 1 8 3 7 5 6 8 1 9 9 1
split_gain=2.6218e+08 4.90511e+07 5.50901e+07 2.86341e+07 2.59916e+07 3.1995e+07 2.55392e+07 2.42655e+07 3.58572e+07 3.20167e+07 2.82046e+07 2.23045e+07 2.17461e+07 2.13637e+07 3.43772e+07 2.10601e+07 2.04977e+07 2.0567e+07 3.07524e+07 2.73951e+07 7.31595e+07 5.25611e+07 4.54271e+07 4.88481e+07 4.86001e+07 3.71805e+07 6.20214e+07 4.2205e+07 6.83493e+07 7.02929e+07
threshold=5.5000000000000009 1.0000000180025095e-35 0.25881904510252091 46528.76739702504 56337.463140666674 0.91597561503675362 65208.15038002433 7.5000000000000009 21734.8125 15716.500938973839 0 24435.916845204199 1 2 20676.562500000004 3 30454.997334259326 17315.757954545457 0.78656609248549325 17502.866666666672 4 23970.271276843097 5 1.0000000180025095e-35 6 7 18548.237500000007 2.5000000000000004 3.5000000000000004 19013.812500000004
decision_type=2 2 2 2 2 2 2 2 2 2 1 2 1 1 2 1 2 2 2 2 1 2 1 2 1 1 2 2 2 2
left_child=16 2 7 -4 12 15 13 -2 9 -9 -11 -10 -3 14 -5 -6 17 18 -1 20 -19 22 23 -22 -24 26 -21 -27 -29 -30
right_child=1 4 3 6 5 -7 -8 8 11 10 -12 -13 -14 -15 -16 -17 -18 19 -20 25 21 -23 24 -25 -26 27 -28 28 29 -31
leaf_value=19.809436281013586 -11.887308892251736 20.343491380708713 -18.076498496749185 -48.02389546263786 36.520133357751185 41.019491649515487 8.6513441821651647 -22.789097550132059 5.0076622103199817 76.146165509223948 14.545049460562133 -49.641314961743916 -8.8080261078101909 36.824667520710477 35.386485691070554 14.813894276124509 -49.432463022970381 -64.520678127264674 -38.120884566647668 3.1944379146282493 6.2415876143319267 -43.582272227769046 2.736281148153334 -76.712450589074024 84.501624984741227 2.8914374203163007 -35.035456353656031 -30.347264150707499 11.461160476886137 -13.763283967926069
leaf_weight=126 427 111 55 21 128 170 265 55 33 20 262 43 151 229 30 880 31 79 28 169 35 97 199 36 20 974 285 336 427 782
leaf_count=126 427 111 55 21 128 170 265 55 33 20 262 43 151 229 30 880 31 79 28 169 35 97 199 36 20 974 285 336 427 782
internal_value=4.84281e-08 11.261 4.73574 16.3072 17.7863 20.9543 19.7772 -3.52962 5.11139 12.1078 18.9139 -25.9122 3.54243 30.3069 1.04103 17.5702 -8.94914 -8.59986 9.27665 -9.40038 -20.6722 -11.7212 -1.06428 -35.8196 10.2034 -7.63358 -20.8045 -5.25978 -10.3985 -4.8544
internal_weight=6504 2880 1440 600 1440 1178 545 840 413 337 282 76 262 280 51 1008 3624 3593 154 3439 466 387 290 71 219 2973 454 2519 1545 1209
internal_count=6504 2880 1440 600 1440 1178 545 840 413 337 282 76 262 280 51 1008 3624 3593 154 3439 466 387 290 71 219 2973 454 2519 1545 1209
cat_boundaries=0 1 2 3 4 5 6 7 8
cat_threshold=1 2 2 1 2 1 4 1
is_linear=0
shrinkage=0.05


Tree=53
num_leaves=31
num_cat=7
split_feature=9 1 1 3 8 7 8 1 6 10 1 1 9 3 7 1 3 3 7 1 1 3 1 1 6 3 9 9 3 1
split_gain=2.371e+08 5.31036e+07 3.91828e+07 3.98164e+07 3.19336e+07 3.08999e+07 2.47456e+07 2.29083e+07 2.53704e+07 2.489e+07 2.95956e+07 2.44255e+07 3.72499e+07 7.28073e+07 5.77699e+07 4.81803e+07 3.37936e+07 2.29178e+07 2.22071e+07 3.66816e+07 3.30403e+07 5.01052e+07 4.67947e+07 4.97546e+07 7.6014e+07 8.30604e+07 7.53548e+07 6.11017e+07 4.94562e+07 4.41553e+07
threshold=6.5000000000000009 20230.716666666671 20389.929166666669 28322.859494397697 0 1 2 20444.575000000001 3 1.0000000180025095e-35 20702.375000000004 21734.8125 8.5000000000000018 20262.118529259325 4 20669.650000000005 21696.931891842727 19093.019418906693 5 17406.837500000005 20102.408333333336 23389.702318315027 18913.854166666675 17504.437500000004 6 23970.271276843097 2.5000000000000004 3.5000000000000004 19655.842330553034 18516.758333333339
decision_type=2 2 2 2 1 1 1 2 1 2 2 2 2 2 1 2 2 2 1 2 2 2 2 2 1 2 2 2 2 2
left_child=1 18 4 7 5 -2 -3 8 -4 11 -11 12 13 -9 16 -16 17 -14 20 -20 22 -22 23 24 25 -1 28 29 -25 -28
right_child=2 6 3 -5 -6 -7 -8 9 -10 10 -12 -13 14 -15 15 -17 -18 -19 19 -21 21 -23 -24 26 -26 -27 27 -29 -30 -31
leaf_value=20.124091424731262 5.0834093257548325 -31.133029238382978 -55.89833165804545 -13.406616590936464 54.407151323060191 50.001510266390717 22.569203613536192 67.860480228442597 2.9039921240971007 -49.552274036407475 14.960348485708238 6.1511242786497951 25.175045646623126 20.621730013526218 -56.718564057857435 4.1017351528383648 39.210712537353423 -4.4041284417747555 21.023805155166208 -15.453515414029528 18.28934973026626 -43.238699280588257 -13.601042422591469 111.60009765625 -49.296511813327001 -35.123526705951868 -41.631019068572485 13.207071226499203 27.582816613650493 0.77063057515770206
leaf_weight=181 126 24 21 154 96 55 202 103 145 32 40 419 129 392 47 106 162 133 73 1233 256 38 1373 20 111 109 118 337 141 128
leaf_count=181 126 24 21 154 96 55 202 103 145 32 40 419 129 392 47 106 162 133 73 1233 256 38 1373 20 111 109 118 337 141 128
internal_value=-1.10412e-08 -6.73174 13.5383 10.9554 31.0963 18.7326 16.8663 13.1253 -4.53486 15.0009 -13.7119 16.3874 20.3884 30.4512 11.7556 -14.5816 21.2594 10.1597 -8.02682 -13.4146 -5.52454 10.3367 -7.37649 0.0875335 -14.1095 -0.641393 7.73944 -0.622704 38.0197 -19.5684
internal_weight=6504 4344 2160 1883 277 181 226 1729 166 1563 72 1491 1072 495 577 153 424 262 4118 1306 2812 294 2518 1145 401 290 744 583 161 246
internal_count=6504 4344 2160 1883 277 181 226 1729 166 1563 72 1491 1072 495 577 153 424 262 4118 1306 2812 294 2518 1145 401 290 744 583 161 246
cat_boundaries=0 1 2 3 4 5 6 7
cat_threshold=4 4 1 1 4 4 4
is_linear=0
shrinkage=0.05


Tree=54
num_leaves=31
num_cat=3
split_feature=9 5 4 0 0 1 3 6 1 3 3 4 1 3 5 0 9 3 9 1 8 9 3 1 10 5 8 1 5 1
split_gain=2.15655e+08 4.45312e+07 4.86828e+07 2.45535e+07 2.43523e+07 2.27301e+07 3.27175e+07 4.10859e+07 2.82892e+07 2.19287e+07 2.15329e+07 2.17695e+07 2.05691e+07 1.89976e+07 2.15507e+07 2.79142e+07 3.18569e+07 2.78355e+07 1.92555e+07 1.90834e+07 1.88704e+07 1.87996e+07 1.86991e+07 1.83862e+07 1.80022e+07 2.74248e+07 1.97588e+07 3.85067e+07 3.32385e+07 2.71735e+07
threshold=5.5000000000000009 1.0000000180025095e-35 0.25881904510252091 47480.638253416662 65208.15038002433 20710.675000000003 17414.858562918645 0 21734.8125 13589.341542425629 21600.004328367675 1.0000000180025095e-35 21664.279166666671 29523.157306080608 -0.9159756150367534 57679.833839401697 2.5000000000000004 15811.683412652475 4.5000000000000009 16609.01666666667 1 6.5000000000000009 19523.447470290575 18422.837500000005 1.0000000180025095e-35 0.1294095225512602 2 18548.237500000007 0.37940952255126048 17504.437500000004
decision_type=2 2 2 2 2 2 2 1 2 2 2 2 2 2 2 2 2 2 2 2 1 2 2 2 2 2 1 2 2 2
left_child=13 2 9 -4 -5 6 -3 -8 12 -2 20 -12 21 14 15 17 -17 18 -1 -16 -11 -7 -23 -18 26 -26 27 28 -21 -28
right_child=1 5 3 4 -6 8 7 -9 -10 10 11 -13 -14 -15 19 16 23 -19 -20 24 -22 22 -24 -25 25 -27 29 -29 -30 -31
leaf_value=12.330082874149085 -30.994311209285964 -15.060937601552821 -14.656795866148812 28.847700066513877 7.550623721221708 70.530124010358549 46.897995920290896 10.157756031600412 10.061884866044171 49.762514481177703 -4.1125157750171164 -37.328624716826845 50.925048623270207 -37.831857366381954 23.948185796515887 2.58516034971584 -19.250998379502978 38.641859029044568 -19.269448630490167 15.893758395801891 5.2047937021739248 47.470066062753858 14.829836193647253 -78.890306403239578 -78.099113217989611 -7.8538854656797472 -18.73438603173603 -31.740710956573487 -26.938373451728324 -5.0986523151563743
leaf_weight=160 68 106 63 272 265 21 87 607 244 26 414 56 103 53 43 88 28 71 69 110 276 55 217 24 24 33 440 250 77 2154
leaf_count=160 68 106 63 272 265 21 87 607 244 26 414 56 103 53 43 88 28 71 69 110 276 55 217 24 24 33 440 250 77 2154
internal_value=-3.06981e-08 10.2131 3.99574 14.8735 18.338 16.4305 10.8118 14.7635 23.4538 -3.77411 -1.37647 -8.07018 31.7054 -8.11637 -7.67534 2.68612 -15.7493 11.2893 2.80883 -9.13144 9.04089 24.949 21.4299 -46.7768 -9.59207 -37.4308 -9.06854 -18.9042 -1.743 -7.41158
internal_weight=6504 2880 1440 600 537 1440 800 694 640 840 772 470 396 3624 3571 440 140 300 229 3131 302 293 272 52 3088 57 3031 437 187 2594
internal_count=6504 2880 1440 600 537 1440 800 694 640 840 772 470 396 3624 3571 440 140 300 229 3131 302 293 272 52 3088 57 3031 437 187 2594
cat_boundaries=0 1 2 3
cat_threshold=1 1 1
is_linear=0
shrinkage=0.05


Tree=55
num_leaves=31
num_cat=12
split_feature=9 1 1 3 8 7 1 7 6 6 1 9 3 3 8 1 6 4 9 1 3 8 7 6 9 7 1 6 4 3
split_gain=1.96781e+08 4.57901e+07 3.55809e+07 3.53133e+07 2.78668e+07 2.76639e+07 2.57017e+07 2.30721e+07 2.21832e+07 2.15414e+07 2.08618e+07 3.89471e+07 7.01661e+07 5.62499e+07 2.89274e+07 2.67033e+07 3.1002e+07 2.57812e+07 2.57806e+07 2.44264e+07 2.373e+07 3.21991e+07 2.26439e+07 2.06473e+07 2.02628e+07 1.93535e+07 3.41338e+07 3.10348e+07 3.93584e+07 2.95513e+07
threshold=6.5000000000000009 20230.716666666671 20389.929166666669 30119.15146456115 0 1 20444.575000000001 2 3 4 21734.8125 8.5000000000000018 20262.118529259325 21696.931891842727 5 20665.012500000001 6 -0.70710678118654735 7.5000000000000009 21309.620833333338 24195.693601173767 7 8 9 7.5000000000000009 10 17406.837500000005 11 -0.60355339059327362 23602.413946675308
decision_type=2 2 2 2 1 1 2 1 1 1 2 2 2 2 1 2 1 2 2 2 2 1 1 1 2 1 2 1 2 2
left_child=1 25 4 6 5 24 9 -3 -9 -4 11 12 -8 14 -13 22 -17 -15 19 -14 23 -22 -16 -12 -2 27 -27 28 -1 -29
right_child=2 7 3 -5 -6 -7 10 8 -10 -11 20 13 18 17 15 16 -18 -19 -20 -21 21 -23 -24 -25 -26 26 -28 29 -30 -31
leaf_value=-95.013172844478063 -9.5773552724293296 -7.3481056941698686 -54.624496668861028 -42.204300040006643 50.841129509607953 47.101830791126602 63.186307733035783 9.7865656460032753 48.101106902431042 -0.82075971269900083 31.788421923160556 38.666938349095787 19.181271620457238 12.510231304168702 -10.167367345858842 33.885050474133408 -6.3511213620769542 49.740405744121922 25.439260225434012 -22.826935655153719 1.7934059667016218 -45.054679221295295 -69.734110076339149 2.4963410994864459 32.957105509440105 20.855825267425956 -14.331882197780283 -0.89857177118349341 -13.681383819206088 -12.445959098036035
leaf_weight=21 84 73 21 32 96 55 103 85 68 163 100 41 74 93 39 57 299 93 311 65 167 47 27 151 42 73 1233 1969 51 771
leaf_count=21 84 73 21 32 96 55 103 85 68 163 100 41 74 93 39 57 299 93 311 65 167 47 27 151 42 73 1233 1969 51 771
internal_value=-2.8462e-09 -6.13273 12.3336 9.87229 29.0652 17.5155 10.7726 15.7802 26.8153 -6.9614 12.73 16.209 25.9592 7.90103 -1.42881 -5.32437 0.091187 31.1253 17.4384 -0.462854 3.73703 -8.49566 -34.5356 14.1665 4.6008 -7.33533 -12.365 -4.99934 -37.4032 -4.14785
internal_weight=6504 4344 2160 1883 277 181 1851 226 153 184 1667 1202 553 649 463 422 356 186 450 139 465 214 66 251 126 4118 1306 2812 72 2740
internal_count=6504 4344 2160 1883 277 181 1851 226 153 184 1667 1202 553 649 463 422 356 186 450 139 465 214 66 251 126 4118 1306 2812 72 2740
cat_boundaries=0 1 2 3 4 5 6 7 8 9 10 11 12
cat_threshold=4 4 2 2 1 1 1 4 4 4 4 2
is_linear=0
shrinkage=0.05


Tree=56
num_leaves=31
num_cat=4
split_feature=9 5 4 4 2 6 1 5 1 3 0 9 3 3 3 10 9 4 0 3 1 8 1 7 1 9 6 1 3 3
split_gain=1.78561e+08 4.04254e+07 3.76577e+07 2.60159e+07 2.71342e+07 2.28854e+07 3.03398e+07 2.45343e+07 2.10122e+07 1.99049e+07 1.89282e+07 1.88958e+07 3.35203e+07 2.61424e+07 1.82888e+07 2.06925e+07 2.34614e+07 4.19894e+07 4.2266e+07 4.0952e+07 3.69314e+07 3.96273e+07 4.57214e+07 4.0367e+07 5.72809e+07 6.08982e+07 1.00226e+08 6.94893e+07 8.29504e+07 4.83172e+07
threshold=5.5000000000000009 -0.78656609248549325 0.25881904510252091 -0.78656609248549303 33785.58561383334 0 21916.975000000002 0.60355339059327384 20702.375000000004 16833.334503767339 57571.179766861518 7.5000000000000009 20789.29974032475 21200.688648230451 7921.4074209296814 1.0000000180025095e-35 2.5000000000000004 -0.37940952255126059 74961.338314712571 24610.785403644 17315.757954545457 1 17491.069318181821 2 20137.350000000002 4.5000000000000009 3 19261.966666666671 19927.8236823562 18441.082486465039
decision_type=2 2 2 2 2 1 2 2 2 2 2 2 2 2 2 2 2 2 2 2 2 1 2 1 2 2 1 2 2 2
left_child=14 2 -2 9 8 10 7 -7 -5 -3 -6 12 -12 -13 -1 16 17 -16 -19 20 -18 23 -23 29 25 26 27 28 -25 -22
right_child=1 3 -4 4 5 6 -8 -9 -10 -11 11 13 -14 -15 15 -17 19 18 -20 -21 21 22 -24 24 -26 -27 -28 -29 -30 -31
leaf_value=16.563738881624662 -12.481956255502171 -28.587704322603017 13.087166951199373 -12.036145620412761 -2.3932574434658966 54.113094651382589 0.5419571743383037 24.574059053390258 23.218038136561713 5.988168520841513 47.007419958821053 1.1357113163880628 5.2078029794848604 30.054961623946294 9.187889267953615 -36.311931773594452 45.588557244141896 -4.2026837807564963 -34.926104154443387 -51.729251059839285 -17.255074182298451 -91.460941384055403 -18.104461171516739 14.283826990735612 -54.648163616413967 20.25426711610093 104.2218137741089 -91.145348327636725 -19.260816037735093 -96.557693884486241
leaf_weight=78 360 45 240 143 148 113 77 186 60 555 54 99 429 371 504 63 30 707 133 59 225 22 616 298 49 291 20 25 483 21
leaf_count=78 360 45 240 143 148 113 77 186 60 555 54 99 429 371 504 63 30 707 133 59 225 22 616 298 49 291 20 25 483 21
internal_value=-1.58542e-10 9.29332 -2.25431 12.3322 15.524 17.8798 28.53 35.7376 -1.61619 3.39498 14.2427 16.8262 9.88105 23.9635 -7.38542 -7.91222 -7.39853 -2.22156 -9.06723 -10.6514 -9.4862 -10.2922 -20.634 -5.61931 -1.73616 0.58496 -6.34454 -9.08812 -6.46145 -24.0248
internal_weight=6504 2880 600 2280 1680 1477 376 299 203 600 1101 953 483 470 3624 3546 3483 1344 840 2139 2080 2050 638 1412 1166 1117 826 806 781 246
internal_count=6504 2880 600 2280 1680 1477 376 299 203 600 1101 953 483 470 3624 3546 3483 1344 840 2139 2080 2050 638 1412 1166 1117 826 806 781 246
cat_boundaries=0 1 2 3 4
cat_threshold=4 4 1 4
is_linear=0
shrinkage=0.05


Tree=57
num_leaves=31
num_cat=10
split_feature=9 1 1 3 6 7 6 1 6 10 1 1 9 7 7 1 3 3 8 3 9 3 7 6 4 1 1 9 7 3
split_gain=1.6162e+08 3.99894e+07 3.17612e+07 3.21327e+07 2.46709e+07 2.08395e+07 1.9264e+07 1.80569e+07 2.2164e+07 1.85388e+07 2.53285e+07 1.80443e+07 2.77133e+07 5.90954e+07 4.53902e+07 4.01818e+07 2.73149e+07 2.0905e+07 2.0514e+07 2.45411e+07 2.00577e+07 1.92796e+07 1.78985e+07 2.93288e+07 3.53514e+07 2.91208e+07 2.85143e+07 3.55551e+07 3.30601e+07 3.51135e+07
threshold=6.5000000000000009 20230.716666666671 20389.929166666669 28467.69557926006 0 1 2 20444.575000000001 3 1.0000000180025095e-35 20702.375000000004 21734.8125 8.5000000000000018 4 5 20669.650000000005 21696.931891842727 22475.42227706252 6 24082.656050551508 7.5000000000000009 19093.019418906693 7 8 -0.60355339059327362 17406.837500000005 18552.162500000002 3.5000000000000004 9 19599.110622425625
decision_type=2 2 2 2 1 1 1 2 1 2 2 2 2 1 1 2 2 2 1 2 2 2 1 1 2 2 2 2 1 2
left_child=1 22 4 7 -2 -3 -7 8 -4 11 -11 12 13 -9 16 -16 21 -15 -13 -20 -19 -14 23 24 -1 -24 27 -27 29 -29
right_child=2 5 3 -5 -6 6 -8 9 -10 10 -12 18 14 17 15 -17 -18 20 19 -21 -22 -23 25 -25 -26 26 -28 28 -30 -31
leaf_value=-90.534553763979957 59.578174352645874 -7.0607040224009996 -52.960334155673074 -13.845896161264845 20.153840382338615 9.5389212148329801 45.243558366509049 72.204457904497787 2.000677998970295 -45.553311705589294 14.127694412469864 11.897634480252172 21.785396591452667 33.412372989552779 -52.257698888474323 3.2851958049918117 34.131640176419857 -8.8253674593838785 3.0933914102259141 -44.490298432111743 20.147251277585184 -5.3445268519838951 19.16588504477723 -3.6075157788551557 -13.453995527005663 -30.714895435457365 -6.9385746827333596 75.241692701975509 -18.171387037938956 -10.287866401672364
leaf_weight=21 48 73 21 144 229 85 68 60 145 32 40 302 129 164 47 106 162 88 84 40 186 133 73 2740 51 365 722 24 98 24
leaf_count=21 48 73 21 144 229 85 68 60 145 32 40 302 129 164 47 106 162 88 84 40 186 133 73 2740 51 365 722 24 98 24
internal_value=2.5725e-08 -5.55788 11.1775 8.85206 26.9855 14.9201 25.4076 10.7316 -4.95222 12.3867 -12.3972 13.5756 17.0266 25.668 9.56835 -13.777 17.9925 19.2931 4.86694 -12.2562 10.8422 8.01334 -6.68173 -4.43527 -35.9358 -11.5187 -13.3354 -22.3735 -1.51989 32.4769
internal_weight=6504 4344 2160 1883 277 226 153 1739 166 1573 72 1501 1075 498 577 153 424 438 426 124 274 262 4118 2812 72 1306 1233 511 146 48
internal_count=6504 4344 2160 1883 277 226 153 1739 166 1573 72 1501 1075 498 577 153 424 438 426 124 274 262 4118 2812 72 1306 1233 511 146 48
cat_boundaries=0 1 2 3 4 5 6 7 8 9 10
cat_threshold=1 2 2 1 1 4 4 4 2 2
is_linear=0
shrinkage=0.05


Tree=58
num_leaves=31
num_cat=5
split_feature=9 5 4 9 7 1 3 3 7 4 0 3 1 3 10 5 9 4 8 1 1 3 1 1 4 7 1 1 7 1
split_gain=1.4772e+08 3.69799e+07 4.53361e+07 2.16268e+07 2.8277e+07 2.89531e+07 3.2023e+07 1.97657e+07 2.88315e+07 2.44001e+07 1.91181e+07 2.04452e+07 1.76923e+07 1.71054e+07 1.84793e+07 2.04841e+07 1.8807e+07 3.79155e+07 4.00972e+07 4.38068e+07 4.92678e+07 3.77055e+07 3.29836e+07 6.15225e+07 4.95875e+07 4.04442e+07 2.99589e+07 2.88028e+07 4.16749e+07 3.79365e+07
threshold=5.5000000000000009 -0.12940952255126037 0.25881904510252091 7.5000000000000009 0 21734.8125 14424.000396325237 16994.693249211672 1 0.91597561503675362 46528.76739702504 18378.004498391369 21192.020833333339 6588.6173625935926 1.0000000180025095e-35 0.37940952255126048 2.5000000000000004 -0.37940952255126059 2 17502.866666666672 17515.808333333338 24435.916845204199 19236.020833333336 19831.041666666668 -0.37940952255126059 3 19261.966666666671 20137.350000000002 4 20102.408333333336
decision_type=2 2 2 2 1 2 2 2 1 2 2 2 2 2 2 2 2 2 1 2 2 2 2 2 2 1 2 2 1 2
left_child=13 2 3 -2 -5 6 -6 8 -3 -9 -4 -12 -8 -1 16 -16 17 -15 19 -19 -21 22 -18 24 -24 26 -26 29 -29 -25
right_child=1 7 10 4 5 -7 12 9 -10 -11 11 -13 -14 14 15 -17 21 18 -20 20 -22 -23 23 27 25 -27 -28 28 -30 -31
leaf_value=33.692410454383264 -14.687875169442325 21.911337055762612 -15.651153775995429 41.161508510226298 -43.511064873972252 -36.995829567254759 23.112380166128865 12.571395415205094 -30.078631372451781 31.185367668198378 29.601487805480843 8.7311159023546931 -4.7748730840034854 8.9841970093666568 -55.096645614577511 0.99001872981036154 -5.1029098450812462 -43.942235535841725 -13.456150367536408 82.028366568780712 9.24363465709712 -46.884942173591028 -77.885202542818519 -5.9620374259391902 -4.9563016829952122 21.581304757254465 -68.277713353583167 -72.714038610458374 -2.2595210669470616 50.632780952453615
leaf_weight=26 366 48 55 42 31 51 127 1247 60 205 171 374 103 504 41 27 1696 26 690 31 93 65 65 114 31 35 47 32 61 40
leaf_count=26 366 48 55 42 31 51 127 1247 60 205 171 374 103 504 41 27 1696 26 690 31 93 65 65 114 31 35 47 32 61 40
internal_value=-1.86795e-08 8.45274 2.29343 -6.16548 2.6458 -2.53901 4.19394 13.6645 -6.97198 15.1994 12.4441 15.2794 10.6237 -6.71741 -7.00942 -32.8269 -6.51208 -1.85764 -8.36274 15.0669 27.4398 -9.37374 -8.22417 -20.6798 -43.0893 -23.0739 -43.1115 -4.53053 -26.5019 8.73792
internal_weight=6504 2880 1320 720 354 312 261 1560 108 1452 600 545 230 3624 3598 68 3530 1344 840 150 124 2186 2121 425 178 113 78 247 93 154
internal_count=6504 2880 1320 720 354 312 261 1560 108 1452 600 545 230 3624 3598 68 3530 1344 840 150 124 2186 2121 425 178 113 78 247 93 154
cat_boundaries=0 1 2 3 4 5
cat_threshold=1 2 2 4 2
is_linear=0
shrinkage=0.05


Tree=59
num_leaves=31
num_cat=7
split_feature=9 5 4 3 7 6 3 7 8 2 6 5 1 9 1 1 3 3 10 5 9 1 1 1 3 8 3 7 3 3
split_gain=1.33317e+08 3.44362e+07 2.20556e+07 2.54275e+07 3.43673e+07 1.97731e+07 1.8849e+07 2.18048e+07 2.63833e+07 1.71667e+07 2.04862e+07 2.03851e+07 1.71129e+07 1.60561e+07 2.22177e+07 2.04914e+07 1.74326e+07 1.58087e+07 1.68206e+07 2.17277e+07 1.88746e+07 3.61397e+07 8.41768e+07 7.82274e+07 5.38619e+07 4.57739e+07 3.34422e+07 3.22165e+07 4.654e+07 3.48934e+07
threshold=5.5000000000000009 -0.9159756150367534 -0.37940952255126059 16544.084729035731 0 1 21600.004328367675 2 3 33785.58561383334 4 0.37940952255126048 20425.750000000004 7.5000000000000009 21734.8125 21664.279166666671 28467.69557926006 7921.4074209296814 1.0000000180025095e-35 0.1294095225512602 2.5000000000000004 19577.379166666669 19598.654166666671 17502.866666666672 23749.951172220768 5 24743.287908519629 6 19655.842330553034 24082.656050551508
decision_type=2 2 2 2 1 1 2 1 1 2 1 2 2 2 2 2 2 2 2 2 2 2 2 2 2 1 2 1 2 2
left_child=17 6 3 4 -3 12 7 -2 -9 -4 11 -11 -5 -7 15 -15 -16 -1 20 -20 21 23 -23 25 -24 -19 -22 28 -25 -29
right_child=1 2 9 5 -6 13 -8 8 -10 10 -12 -13 -14 14 16 -17 -18 18 19 -21 26 22 24 27 -26 -27 -28 29 -30 -31
leaf_value=15.884636915647068 -29.107335063738702 -58.61709485583836 0.74804745674133299 55.323580249150602 4.9352280580080476 -1.9858853878933271 -18.666191986061278 -19.391968898773197 26.176283831066556 55.91046817967149 13.950185230355055 18.635834992450217 13.102747201919556 11.827910096567187 3.5775303197403754 46.662435206588441 -48.612851401170097 35.983390542232627 -63.273091606299083 -4.4795776569482051 -8.3389248352089052 -41.736145103285395 15.974391607046128 104.13929782867432 -13.651727541860311 -28.590378923942708 -48.932744869819061 -20.55861139765382 24.777553156781789 40.505302137487078
leaf_weight=78 39 36 205 36 52 458 168 45 108 61 1082 92 72 305 48 49 24 33 30 33 2087 155 275 20 347 163 52 75 242 34
leaf_count=78 39 36 205 36 52 458 168 45 108 61 1082 92 72 305 48 49 24 33 30 33 2087 155 275 20 347 163 52 75 242 34
internal_value=-1.25367e-08 8.0301 10.0966 4.69529 -21.0634 6.98034 -6.4353 4.26674 12.7739 14.1476 16.3718 33.497 27.1764 4.51295 11.5 16.6496 -13.8193 -6.38154 -6.87132 -32.4765 -6.40818 -1.76476 -8.76872 7.83326 -0.553363 -17.7183 -9.32578 21.3322 30.8357 -1.51115
internal_weight=6504 2880 2520 1080 88 992 360 192 153 1440 1235 153 108 884 426 354 72 3624 3546 63 3483 1344 777 567 622 196 2139 371 262 109
internal_count=6504 2880 2520 1080 88 992 360 192 153 1440 1235 153 108 884 426 354 72 3624 3546 63 3483 1344 777 567 622 196 2139 371 262 109
cat_boundaries=0 1 2 3 4 5 6 7
cat_threshold=4 1 2 2 2 1 4
is_linear=0
shrinkage=0.05


Tree=60
num_leaves=31
num_cat=5
split_feature=9 1 1 3 3 5 9 1 3 1 1 1 9 1 8 0 7 3 4 8 1 1 0 3 5 3 7 1 0 7
split_gain=1.21338e+08 3.2909e+07 2.89974e+07 2.70616e+07 1.8832e+07 2.11262e+07 1.70619e+07 3.82894e+07 2.79202e+07 2.3068e+07 2.6347e+07 1.90585e+07 4.27605e+07 3.52259e+07 3.56813e+07 2.67997e+07 2.52177e+07 1.63879e+07 4.25174e+07 3.21006e+07 4.31392e+07 4.14625e+07 3.13919e+07 2.97466e+07 2.91189e+07 4.11281e+07 3.86344e+07 3.18686e+07 2.70093e+07 2.64345e+07
threshold=6.5000000000000009 20230.716666666671 19650.995833333338 30119.15146456115 21157.603557165454 -0.12940952255126037 7.5000000000000009 20430.054166666669 17930.13998384761 20007.720833333336 20176.562500000004 21035.450000000004 8.5000000000000018 21734.8125 0 63837.201095552162 1 22088.176824426966 -0.60355339059327362 2 17504.437500000004 17494.979166666668 70533.372044033269 23646.950939898587 -0.12940952255126037 15811.683412652475 3 18816.562500000004 69962.094043456236 4
decision_type=2 2 2 2 2 2 2 2 2 2 2 2 2 2 1 2 1 2 2 1 2 2 2 2 2 2 1 2 2 1
left_child=1 17 -2 6 -3 -6 8 -8 -4 -10 -11 12 -9 16 -15 -14 -13 24 -19 20 -20 22 -21 -22 25 -1 27 -26 -25 -27
right_child=2 4 3 -5 5 -7 7 11 9 10 -12 13 15 14 -16 -17 -18 18 19 21 23 -23 -24 28 26 29 -28 -29 -30 -31
leaf_value=-7.0759253351226024 66.795353421297946 22.832957304627808 41.627117273807528 -33.291931807028284 -42.830733856006908 15.337845249433776 42.861451935291292 57.45156678286466 22.545812302827837 -58.044091760544553 -0.95467268932243088 65.4025276184082 -8.3679562140301051 -64.024972464144227 5.4426497790534967 21.507104897744878 19.710556401423556 2.7762544162784306 9.3935470538895309 -27.753814055919648 -89.618919002308573 -7.7124707503587331 -100.08623249053956 -8.3259040514628104 -42.722710076084844 16.508065641281298 -4.5568453722655011 -9.0202830464872594 -59.873597918616412 -5.9161705795923876
leaf_weight=671 22 162 45 37 27 37 100 33 104 21 537 32 332 20 244 97 536 420 41 60 34 657 20 48 135 487 1165 146 54 180
leaf_count=671 22 162 45 37 27 37 100 33 104 21 537 32 332 20 244 97 536 420 41 60 34 657 20 48 135 487 1165 146 54 180
internal_value=2.42622e-08 -4.8157 9.68492 9.09725 13.7611 -9.20202 9.84375 13.0526 3.51683 0.926253 -3.1032 10.749 2.60591 15.2707 0.179951 -1.61299 22.2848 -5.83522 -10.3919 -16.4429 -35.5634 -11.8508 -45.8369 -49.1166 -3.65182 1.6641 -8.57071 -25.2118 -35.6159 10.4565
internal_weight=6504 4344 2160 2138 226 64 2101 1394 707 662 558 1294 462 832 264 429 568 4118 1334 914 177 737 80 136 2784 1338 1446 281 102 667
internal_count=6504 4344 2160 2138 226 64 2101 1394 707 662 558 1294 462 832 264 429 568 4118 1334 914 177 737 80 136 2784 1338 1446 281 102 667
cat_boundaries=0 1 2 3 4 5
cat_threshold=1 1 1 1 4
is_linear=0
shrinkage=0.05


Tree=61
num_leaves=31
num_cat=5
split_feature=9 1 1 3 3 4 8 1 1 5 5 3 7 9 3 9 1 9 1 2 8 1 1 1 4 4 1 7 3 6
split_gain=1.09507e+08 3.06338e+07 2.61702e+07 2.44231e+07 2.04607e+07 4.02465e+07 3.1771e+07 3.82189e+07 3.8044e+07 3.37476e+07 2.60069e+07 3.59013e+07 2.78672e+07 3.9802e+07 4.32384e+07 2.68568e+07 3.88032e+07 3.46965e+07 3.23183e+07 3.85418e+07 2.68121e+07 2.33049e+07 3.43812e+07 2.98585e+07 2.78296e+07 2.28703e+07 3.13934e+07 2.27266e+07 2.59708e+07 2.58577e+07
threshold=6.5000000000000009 21035.450000000004 19650.995833333338 30119.15146456115 22088.176824426966 -0.60355339059327362 0 17504.437500000004 17496.920833333334 1.0000000180025095e-35 -0.12940952255126037 15811.683412652475 1 1.5000000000000002 20041.714912913416 5.5000000000000009 19229.07916666667 4.5000000000000009 19600.241666666669 46931.994962500008 2 18816.562500000004 18039.387500000001 17505.991666666672 -0.60355339059327362 -1.0000000180025095e-35 20040.262500000004 3 8399.1068652846079 4
decision_type=2 2 2 2 2 2 1 2 2 2 2 2 1 2 2 2 2 2 2 2 1 2 2 2 2 2 2 1 2 1
left_child=1 4 -2 -4 10 -6 7 -7 9 -8 11 20 13 -12 21 16 17 -14 -18 25 27 22 23 -15 -23 26 -20 -1 -29 -30
right_child=2 -3 3 -5 5 6 8 -9 -10 -11 12 -13 15 14 -16 -17 18 -19 19 -21 -22 24 -24 -25 -26 -27 -28 28 29 -31
leaf_value=23.817974846703667 63.455586103959519 55.668371270951781 9.3515632563690421 -31.627335102493699 2.6235544762239544 8.9238694859714052 -76.570876586131561 -45.511230649379712 -6.888747251161182 -14.784092931186454 22.889247580634223 10.291804615145161 -5.5985583391432705 -34.36821746917871 -98.671513016223912 11.060424368535942 -39.525239451610261 24.375302846431733 -89.128385991635525 37.184507460343212 1.6337988136891735 -39.569665336608892 -67.177473174201126 37.519257354736332 12.073413042068482 -5.5869170446549701 -15.817992641329766 18.546490368535441 -81.780164510553547 -24.210917742862261
leaf_weight=28 22 21 2101 37 437 41 39 151 655 51 45 711 494 52 20 247 137 120 23 38 456 40 54 20 75 124 40 31 22 172
leaf_count=28 22 21 2101 37 437 41 39 151 655 51 45 711 494 52 20 247 137 120 23 38 456 40 54 20 75 124 40 31 22 172
internal_value=-2.04573e-08 -4.57492 9.20067 8.64239 -4.86756 -9.90699 -15.751 -33.8871 -11.077 -41.5584 -2.51959 2.35274 -7.04458 -20.5393 -28.027 -3.66813 -7.39554 0.259525 -20.3795 -8.72195 -5.60872 -22.1644 -37.0186 -14.3995 -5.8894 -18.0505 -42.5821 -18.6624 -23.9489 -30.7394
internal_weight=6504 4344 2160 2138 4323 1374 937 192 745 90 2949 1420 1529 306 261 1223 976 614 362 225 709 241 126 72 115 187 63 253 225 194
internal_count=6504 4344 2160 2138 4323 1374 937 192 745 90 2949 1420 1529 306 261 1223 976 614 362 225 709 241 126 72 115 187 63 253 225 194
cat_boundaries=0 1 2 3 4 5
cat_threshold=1 1 2 1 2
is_linear=0
shrinkage=0.05


Tree=62
num_leaves=31
num_cat=6
split_feature=9 1 1 3 8 7 3 5 9 0 6 1 6 1 1 0 4 1 1 1 1 0 1 3 8 5 7 9 1 3
split_gain=9.88304e+07 2.80441e+07 2.48661e+07 2.41752e+07 2.02416e+07 2.27293e+07 1.66968e+07 1.90209e+07 1.94408e+07 1.80701e+07 1.61306e+07 1.55904e+07 2.00858e+07 1.5248e+07 5.21443e+07 4.24257e+07 2.85374e+07 2.80855e+07 2.02782e+07 1.84699e+07 2.11513e+07 3.19301e+07 2.5619e+07 2.39018e+07 2.00228e+07 1.99635e+07 1.7999e+07 1.5102e+07 1.5623e+07 1.48529e+07
threshold=6.5000000000000009 20230.716666666671 20389.929166666669 28467.69557926006 0 1 20712.029149726561 -0.12940952255126037 5.5000000000000009 56909.096152439968 2 20444.575000000001 3 20200.775000000005 20102.408333333336 55565.118999500002 -0.60355339059327362 20176.562500000004 20211.433333333338 19614.333333333339 19831.041666666668 56909.096152439968 19751.383333333335 19453.160321201904 4 -0.70710678118654757 5 7.5000000000000009 20077.850000000006 29523.157306080608
decision_type=2 2 2 2 1 1 2 2 2 2 1 2 1 2 2 2 2 2 2 2 2 2 2 2 1 2 1 2 2 2
left_child=1 13 4 11 5 27 9 -8 -9 -3 -11 12 -4 14 19 -16 17 -17 26 29 21 22 -21 -23 -25 -22 -15 28 -2 -1
right_child=2 6 3 -5 -6 -7 7 8 -10 10 -12 -13 -14 18 15 16 -18 -19 -20 20 25 23 -24 24 -26 -27 -28 -29 -30 -31
leaf_value=-4.4047498671775127 9.9936786341112711 4.3511219873820268 -51.962009611583895 -13.004830869701175 41.286974864204723 39.702451311458248 -35.716619543731213 -16.982573578574442 51.129642238616945 12.182360588420522 57.993688035011296 9.8512463090682001 0.35886440470300873 -74.093401565551758 -16.849831808530368 50.123772357060361 57.694618842336865 -18.909802156336166 -7.1059057968250219 26.723691844940188 -38.452679998224433 -86.335005372146085 -38.513425021701394 -12.887639414469403 -71.091540978171608 5.622622911683445 -21.773729774355889 25.658398714519684 -33.144869770073306 -31.591421860222724
leaf_weight=3366 43 73 21 144 96 55 32 22 20 33 46 1573 145 25 52 26 72 34 138 34 33 29 27 45 22 116 48 42 41 51
leaf_count=3366 43 73 21 144 96 55 32 22 20 33 46 1573 145 25 52 26 72 34 138 34 33 29 27 45 22 116 48 42 41 51
internal_value=-3.87146e-09 -4.34617 8.74064 6.68303 22.7279 12.8844 12.8027 -6.67508 15.4518 22.2853 38.8573 8.31331 -6.26004 -5.28732 -4.58026 21.4028 36.4719 11.0047 -18.3796 -5.86441 -17.6328 -30.439 -2.15175 -48.4133 -31.9994 -4.13902 -39.6914 1.17811 -11.062 -4.81052
internal_weight=6504 4344 2160 1883 277 181 226 74 42 152 79 1739 166 4118 3907 184 132 60 211 3723 306 157 61 96 67 149 73 126 84 3417
internal_count=6504 4344 2160 1883 277 181 226 74 42 152 79 1739 166 4118 3907 184 132 60 211 3723 306 157 61 96 67 149 73 126 84 3417
cat_boundaries=0 1 2 3 4 5 6
cat_threshold=4 4 2 1 4 2
is_linear=0
shrinkage=0.05


Tree=63
num_leaves=31
num_cat=5
split_feature=9 1 1 3 1 8 7 3 4 5 5 3 7 9 3 8 9 1 9 1 2 1 8 1 1 1 4 9 1 1
split_gain=8.91944e+07 2.58692e+07 2.24417e+07 2.25822e+07 1.82803e+07 1.82681e+07 2.05132e+07 1.7807e+07 3.58558e+07 2.91093e+07 2.36423e+07 3.13724e+07 2.48719e+07 3.59197e+07 3.90478e+07 2.42566e+07 2.32098e+07 3.49378e+07 3.13136e+07 2.9274e+07 2.84154e+07 2.27141e+07 4.31078e+07 2.11026e+07 3.10291e+07 2.69473e+07 2.45948e+07 2.06296e+07 4.42053e+07 2.08068e+07
threshold=6.5000000000000009 21035.450000000004 20389.929166666669 30119.15146456115 20444.575000000001 0 1 22088.176824426966 -0.60355339059327362 1.0000000180025095e-35 -0.12940952255126037 15811.683412652475 2 1.5000000000000002 20041.714912913416 3 5.5000000000000009 19229.07916666667 4.5000000000000009 19596.858333333334 46931.994962500008 17499.425000000007 4 18816.562500000004 18039.387500000001 17505.991666666672 -0.60355339059327362 3.5000000000000004 19013.812500000004 19587.054166666672
decision_type=2 2 2 2 2 1 1 2 2 2 2 2 1 2 2 1 2 2 2 2 2 2 1 2 2 2 2 2 2 2
left_child=1 7 5 4 -4 6 -2 10 -9 21 11 15 13 -12 23 -1 17 18 -14 -19 -21 -10 -23 24 25 -15 -25 29 -29 -24
right_child=2 -3 3 -5 -6 -7 -8 8 9 -11 12 -13 16 14 -16 -17 -18 19 -20 20 -22 22 27 26 -26 -27 -28 28 -30 -31
leaf_value=-17.420247228013668 1.119199690033519 51.231611669631235 -7.8872397501021627 -35.295469695329665 8.7196446323759496 39.222626173496252 37.717328617789533 2.7282117268859114 -53.279784140344397 -6.8081015256132407 21.985595770941842 9.8596226987791802 -5.0983927078333942 -32.429569226044876 -93.517701301574718 1.8845478268961113 10.360164492139933 -37.664269155530789 23.376775075793269 -16.235247702321047 30.640819048270203 -56.542777193509622 14.882986377866082 -36.987951413244012 -63.598362216243039 35.863531646728518 11.560997889200848 7.6965316884657913 -69.848410587310795 -16.749218575096133
leaf_weight=253 126 21 184 32 1667 96 55 437 59 525 45 711 494 52 20 456 247 134 120 189 39 65 89 40 54 20 75 34 40 125
leaf_count=253 126 21 184 32 1667 96 55 437 59 525 45 711 494 52 20 456 247 134 120 189 39 65 89 40 54 20 75 34 40 125
internal_value=-6.93967e-09 -4.12886 8.3036 6.34888 7.06883 21.5915 12.2402 -4.39779 -9.09908 -14.6151 -2.20736 2.43819 -6.52174 -19.2707 -26.3838 -5.00419 -3.3319 -6.797 0.466787 -19.1174 -8.21697 -24.5634 -19.7637 -20.8125 -34.9474 -13.4593 -5.32559 -11.4629 -34.2197 -3.59377
internal_weight=6504 4344 2160 1883 1851 277 181 4323 1374 937 2949 1420 1529 306 261 709 1223 976 614 362 228 412 353 241 126 72 115 288 74 214
internal_count=6504 4344 2160 1883 1851 277 181 4323 1374 937 2949 1420 1529 306 261 709 1223 976 614 362 228 412 353 241 126 72 115 288 74 214
cat_boundaries=0 1 2 3 4 5
cat_threshold=4 4 1 2 1
is_linear=0
shrinkage=0.05


Tree=64
num_leaves=31
num_cat=1
split_feature=9 1 1 1 0 4 1 1 5 3 6 1 2 1 4 0 3 5 1 3 9 9 9 3 1 9 1 1 0 5
split_gain=8.0498e+07 2.4191e+07 2.84377e+07 4.62897e+07 3.77836e+07 2.62024e+07 2.53102e+07 2.08482e+07 2.06665e+07 1.95541e+07 1.83727e+07 1.80014e+07 1.71982e+07 1.6747e+07 1.92714e+07 2.48466e+07 1.86651e+07 1.66987e+07 1.73861e+07 1.62137e+07 1.80416e+07 1.61929e+07 1.58748e+07 3.91326e+07 3.58424e+07 3.27451e+07 2.90394e+07 2.16022e+07 1.9036e+07 2.01217e+07
threshold=6.5000000000000009 20221.150000000001 20200.775000000005 20102.408333333336 55565.118999500002 -0.60355339059327362 20176.562500000004 19650.995833333338 -0.70710678118654757 29523.157306080608 0 21035.450000000004 40533.975617500015 19614.333333333339 -0.37940952255126059 63260.743154500007 23749.951172220768 -0.9159756150367534 21696.658333333336 12674.21517154202 7.5000000000000009 5.5000000000000009 8.5000000000000018 18137.393422046418 21664.279166666671 7.5000000000000009 21162.787500000002 20665.012500000001 74742.644685316773 -0.12940952255126037
decision_type=2 2 2 2 2 2 2 2 2 2 1 2 2 2 2 2 2 2 2 2 2 2 2 2 2 2 2 2 2 2
left_child=1 2 3 13 -5 6 -6 -2 -4 17 21 12 -12 -1 15 -15 -16 18 19 -9 -21 -3 23 -19 27 -25 -27 -24 -28 -30
right_child=7 10 8 4 5 -7 -8 9 -10 -11 11 -13 -14 14 16 -17 -18 22 -20 20 -22 -23 24 25 -26 26 28 -29 29 -31
leaf_value=-4.3234881388938744 56.313505068692294 12.642589145236546 -70.141703398331359 -15.735435595879188 47.317692134013548 54.920608684751727 -18.216421778061811 -38.319920473098755 -18.471054282735604 -18.224233837922416 11.144180645545324 48.670031338646304 -17.445900775685029 -57.084488223682754 -0.83394889718682108 -8.3841787681579589 -42.479129611328247 46.139792376189007 -25.369861406438492 -13.408788724531206 21.360826493413359 71.183698853992283 -24.745119063059491 2.3749664054642556 39.493319004871807 42.50613943239965 21.20317804709725 3.3230686236122802 -18.553790527195126 17.14409682662399
leaf_weight=3417 22 27 23 52 26 72 34 20 122 72 138 21 85 55 169 50 32 84 68 57 108 21 81 575 61 109 299 446 77 81
leaf_count=3417 22 27 23 52 26 72 34 20 122 72 138 21 85 55 169 50 32 84 68 57 108 21 81 575 61 109 299 446 77 81
internal_value=3.84718e-09 -3.92242 -4.92405 -4.11711 20.3638 34.5847 10.1817 7.88842 -26.6671 7.39013 9.97696 4.41421 0.246616 -5.32702 -16.5331 -33.8939 -7.46403 8.28279 -3.75052 4.19605 9.3495 38.2543 9.96201 13.2035 3.20889 10.7788 19.3162 -0.991017 13.7851 -0.252975
internal_weight=6504 4344 4052 3907 184 132 60 2160 145 2138 292 244 223 3723 306 105 201 2066 253 185 165 48 1813 1225 588 1141 566 527 457 158
internal_count=6504 4344 4052 3907 184 132 60 2160 145 2138 292 244 223 3723 306 105 201 2066 253 185 165 48 1813 1225 588 1141 566 527 457 158
cat_boundaries=0 1
cat_threshold=1
is_linear=0
shrinkage=0.05


Tree=65
num_leaves=31
num_cat=5
split_feature=9 1 1 3 5 1 3 9 9 3 1 9 1 8 1 8 6 1 1 1 10 5 3 4 8 1 3 0 5 7
split_gain=7.26494e+07 2.19706e+07 1.88155e+07 1.76475e+07 1.50706e+07 1.5691e+07 1.46329e+07 1.62825e+07 1.4327e+07 3.53172e+07 3.23478e+07 2.95525e+07 2.6428e+07 2.13562e+07 1.9496e+07 1.74126e+07 1.84708e+07 1.7161e+07 1.54951e+07 1.4121e+07 1.43153e+07 1.80492e+07 1.62708e+07 2.79378e+07 3.47122e+07 3.29384e+07 2.83606e+07 3.71271e+07 2.53577e+07 3.15752e+07
threshold=6.5000000000000009 20230.716666666671 19650.995833333338 29523.157306080608 -0.9159756150367534 21696.658333333336 12674.21517154202 7.5000000000000009 8.5000000000000018 18137.393422046418 21664.279166666671 7.5000000000000009 22038.241666666672 0 20665.012500000001 1 2 21696.658333333336 21035.450000000004 16609.01666666667 1.0000000180025095e-35 0.37940952255126048 22088.176824426966 -0.60355339059327362 3 17494.979166666668 23040.061851194154 64488.975764501163 -0.12940952255126037 4
decision_type=2 2 2 2 2 2 2 2 2 2 2 2 2 1 2 1 1 2 2 2 2 2 2 2 1 2 2 2 2 1
left_child=1 19 -2 4 5 6 -4 -8 9 17 14 -11 18 -14 -10 -16 -17 -6 -13 -1 22 -22 28 -24 26 -26 -25 -28 -21 -30
right_child=2 -3 3 -5 8 -7 7 -9 10 11 -12 12 13 -15 15 16 -18 -19 -20 20 21 -23 23 24 25 -27 27 -29 29 -31
leaf_value=21.331286527789558 53.497830546985973 11.452424893284267 -36.403923745155332 -17.313021961765156 59.813150603430614 -24.101368090685678 -12.738349499618799 20.292785261295464 -23.507862918170883 2.2562180594983308 37.518653094182248 41.18877585635466 11.200983393594122 -34.438531559043462 30.651544496124867 28.338246863228932 -4.4619037354268087 11.872107791900635 18.961493529963985 2.7107523805987168 -51.716307179060664 2.3635988818274605 1.7049908452174245 -86.564646322830868 -41.819515445870415 -5.9706705125318091 22.594245567321778 -40.345289704509987 9.3341019807543084 -10.422028330817009
leaf_weight=52 22 226 20 72 56 68 57 108 81 575 61 102 89 36 51 49 346 28 339 1303 36 27 408 23 71 657 30 107 245 1159
leaf_count=52 22 226 20 72 56 68 57 108 81 575 61 102 89 36 51 49 346 28 339 1303 36 27 408 23 71 657 30 107 245 1159
internal_value=5.72122e-09 -3.7263 7.494 7.02062 7.86865 -3.56299 3.98625 8.88203 9.46391 12.5433 3.04844 10.2398 18.3504 -1.9432 -0.941466 3.15692 -0.393024 43.8328 24.1025 -4.55932 -4.89044 -28.5392 -4.51825 -9.1253 -14.1014 -9.46692 -35.1882 -26.5629 -2.31258 -6.97456
internal_weight=6504 4344 2160 2138 2066 253 185 165 1813 1225 588 1141 566 125 527 446 395 84 441 4118 4066 63 4003 1296 888 728 160 137 2707 1404
internal_count=6504 4344 2160 2138 2066 253 185 165 1813 1225 588 1141 566 125 527 446 395 84 441 4118 4066 63 4003 1296 888 728 160 137 2707 1404
cat_boundaries=0 1 2 3 4 5
cat_threshold=4 1 1 1 2
is_linear=0
shrinkage=0.05


Tree=66
num_leaves=31
num_cat=3
split_feature=9 1 1 1 1 3 8 1 9 1 0 1 3 1 9 1 5 4 4 0 3 4 5 1 8 5 3 7 9 3
split_gain=6.55661e+07 2.04354e+07 1.81096e+07 2.47674e+07 1.60441e+07 1.92018e+07 2.61737e+07 2.01822e+07 1.87473e+07 2.73777e+07 2.86254e+07 2.06169e+07 1.97845e+07 2.36336e+07 1.86668e+07 1.75107e+07 1.75036e+07 1.72365e+07 1.55797e+07 1.44015e+07 1.42083e+07 2.93459e+07 2.60891e+07 2.00882e+07 3.53132e+07 1.95202e+07 2.73913e+07 2.16688e+07 3.202e+07 3.52065e+07
threshold=6.5000000000000009 21035.450000000004 20007.720833333336 20108.779166666671 20271.762500000001 25176.043808424602 0 22008.383333333335 8.5000000000000018 20653.858333333334 63837.201095552162 21546.808333333338 17930.13998384761 21696.658333333336 7.5000000000000009 22273.004166666669 -0.12940952255126037 -0.5 -0.60355339059327362 52913.345731490561 22088.176824426966 -0.60355339059327362 1.0000000180025095e-35 17499.425000000007 1 -0.12940952255126037 15811.683412652475 2 1.5000000000000002 20041.714912913416
decision_type=2 2 2 2 2 2 1 2 2 2 2 2 2 2 2 2 2 2 2 2 2 2 2 2 1 2 2 1 2 2
left_child=1 20 -2 -4 -5 8 7 17 12 -10 11 -11 13 -6 -14 -16 -8 -7 -12 -13 25 -22 23 -23 -25 26 -1 28 -27 -30
right_child=2 -3 3 4 5 6 16 -9 9 10 18 19 14 -15 15 -17 -18 -19 -20 -21 21 22 -24 24 -26 27 -28 -29 29 -31
leaf_value=-4.5553593512818917 24.850729953668736 45.66390795026507 -45.652807708408524 25.848376679654219 57.170073167333072 7.6428277651468921 -6.8836161834437677 -71.035830797467924 -31.394548900777643 -7.8384521618103369 11.07551192008343 55.807111148834224 1.474865354817938 2.2088767770797975 21.3535971648624 -23.704492904828943 12.925118381719964 -47.769312518575923 43.165293157485223 8.8036272048950206 2.7214482708981165 -49.392328640566035 -5.5777702709947317 -51.161304990328276 -10.360087691469946 21.310005459255645 9.3333689598426872 -2.7652947183037426 -19.068137933802308 -88.104539680480968
leaf_weight=709 135 21 23 102 53 36 246 21 55 312 97 20 284 31 345 23 204 23 62 88 437 59 525 65 288 45 711 1223 241 20
leaf_count=709 135 21 23 102 53 36 246 21 55 312 97 20 284 31 345 23 204 23 62 88 437 59 525 65 288 45 711 1223 241 20
internal_value=4.58926e-09 -3.53998 7.1193 5.93721 6.5299 5.4928 -2.58859 -28.9413 8.61918 2.31725 5.51958 -1.3208 14.0477 36.8868 11.1053 18.5375 2.09634 -13.9585 23.5885 17.508 -3.779 -7.97845 -12.9687 -22.3867 -17.8731 -1.82239 2.39879 -5.74265 -17.6424 -24.3583
internal_weight=6504 4344 2160 2025 2002 1900 530 80 1370 634 579 420 736 84 652 368 450 59 159 108 4323 1374 937 412 353 2949 1420 1529 306 261
internal_count=6504 4344 2160 2025 2002 1900 530 80 1370 634 579 420 736 84 652 368 450 59 159 108 4323 1374 937 412 353 2949 1420 1529 306 261
cat_boundaries=0 1 2 3
cat_threshold=1 1 1
is_linear=0
shrinkage=0.05


Tree=67
num_leaves=31
num_cat=4
split_feature=9 1 1 1 0 4 1 7 4 3 5 0 1 1 1 1 0 1 3 5 8 5 3 8 7 1 9 1 1 1
split_gain=5.91734e+07 1.93488e+07 2.55672e+07 4.0995e+07 3.37495e+07 2.40732e+07 2.29703e+07 2.09383e+07 2.18452e+07 1.66504e+07 2.56063e+07 1.64005e+07 1.6344e+07 2.23526e+07 1.52868e+07 1.77747e+07 2.73297e+07 2.24912e+07 2.14315e+07 1.76842e+07 1.61577e+07 1.51855e+07 1.7637e+07 1.72152e+07 2.35797e+07 1.41915e+07 1.41052e+07 1.34984e+07 5.5754e+07 3.3081e+07
threshold=6.5000000000000009 20221.150000000001 20200.775000000005 20102.408333333336 55565.118999500002 -0.60355339059327362 20176.562500000004 0 0.60355339059327384 20712.029149726561 -0.12940952255126037 56909.096152439968 20007.720833333336 20108.779166666671 19614.333333333339 19831.041666666668 56909.096152439968 19751.383333333335 19453.160321201904 -0.70710678118654757 1 -0.9159756150367534 25365.639862003631 2 3 20271.762500000001 5.5000000000000009 19602.145833333339 19587.054166666672 19507.616666666672
decision_type=2 2 2 2 2 2 2 1 2 2 2 2 2 2 2 2 2 2 2 2 1 2 2 1 1 2 2 2 2 2
left_child=1 2 3 14 -5 6 -6 -4 -9 11 -11 -3 -2 -14 27 16 17 -16 -18 -17 -20 22 23 -15 -25 -23 -12 28 29 -1
right_child=12 9 7 4 5 -7 -8 8 -10 10 26 -13 13 21 15 19 18 -19 20 -21 -22 25 -24 24 -26 -27 -28 -29 -30 -31
leaf_value=-4.0942350499057634 23.608193267539697 2.9136363737361948 -59.205667460665985 -14.573037982445497 44.972255574739904 52.477143192291265 -17.459079832189225 -30.363248022941697 16.384061381691382 -36.649516083473387 -15.75632145729932 31.914921870158647 -43.370167292719309 -20.598813855648043 26.147360745598288 -35.264218021161632 -79.6159814439971 -34.977767626444503 -10.996477222442628 6.2187724717475223 -63.281708717346191 27.182922316657177 -23.350119937549938 -32.663029479980473 26.05548909314625 6.7980311934077378 36.251711803674702 5.4138301279773451 -29.685011201155813 22.014204153301208
leaf_weight=2716 135 97 34 52 26 72 34 73 38 43 22 98 23 48 34 33 29 27 45 116 22 90 88 21 92 1663 32 365 209 127
leaf_count=2716 135 97 34 52 26 72 34 73 38 43 22 98 23 48 34 33 29 27 45 116 22 90 88 21 92 1663 32 365 209 127
internal_value=-1.86049e-08 -3.36299 -4.25878 -3.49364 19.5447 32.985 9.5945 -24.8753 -14.3597 9.06771 -7.86096 17.4886 6.76334 5.64035 -4.63226 -15.3387 -27.0783 -0.908024 -43.7073 -2.96874 -28.1648 6.2034 -5.35089 4.48719 15.1432 7.8446 15.0633 -3.67347 -4.76026 -2.92794
internal_weight=6504 4344 4052 3907 184 132 60 145 111 292 97 195 2160 2025 3723 306 157 61 96 149 67 2002 249 161 113 1753 54 3417 3052 2843
internal_count=6504 4344 4052 3907 184 132 60 145 111 292 97 195 2160 2025 3723 306 157 61 96 149 67 2002 249 161 113 1753 54 3417 3052 2843
cat_boundaries=0 1 2 3 4
cat_threshold=2 4 2 2
is_linear=0
shrinkage=0.05


Tree=68
num_leaves=31
num_cat=6
split_feature=9 1 1 3 3 5 1 8 1 9 8 3 5 1 4 10 7 2 9 1 8 1 6 6 1 9 3 1 9 9
split_gain=5.35846e+07 2.42429e+07 1.73245e+07 2.71288e+07 1.7523e+07 1.86517e+07 1.69164e+07 3.6256e+07 3.0658e+07 2.87986e+07 2.70441e+07 2.48127e+07 1.77831e+07 1.46992e+07 2.38384e+07 1.73447e+07 1.62021e+07 3.67499e+07 3.91444e+07 2.39173e+07 2.05949e+07 4.88772e+07 4.15495e+07 3.81504e+07 6.74638e+07 4.07741e+07 2.66729e+07 2.40005e+07 2.23651e+07 3.6048e+07
threshold=7.5000000000000009 20430.054166666669 20444.575000000001 20477.103012560332 27859.841225981909 -0.12940952255126037 21734.8125 0 21657.233333333334 8.5000000000000018 1 18905.662759849198 -0.37940952255126015 17315.757954545457 0.78656609248549325 1.0000000180025095e-35 2 36833.73313700001 1.5000000000000002 19611.112500000003 3 17491.069318181821 4 5 18368.501515151522 5.5000000000000009 24743.287908519629 18913.854166666675 5.5000000000000009 2.5000000000000004
decision_type=2 2 2 2 2 2 2 1 2 2 1 2 2 2 2 2 1 2 2 2 1 2 1 1 2 2 2 2 2 2
left_child=2 -2 4 -4 13 -6 8 -8 9 11 12 -3 -11 14 -1 16 17 -15 19 -19 23 -22 -23 -18 -25 -26 28 -28 29 -24
right_child=1 6 3 -5 5 -7 7 -9 -10 10 -12 -13 -14 15 -16 -17 20 18 -20 -21 21 22 26 24 25 -27 27 -29 -30 -31
leaf_value=21.83375503387451 32.084456552243701 61.231903519168981 25.754094292705219 -0.48362992316484449 -24.420067013553318 22.791720779736838 -63.004612823327392 1.3549388992690272 27.008410158738855 59.956212746655503 -4.8789345630324714 13.567426368932537 8.6284976387023935 -0.54551031510692005 -29.207341132845201 -36.910639074915331 -0.36160633503956041 44.618473551823541 -38.031563441957751 -17.616973515560755 -70.9559722637308 -70.455492607752475 11.585064359860761 77.837924766540539 -53.959610231717434 25.858612954616547 24.276719131469729 -35.485300101325628 10.986221985629722 -11.847761244444534
leaf_weight=125 102 31 133 380 163 24 24 248 205 27 505 229 45 363 28 38 2194 26 175 38 29 24 224 44 24 48 20 105 269 614
leaf_count=125 102 31 133 380 163 24 24 248 205 27 505 229 45 363 28 38 2194 26 175 38 29 24 224 44 24 48 20 105 269 614
internal_value=-1.09272e-08 8.60284 -2.39419 6.31874 -3.37118 -18.3608 6.78007 -4.32385 9.67859 5.43413 -0.791615 19.2505 27.8764 -2.73238 12.4929 -3.28243 -2.97795 -10.5696 -25.7945 7.66618 -1.70669 -6.78074 -5.29899 1.11588 29.0608 -0.747461 -4.02971 -25.9234 -1.55752 -5.58409
internal_weight=6504 1416 5088 513 4575 187 1314 272 1042 837 577 260 72 4388 153 4235 4197 602 239 64 3595 1285 1256 2310 116 72 1232 125 1107 838
internal_count=6504 1416 5088 513 4575 187 1314 272 1042 837 577 260 72 4388 153 4235 4197 602 239 64 3595 1285 1256 2310 116 72 1232 125 1107 838
cat_boundaries=0 1 2 3 4 5 6
cat_threshold=1 1 1 4 2 4
is_linear=0
shrinkage=0.05


Tree=69
num_leaves=31
num_cat=6
split_feature=9 1 1 3 3 10 5 1 1 6 3 4 3 1 1 1 7 0 8 9 3 9 7 1 6 0 8 3 5 0
split_gain=4.89047e+07 1.71689e+07 1.57444e+07 1.46504e+07 1.31617e+07 1.3353e+07 1.5086e+07 1.45717e+07 2.0962e+07 3.59423e+07 2.51997e+07 2.15279e+07 2.07762e+07 1.78319e+07 5.55311e+07 2.2547e+07 2.60796e+07 2.35752e+07 1.96398e+07 3.03818e+07 2.85702e+07 1.90168e+07 6.55516e+07 6.00282e+07 5.72031e+07 2.81572e+07 2.56477e+07 2.57014e+07 1.89402e+07 1.7484e+07
threshold=6.5000000000000009 21035.450000000004 19650.995833333338 30119.15146456115 6588.6173625935926 1.0000000180025095e-35 0.37940952255126048 17315.757954545457 17495.937500000004 0 17930.13998384761 0.12940952255126045 23926.064530930329 18188.416666666668 18150.687500000004 18537.133333333335 1 43312.049806833333 2 5.5000000000000009 21931.458406806803 2.5000000000000004 3 17502.866666666672 4 66617.101337621265 5 23602.413946675308 0.37940952255126048 56803.847811000007
decision_type=2 2 2 2 2 2 2 2 2 1 2 2 2 2 2 2 1 2 1 2 2 2 1 2 1 2 1 2 2 2
left_child=1 4 -2 -4 -1 7 -7 12 9 -9 11 -11 -6 14 21 16 -15 -18 19 -17 -21 22 -10 -24 -25 29 27 -23 -16 -26
right_child=2 -3 3 -5 5 6 -8 8 13 10 -12 -13 -14 15 28 18 17 -19 -20 20 -22 26 23 24 25 -27 -28 -29 -30 -31
leaf_value=32.190997094374438 48.230739803747696 42.043019939604264 6.2647881632302846 -25.473580192230845 26.983945675991308 -44.583101122553757 3.5493743684556751 -61.722621467785963 -59.293654083251958 57.189984595257307 -18.881942699894761 -9.2176796839787425 -20.208225667476654 -7.4375979273111232 57.179303254752327 -20.148893743066402 3.1682103919982914 -60.072337949275976 -1.5483454461708175 39.468399441760525 -26.10499007885273 9.1839682929992676 -45.065085827220571 106.76533279418946 34.309520969390874 65.087108703613282 -23.810389107838276 -24.538408896041247 14.217179152758227 -27.872926330566408
leaf_weight=26 22 21 2101 37 86 41 27 39 25 23 165 26 32 149 58 321 20 56 2523 46 26 250 22 28 20 25 144 73 46 26
leaf_count=26 22 21 2101 37 86 41 27 39 25 23 165 26 32 149 58 321 20 56 2523 46 26 250 22 28 20 25 144 73 46 26
internal_value=-2.05097e-08 -3.05729 6.14855 5.71553 -3.27638 -3.49098 -25.4717 -3.13754 -3.63479 -17.577 -9.53183 21.9533 14.1861 -2.72049 4.3943 -4.34459 -19.5951 -43.4301 -3.16785 -13.5648 15.7891 -1.33716 14.4132 29.6419 46.2434 22.3757 -6.26126 1.5625 38.1768 -0.83708
internal_weight=6504 4344 2160 2138 4323 4297 68 4229 4111 253 214 49 118 3858 717 3141 225 76 2916 393 72 613 146 121 99 71 467 323 104 46
internal_count=6504 4344 2160 2138 4323 4297 68 4229 4111 253 214 49 118 3858 717 3141 225 76 2916 393 72 613 146 121 99 71 467 323 104 46
cat_boundaries=0 1 2 3 4 5 6
cat_threshold=1 4 1 2 1 4
is_linear=0
shrinkage=0.05


Tree=70
num_leaves=31
num_cat=8
split_feature=9 1 3 1 8 1 9 8 1 5 6 1 1 3 0 6 3 0 3 6 1 7 5 6 5 1 4 1 8 3
split_gain=4.50052e+07 2.18919e+07 1.56024e+07 1.5202e+07 3.24659e+07 2.76855e+07 2.61409e+07 2.44073e+07 2.35687e+07 1.60493e+07 1.36615e+07 1.49312e+07 1.35307e+07 2.45395e+07 1.2992e+07 1.41353e+07 1.28961e+07 1.25877e+07 1.76808e+07 1.53746e+07 1.45305e+07 1.27924e+07 1.54369e+07 1.23347e+07 1.27424e+07 1.23221e+07 2.04516e+07 1.48614e+07 5.45278e+07 2.78167e+07
threshold=7.5000000000000009 20430.054166666669 30454.997334259326 21734.8125 0 21657.233333333334 8.5000000000000018 1 21233.400000000001 -0.37940952255126015 2 20669.650000000005 20444.575000000001 20477.103012560332 72317.170030621215 3 18905.662759849198 63971.549820291671 18594.9937565482 4 20672.245833333338 5 0.37940952255126048 6 -0.37940952255126015 17315.757954545457 0.78656609248549325 17502.866666666672 7 23970.271276843097
decision_type=2 2 2 2 1 2 2 1 2 2 1 2 2 2 2 1 2 2 2 1 2 1 2 1 2 2 2 2 1 2
left_child=2 -2 12 5 -5 6 8 9 16 -8 11 -9 25 -14 15 -6 -3 18 19 -12 -20 -21 -23 -7 -25 26 -1 28 -27 -30
right_child=1 3 -4 4 14 23 7 10 -10 -11 17 -13 13 -15 -16 -17 -18 -19 20 21 -22 22 -24 24 -26 27 -28 -29 29 -31
leaf_value=19.672289150574851 30.198110112021954 58.58395874023438 -33.298565592765804 -59.903135283788053 28.860374869674935 59.049479254086819 56.645162250377524 -15.132406494140625 -3.0165527056563985 7.8838335291544599 14.646483595231002 33.256402009183709 24.233531630845896 -0.72066255923948797 -12.922808634757997 -2.5323462247848512 22.504584812950082 5.5666607971986135 -60.73895567485264 -47.579419541358952 -19.021166908450244 -21.205135758282388 17.134658380834068 3.3900310256264428 30.952217143722205 -49.603261523910717 -27.569833711215427 -2.302281554420865 3.7324798939145847 -27.198477604462926
leaf_weight=126 102 30 40 24 61 24 27 25 88 45 68 44 133 380 100 87 142 120 28 24 82 73 41 66 115 79 28 3915 290 97
leaf_count=126 102 30 40 24 61 24 27 25 88 45 68 44 133 380 100 87 142 120 28 24 82 73 41 66 115 79 28 3915 290 97
internal_value=2.38845e-09 7.88411 -2.19416 6.15198 -4.37422 8.8997 4.86625 -1.06527 18.0297 26.1693 -4.94823 15.7242 -1.94769 5.74894 0.999548 10.4065 28.7975 -8.21978 -13.4551 -4.81262 -29.6402 -14.4012 -7.41626 25.368 20.9019 -2.81834 11.0828 -3.30699 -11.7478 -4.02024
internal_weight=6504 1416 5088 1314 272 1042 837 577 260 72 505 69 5048 513 248 148 172 436 316 206 110 138 114 205 181 4535 154 4381 466 387
internal_count=6504 1416 5088 1314 272 1042 837 577 260 72 505 69 5048 513 248 148 172 436 316 206 110 138 114 205 181 4535 154 4381 466 387
cat_boundaries=0 1 2 3 4 5 6 7 8
cat_threshold=1 1 1 4 4 4 2 2
is_linear=0
shrinkage=0.05


Tree=71
num_leaves=31
num_cat=8
split_feature=9 1 3 5 1 3 1 8 1 9 8 1 5 1 6 0 0 6 3 1 4 10 7 2 9 1 8 1 6 6
split_gain=4.06172e+07 1.97574e+07 1.46721e+07 1.76799e+07 1.47063e+07 1.92807e+07 1.37198e+07 2.93004e+07 2.49862e+07 2.35921e+07 2.20276e+07 2.12708e+07 1.44845e+07 1.26731e+07 1.87132e+07 1.18306e+07 1.17253e+07 1.27571e+07 1.16388e+07 1.1344e+07 1.89226e+07 1.46102e+07 1.4727e+07 3.3135e+07 3.53356e+07 2.15854e+07 1.73944e+07 3.90128e+07 3.76006e+07 3.3822e+07
threshold=7.5000000000000009 20430.054166666669 28175.34973113157 -0.9159756150367534 20444.575000000001 20477.103012560332 21734.8125 0 21657.233333333334 8.5000000000000018 1 21233.400000000001 -0.37940952255126015 20665.012500000001 2 61758.219189585936 72317.170030621215 3 18905.662759849198 17315.757954545457 0.78656609248549325 1.0000000180025095e-35 4 36833.73313700001 1.5000000000000002 19611.112500000003 5 17491.069318181821 6 7
decision_type=2 2 2 2 2 2 2 1 2 2 1 2 2 2 1 2 2 1 2 2 2 2 1 2 2 2 1 2 1 1
left_child=2 -2 4 -4 19 -6 8 -8 9 11 12 18 -11 15 -15 -12 17 -9 -3 20 -1 22 23 -21 25 -25 29 -28 -29 -24
right_child=1 6 3 -5 5 -7 7 16 -10 10 13 -13 -14 14 -16 -17 -18 -19 -20 21 -22 -23 26 24 -26 -27 27 28 -30 -31
leaf_value=19.283650216865539 28.688204836377913 55.654760632514957 -45.8588529913049 -8.2134723881880447 23.021854988972947 0.48200825478014986 -56.907978566487635 27.417356434415598 24.099574736821943 53.812904428552706 -38.67472603321076 -2.8657248897985981 7.4896415795220266 25.708936975577046 -5.3214500610120297 -0.12510101093965417 -12.276668464660645 -2.4057288295921242 21.379355801851815 -0.3407324314117432 -26.191342210024597 -33.760162860468817 -0.21479005975055912 42.580080472506012 -35.942245808601385 -16.543593918649773 -63.412767449740706 -66.740185896555587 -3.5512722790381503 27.481692830447493
leaf_weight=125 102 30 38 174 133 331 24 61 205 27 48 88 45 56 367 34 100 87 142 363 28 38 2215 26 175 38 29 24 1235 116
leaf_count=125 102 30 38 174 133 331 24 61 205 27 48 88 45 56 367 34 100 87 142 363 28 38 2215 26 175 38 29 24 1235 116
internal_value=-6.86581e-09 7.48991 -2.08446 -14.9612 -1.5246 6.94278 5.84438 -4.15551 8.45471 4.62294 -1.01201 17.1282 24.8609 -4.70082 -1.21341 -22.6907 0.949571 9.88622 27.3576 -2.41509 10.9614 -2.89563 -2.61777 -9.85906 -24.3158 7.4754 -1.41322 -6.07652 -4.75583 1.1635
internal_weight=6504 1416 5088 212 4876 464 1314 272 1042 837 577 260 72 505 423 82 248 148 172 4412 153 4259 4221 602 239 64 3619 1288 1259 2331
internal_count=6504 1416 5088 212 4876 464 1314 272 1042 837 577 260 72 505 423 82 248 148 172 4412 153 4259 4221 602 239 64 3619 1288 1259 2331
cat_boundaries=0 1 2 3 4 5 6 7 8
cat_threshold=1 1 1 4 1 4 2 4
is_linear=0
shrinkage=0.05


Tree=72
num_leaves=31
num_cat=4
split_feature=9 1 1 1 4 9 1 8 3 0 3 1 9 1 5 1 6 3 4 7 5 3 1 3 9 1 1 7 2 1
split_gain=3.72653e+07 1.64544e+07 1.97069e+07 1.46896e+07 1.34491e+07 1.96676e+07 1.55882e+07 2.59285e+07 1.5497e+07 1.38473e+07 1.32378e+07 1.77618e+07 1.45946e+07 1.26388e+07 1.22692e+07 1.59356e+07 1.73895e+07 1.19414e+07 1.91548e+07 2.20245e+07 2.10945e+07 2.00152e+07 2.14882e+07 1.88461e+07 1.8571e+07 1.68382e+07 5.8552e+07 3.76619e+07 2.91377e+07 2.83003e+07
threshold=6.5000000000000009 20007.720833333336 20108.779166666671 21035.450000000004 0.91597561503675362 8.5000000000000018 21965.104166666668 0 20356.916018994114 67586.176429083353 12234.145103318357 20687.725000000006 7.5000000000000009 20702.375000000004 -0.9159756150367534 20602.530681818185 1 21157.603557165454 -0.37940952255126059 2 1.0000000180025095e-35 23156.784737210928 18552.162500000002 21600.004328367675 1.5000000000000002 19236.020833333336 20007.720833333336 3 35392.425405153088 19223.979166666668
decision_type=2 2 2 2 2 2 2 1 2 2 2 2 2 2 2 2 1 2 2 1 2 2 2 2 2 2 2 1 2 2
left_child=3 -2 -3 17 6 9 10 -8 13 -6 11 -4 14 -7 -12 -16 -17 24 19 -19 23 -21 -23 -20 -1 29 -27 28 -28 -26
right_child=1 2 4 -5 5 8 7 -9 -10 -11 12 -13 -14 -15 15 16 -18 18 20 21 -22 22 -24 -25 25 26 27 -29 -30 -31
leaf_value=14.128937570131743 22.268878690931533 -41.778250627932344 10.026153564453125 39.048152687436065 33.727722835185986 -36.282723366873604 -43.832490091096787 -1.1941485292830709 34.365612144470212 -0.36623341670403115 -23.447509571543915 -53.509428221529191 9.269165042301001 8.3527255748880318 -8.1572505087601517 5.4496072638779882 48.330020299451107 5.1788378578620957 17.242955054658832 -32.242690542374532 -4.4131586330392842 -38.833778014549843 13.825659534805702 -22.108595679234238 -1.4247897213823917 -26.245250540435748 -7.5488787216416915 -15.220018720771328 27.984851667212276 19.81684633255005
leaf_weight=195 135 23 22 21 126 35 42 236 20 39 57 22 1027 29 190 128 29 546 33 87 591 26 76 390 1508 278 89 165 164 175
leaf_count=195 135 23 22 21 126 35 42 236 20 39 57 22 1027 29 190 128 29 546 33 87 591 26 76 390 1508 278 89 165 164 175
internal_value=4.98996e-10 5.36723 4.24045 -2.66879 4.76913 15.6428 3.22462 -7.63591 -4.05183 25.6692 5.27155 -21.7416 6.10214 -16.0573 -1.94868 1.58283 13.3702 -2.87144 -6.05941 0.0865351 -10.5143 -14.6246 0.402666 -19.0386 -0.705248 -1.92117 -8.46238 3.3645 15.4848 0.783937
internal_weight=6504 2160 2025 4344 2002 249 1753 278 84 165 1475 44 1431 64 404 347 157 4323 1749 735 1014 189 102 423 2574 2379 696 418 253 1683
internal_count=6504 2160 2025 4344 2002 249 1753 278 84 165 1475 44 1431 64 404 347 157 4323 1749 735 1014 189 102 423 2574 2379 696 418 253 1683
cat_boundaries=0 1 2 3 4
cat_threshold=1 4 4 4
is_linear=0
shrinkage=0.05


Tree=73
num_leaves=31
num_cat=9
split_feature=9 5 4 7 1 3 7 7 9 2 8 3 9 1 3 8 1 7 6 3 2 1 3 1 7 1 1 1 7 3
split_gain=3.39456e+07 2.61735e+07 3.13627e+07 1.43045e+07 1.72334e+07 1.63434e+07 1.37009e+07 1.22109e+07 1.821e+07 1.55828e+07 1.99587e+07 1.20286e+07 1.24927e+07 3.33432e+07 2.19795e+07 3.20549e+07 3.42934e+07 4.5118e+07 5.57035e+07 4.90836e+07 3.41105e+07 3.21389e+07 3.60675e+07 3.53418e+07 2.25573e+07 2.13572e+07 6.10922e+07 5.84116e+07 4.24026e+07 3.50084e+07
threshold=5.5000000000000009 -0.12940952255126037 0.25881904510252091 0 20464.283333333336 13589.341542425629 1 2 8.5000000000000018 51620.8636210759 3 8399.1068652846079 2.5000000000000004 17315.757954545457 23646.950939898587 4 18188.416666666668 5 6 17531.87540002292 40956.703294833329 18537.133333333335 21317.322463603134 19217.645833333339 7 19577.379166666669 19598.654166666671 17509.145833333339 8 24082.656050551508
decision_type=2 2 2 1 2 2 1 1 2 2 1 2 2 2 2 1 2 1 1 2 2 2 2 2 1 2 2 2 1 2
left_child=11 2 3 4 -2 -5 -3 8 -4 10 -9 -1 25 -14 15 16 17 19 -19 -15 -17 24 -23 -24 -18 27 -27 -13 -29 -30
right_child=1 6 7 5 -6 -7 -8 9 -10 -11 -12 12 13 14 -16 20 21 18 -20 -21 -22 22 23 -25 -26 26 -28 28 29 -31
leaf_value=14.149900736759619 -19.157601153055829 -4.4569123912643596 4.2923734124501545 -40.869253756886444 28.107186808409512 -8.5952942892557846 10.13950319841223 -2.78058889072675 -40.689064229329432 -5.643196925033223 23.052714521320244 -11.790353580694351 48.083738970756535 3.982903556470518 -26.053823866260998 -7.8913374346167178 -0.9034484291076661 11.397565585898079 72.196353461525661 -81.954649750391638 -34.608685268884827 0.95662397183226511 -3.0598345615824716 -58.599279944101966 -50.827163803577427 -33.663757126562061 1.420516899419751 31.583912704428851 -19.186206778883935 39.854689201887915
leaf_weight=97 30 182 90 42 54 594 1378 104 30 110 266 252 28 54 139 455 35 262 44 24 162 741 61 54 64 155 622 245 96 34
leaf_count=97 30 182 90 42 54 594 1378 104 30 110 266 252 28 54 139 455 35 262 44 24 162 741 61 54 64 155 622 245 96 34
internal_value=1.80757e-08 4.052 -1.12979 -8.16535 11.2269 -10.7266 8.43659 7.31288 -6.95299 10.8794 15.7915 -3.22013 -3.69784 -6.11778 -6.84219 -5.47695 -1.132 11.4869 20.1399 -22.4594 -14.9063 -6.20598 -3.08663 -29.1392 -33.1774 -0.038638 -5.57828 6.82627 19.3366 -3.74474
internal_weight=6504 2880 1320 720 84 636 1560 600 120 480 370 3624 3527 2123 2095 1956 1339 384 306 78 617 955 856 115 99 1404 777 627 375 130
internal_count=6504 2880 1320 720 84 636 1560 600 120 480 370 3624 3527 2123 2095 1956 1339 384 306 78 617 955 856 115 99 1404 777 627 375 130
cat_boundaries=0 1 2 3 4 5 6 7 8 9
cat_threshold=1 1 2 2 4 1 4 4 4
is_linear=0
shrinkage=0.05


Tree=74
num_leaves=31
num_cat=6
split_feature=9 1 3 1 5 7 4 0 8 4 6 1 0 1 1 6 1 7 1 1 3 3 1 1 3 1 1 1 4 7
split_gain=3.14568e+07 1.7666e+07 1.31216e+07 2.15515e+07 2.12562e+07 1.95065e+07 1.98943e+07 1.70577e+07 1.46052e+07 2.06133e+07 3.23914e+07 3.61035e+07 3.2018e+07 1.98759e+07 2.64979e+07 2.07356e+07 1.82964e+07 1.81352e+07 3.21889e+07 3.15446e+07 2.61082e+07 2.59871e+07 2.58339e+07 2.48694e+07 4.73184e+07 1.82191e+07 3.02059e+07 3.04249e+07 4.42486e+07 2.92158e+07
threshold=7.5000000000000009 20430.054166666669 21157.603557165454 20464.283333333336 -0.98296291314453399 0 -0.5 76084.43467113853 1 -0.5 2 18039.387500000001 50269.209296833345 17507.070833333339 17515.808333333338 3 17504.437500000004 4 18354.39166666667 18145.554166666672 20314.289634861907 18441.082486465039 17507.070833333339 18816.562500000004 15811.683412652475 20193.854166666672 20091.895833333336 19236.020833333336 -0.25881904510252113 5
decision_type=2 2 2 2 2 1 2 2 1 2 1 2 2 2 2 1 2 1 2 2 2 2 2 2 2 2 2 2 2 1
left_child=2 -2 3 8 -4 -6 -7 -8 9 10 12 -12 -1 15 -15 -11 -14 23 19 20 22 -21 -19 24 -10 26 27 -20 -29 -27
right_child=1 -3 4 -5 5 6 7 -9 17 13 11 -13 16 14 -16 -17 -18 18 25 21 -22 -23 -24 -25 -26 29 -28 28 -30 -31
leaf_value=-54.7283304768224 26.636357086312536 5.0354219980072941 -30.42968915004235 18.250899501468826 -32.084848077418442 2.9112350014918444 -4.5126492358724448 -20.810366046364933 0.12421891456259822 14.477289330164593 -16.578730792658671 -94.362497359055737 -34.062666862241684 42.016140520005003 0.066797236338791449 -35.10191373959394 8.5030809086911816 34.276911677098745 5.7434740342278703 92.48658072153728 -25.131024529933931 26.674887447357179 -11.559985735199668 3.4606307468873121 -46.97791354629431 4.2313752408211043 30.970062871509128 -50.017800004193276 -0.24143993336221448 -46.898763220650807
leaf_weight=31 102 1314 77 161 59 872 1135 187 133 30 35 26 31 42 363 71 136 102 661 24 40 40 44 291 89 65 90 66 138 49
leaf_count=31 102 1314 77 161 59 872 1135 187 133 30 35 26 31 42 363 71 136 102 661 24 40 40 44 291 89 65 90 66 138 49
internal_value=-2.74224e-08 6.59142 -1.83441 0.499433 -4.59695 -3.71407 -2.95114 -6.818 -0.601062 -6.40363 -17.8756 -49.7325 -8.06112 -0.531605 4.4171 -20.3754 0.601655 1.82195 4.9244 21.0762 10.6579 51.3543 20.4631 -6.15491 -18.7591 1.1471 3.40235 0.534038 -16.3456 -17.7456
internal_weight=6504 1416 5088 2758 2330 2253 2194 1322 2597 765 259 61 198 506 405 101 167 1832 1319 250 186 64 146 513 222 1069 955 865 204 114
internal_count=6504 1416 5088 2758 2330 2253 2194 1322 2597 765 259 61 198 506 405 101 167 1832 1319 250 186 64 146 513 222 1069 955 865 204 114
cat_boundaries=0 1 2 3 4 5 6
cat_threshold=1 2 1 2 1 4
is_linear=0
shrinkage=0.05


Tree=75
num_leaves=31
num_cat=5
split_feature=9 1 1 1 4 9 1 8 3 0 0 5 3 8 1 4 7 0 7 1 9 1 3 10 5 3 4 7 5 1
split_gain=2.88577e+07 1.53064e+07 1.75149e+07 1.25369e+07 1.14354e+07 1.75948e+07 1.40404e+07 2.31482e+07 1.37303e+07 1.25067e+07 1.19447e+07 1.57641e+07 1.29065e+07 1.41498e+07 3.01645e+07 1.56257e+07 1.38119e+07 1.70314e+07 1.37714e+07 1.2678e+07 1.23342e+07 1.15122e+07 1.06216e+07 1.19675e+07 1.44155e+07 1.1247e+07 1.59916e+07 1.94782e+07 1.77522e+07 1.78418e+07
threshold=6.5000000000000009 20007.720833333336 20108.779166666671 21035.450000000004 0.91597561503675362 8.5000000000000018 21965.104166666668 0 20356.916018994114 67586.176429083353 60140.999651390222 -0.98296291314453399 18823.526507476836 1 20702.375000000004 -1.0000000180025095e-35 2 52000.652156390184 3 21640.254166666669 7.5000000000000009 20681.966666666671 6588.6173625935926 1.0000000180025095e-35 0.1294095225512602 21157.603557165454 -0.37940952255126059 4 1.0000000180025095e-35 17499.425000000007
decision_type=2 2 2 2 2 2 2 1 2 2 2 2 2 1 2 2 1 2 1 2 2 2 2 2 2 2 2 1 2 2
left_child=3 -2 -3 22 6 9 10 -8 21 -6 12 -12 13 14 15 -4 17 -15 -14 -18 -13 -7 -1 25 -25 -24 27 -27 29 -28
right_child=1 2 4 -5 5 8 7 -9 -10 -11 11 20 18 16 -16 -17 19 -19 -20 -21 -22 -23 23 24 -26 26 28 -29 -30 -31
leaf_value=29.325863511745748 21.024504059773903 -39.747647065701699 -63.008317712637101 36.190718042282832 31.303261464739606 -43.143803596496582 -41.797568207695377 -1.5100614094128044 31.694886631965637 -1.0982988690718627 -24.279159124274003 0.62946048157858925 14.203323833147685 -46.345695190429694 18.020605756686287 -13.906917234908704 29.073615142703058 13.22115998586019 -29.456091051232324 -9.7083357528403962 12.248056267246037 0.6590953898429871 -0.22851051562495772 -45.891548840659006 0.17105790196043072 4.9401575998072227 -42.370216876952377 -13.683309661269821 -3.9378529502252237 -13.139401939577162
leaf_weight=26 135 23 26 21 126 24 42 236 20 39 38 337 24 20 52 43 96 30 73 27 709 40 2480 35 33 546 61 189 591 362
leaf_count=26 135 23 26 21 126 24 42 236 20 39 38 337 24 20 52 43 96 30 73 27 709 40 2480 35 33 546 61 189 591 362
internal_value=7.08034e-09 4.72311 3.63635 -2.34851 4.13477 14.1614 2.71057 -7.59666 -4.46654 23.6447 4.65322 7.35553 -2.8386 2.37932 -10.7367 -32.4089 11.553 -10.6056 -18.6538 20.5605 8.50478 -15.767 -2.53572 -2.72851 -23.5376 -2.39391 -5.46434 0.151266 -9.53483 -17.3547
internal_weight=6504 2160 2025 4344 2002 249 1753 278 84 165 1475 1084 391 294 121 69 173 50 97 123 1046 64 4323 4297 68 4229 1749 735 1014 423
internal_count=6504 2160 2025 4344 2002 249 1753 278 84 165 1475 1084 391 294 121 69 173 50 97 123 1046 64 4323 4297 68 4229 1749 735 1014 423
cat_boundaries=0 1 2 3 4 5
cat_threshold=1 2 2 2 4
is_linear=0
shrinkage=0.05


Tree=76
num_leaves=31
num_cat=4
split_feature=9 1 1 1 1 1 0 4 1 5 6 9 2 5 1 9 7 1 9 1 0 1 8 3 3 1 6 9 1 3
split_gain=2.6044e+07 1.3814e+07 1.58072e+07 1.18057e+07 2.38902e+07 3.01819e+07 2.77079e+07 2.06652e+07 2.0291e+07 1.6809e+07 1.40198e+07 1.51852e+07 1.38881e+07 1.24991e+07 1.23565e+07 2.46774e+07 2.57631e+07 3.42449e+07 2.47368e+07 4.53662e+07 3.82587e+07 3.34453e+07 3.29099e+07 3.15769e+07 2.39241e+07 2.5807e+07 2.28107e+07 3.0173e+07 2.14377e+07 8.2052e+07
threshold=6.5000000000000009 20007.720833333336 20108.779166666671 20221.150000000001 20200.775000000005 20102.408333333336 55565.118999500002 -0.60355339059327362 20176.562500000004 -0.70710678118654757 0 5.5000000000000009 40533.975617500015 0.1294095225512602 19178.175000000007 4.5000000000000009 1 17406.837500000005 2.5000000000000004 17507.070833333339 56592.441907333334 18157.095833333336 2 22425.511515306618 15623.910963666031 18539.808333333338 3 3.5000000000000004 17679.104166666668 22181.344437025316
decision_type=2 2 2 2 2 2 2 2 2 2 1 2 2 2 2 2 1 2 2 2 2 2 1 2 2 2 1 2 2 2
left_child=3 -2 -3 4 5 14 -7 8 -8 -6 11 -5 -12 -14 15 16 18 -18 19 -1 -20 23 -23 -21 25 -17 28 -28 -22 -30
right_child=1 2 -4 10 9 6 7 -9 -10 -11 12 -13 13 -15 -16 24 17 -19 20 21 26 22 -24 -25 -26 -27 27 -29 29 -31
leaf_value=-6.3088595924887265 19.973278791639544 -37.760264960579256 3.9280331114074452 7.3782859148802586 -62.067569788642551 -13.336834434362558 41.333476653465858 47.814478439754907 -17.343933599135454 -15.468044770154798 12.476154749968956 64.068673485801341 -24.955213425308468 12.207066770281111 -6.3240934399425566 7.2324987099319706 19.857764623426412 -16.812129813444663 12.038414615181695 99.223138318743025 3.1456797993701437 33.267798995238081 -28.674545221775773 28.426156616210939 15.182253644553326 -39.767710768658183 -63.75807527330187 7.6914565346457735 -4.4758905824153654 -97.89817370710702
leaf_weight=159 135 23 2002 27 23 52 26 72 34 122 145 21 64 35 1692 80 73 498 226 28 184 65 32 36 384 46 45 22 124 29
leaf_count=159 135 23 2002 27 23 52 26 72 34 122 145 21 64 35 1692 80 73 498 226 28 184 65 32 36 384 46 45 22 124 29
internal_value=-1.24341e-08 4.48696 3.45454 -2.23108 -2.93081 -2.19119 17.5767 29.7547 8.08294 -22.8597 7.47881 32.1803 2.61949 -11.817 -3.16817 -0.539007 -3.73044 -12.124 1.31456 12.6353 -4.43567 31.3442 12.8332 59.3998 8.97896 -9.92631 -13.6514 -40.297 -8.35386 -22.1834
internal_weight=6504 2160 2025 4344 4052 3907 184 132 60 145 292 48 244 99 3723 2031 1521 571 950 320 630 161 97 64 510 126 404 67 337 153
internal_count=6504 2160 2025 4344 4052 3907 184 132 60 145 292 48 244 99 3723 2031 1521 571 950 320 630 161 97 64 510 126 404 67 337 153
cat_boundaries=0 1 2 3 4
cat_threshold=1 4 4 4
is_linear=0
shrinkage=0.05


Tree=77
num_leaves=31
num_cat=2
split_feature=3 9 1 2 1 8 1 0 4 2 3 1 0 7 3 1 10 5 3 9 9 3 5 1 3 4 2 0 5 2
split_gain=2.49035e+07 2.59786e+07 1.48732e+07 1.13395e+07 1.70693e+07 2.34562e+07 1.25543e+07 1.25027e+07 1.10292e+07 1.01892e+07 1.00445e+07 1.00048e+07 1.58038e+07 1.91228e+07 9.92966e+06 9.92468e+06 1.12077e+07 1.45622e+07 1.35561e+07 2.29068e+07 6.85132e+07 6.19563e+07 2.98638e+07 2.22899e+07 2.32511e+07 1.92236e+07 2.61193e+07 1.83925e+07 1.80581e+07 3.47594e+07
threshold=30454.997334259326 7.5000000000000009 20430.054166666669 37281.135431750008 22038.241666666672 0 22230.429166666672 73335.470115568198 -0.78656609248549303 45074.969641666685 24373.774939846135 21174.870833333338 52913.345731490561 1 18269.055799120808 16609.01666666667 1.0000000180025095e-35 0.1294095225512602 19927.8236823562 4.5000000000000009 3.5000000000000004 22272.336827037605 0.91597561503675351 19157.266666666674 22662.117511438799 -0.5 29825.346077166669 60647.829716333341 -0.12940952255126037 44844.408808683416
decision_type=2 2 2 2 2 1 2 2 2 2 2 2 2 1 2 2 2 2 2 2 2 2 2 2 2 2 2 2 2 2
left_child=1 15 -3 11 8 6 10 -7 9 -5 -6 -4 -13 -14 -10 -1 18 -18 25 20 22 -22 -20 24 -21 26 -17 -27 -28 -30
right_child=-2 2 3 4 5 7 -8 -9 14 -11 -12 12 13 -15 -16 16 17 -19 19 23 21 -23 -24 -25 -26 27 28 -29 29 -31
leaf_value=20.329085821371812 -35.15116537857056 24.670375015221392 -8.6240716509240443 -29.612318134307863 16.390046711625725 -12.195328944662343 30.706777075565228 -64.918764149058958 40.470983404271749 4.8751177047365282 -21.512607195431539 49.721418587863447 33.052240488606117 -14.792765381932259 12.615593972153329 -36.676369164066934 -47.795910873413085 0.33638610189611262 0.41623131876435066 28.438099581764561 -23.17248939634699 -114.38836639404298 -19.652142393805764 -1.2997381531694012 -9.3308009732386168 3.7051338971292398 7.097487578541041 34.855191997605928 -21.948864561228586 20.717901658254959
leaf_weight=52 50 102 239 24 29 23 33 22 34 199 44 20 31 64 542 62 30 33 1178 137 269 20 220 984 58 1440 256 49 197 63
leaf_count=52 50 102 239 24 29 23 33 22 34 199 44 20 31 64 542 62 30 33 1178 137 269 20 220 984 58 1440 256 49 197 63
internal_value=4.79824e-08 0.272321 6.28309 4.84482 7.69105 -7.72599 5.11396 -37.9712 10.6047 1.16347 -6.45539 -2.79334 9.32444 0.819815 14.2598 -1.40184 -1.62802 -22.5838 -1.36039 -3.58633 -7.32325 -29.485 -2.74188 1.76072 17.2043 1.72599 -6.01328 4.73022 -2.32896 -11.6104
internal_weight=6504 6454 1406 1304 950 151 106 45 799 223 73 354 115 95 576 5048 4996 63 4933 2866 1687 289 1398 1179 195 2067 578 1489 516 260
internal_count=6504 6454 1406 1304 950 151 106 45 799 223 73 354 115 95 576 5048 4996 63 4933 2866 1687 289 1398 1179 195 2067 578 1489 516 260
cat_boundaries=0 1 2
cat_threshold=4 2
is_linear=0
shrinkage=0.05


Tree=78
num_leaves=31
num_cat=6
split_feature=3 9 1 2 1 8 5 0 1 1 4 3 3 8 1 1 7 1 0 7 1 10 5 3 8 4 7 1 9 9
split_gain=2.24754e+07 2.34457e+07 1.3423e+07 1.02339e+07 1.55612e+07 1.91316e+07 1.27432e+07 1.22603e+07 1.15496e+07 1.14238e+07 1.18834e+07 1.92963e+07 9.2539e+06 2.2225e+07 1.7045e+07 1.67882e+07 9.9661e+06 9.02935e+06 1.42629e+07 1.72583e+07 8.95702e+06 1.0115e+07 1.31424e+07 1.23002e+07 1.71732e+07 2.89444e+07 1.89247e+07 1.61611e+07 1.42405e+07 4.50594e+07
threshold=30454.997334259326 7.5000000000000009 20430.054166666669 37281.135431750008 21734.8125 0 -0.37940952255126015 72317.170030621215 22213.291666666668 21657.233333333334 -0.78656609248549303 18269.055799120808 21200.688648230451 1 21233.400000000001 20672.245833333338 2 21174.870833333338 52913.345731490561 3 16609.01666666667 1.0000000180025095e-35 0.1294095225512602 21157.603557165454 4 -0.78656609248549303 5 20464.283333333336 2.5000000000000004 1.5000000000000002
decision_type=2 2 2 2 2 1 2 2 2 2 2 2 2 1 2 2 1 2 2 1 2 2 2 2 1 2 1 2 2 2
left_child=1 20 -3 17 9 7 -7 -6 -9 10 -5 -12 13 15 -14 -13 -17 -4 -19 -20 -1 23 -23 27 25 -25 -26 -22 29 -28
right_child=-2 2 3 4 5 6 -8 8 -10 -11 11 12 14 -15 -16 16 -18 18 19 -21 21 22 -24 24 26 -27 28 -29 -30 -31
leaf_value=19.31263148555389 -33.393607578277589 23.436856062272017 -8.1928680190481398 -3.5061776983326882 20.268816184997561 -52.659820933105358 -9.0253859617493379 -20.489931961468287 19.835558289747972 21.736035836135951 53.881859286014858 -55.336121108315211 26.975358067741691 24.939508954683941 -1.6625205708646229 -19.993803832110238 24.487238788604738 47.235347843170167 31.39962851924281 -14.053127178549767 0.0129971159624288 -45.406115468343103 0.31956704602097025 12.292926200953397 -29.793380940566632 -19.990619793307818 -5.7656036527079539 16.351999954407258 -4.4756736082682425 20.865950206024113
leaf_weight=52 50 102 239 174 75 27 44 56 26 182 26 22 129 48 87 34 20 20 31 64 2523 30 33 88 59 329 401 161 1109 263
leaf_count=52 50 102 239 174 75 27 44 56 26 182 26 22 129 48 87 34 20 20 31 64 2523 30 33 88 59 329 401 161 1109 263
internal_value=-6.05882e-09 0.258705 5.96894 4.60258 7.30649 -4.08106 -25.6188 5.65891 -7.7038 10.9026 7.25128 12.3655 9.1907 -1.69631 15.4407 -18.5189 -3.51934 -2.65367 8.85822 0.778825 -1.33174 -1.54662 -21.4546 -1.29237 -4.01989 -13.1778 -1.93537 0.993094 -1.00834 4.78274
internal_weight=6504 6454 1406 1304 950 228 71 157 82 722 540 366 340 124 216 76 54 354 115 95 5048 4996 63 4933 2249 417 1832 2684 1773 664
internal_count=6504 6454 1406 1304 950 228 71 157 82 722 540 366 340 124 216 76 54 354 115 95 5048 4996 63 4933 2249 417 1832 2684 1773 664
cat_boundaries=0 1 2 3 4 5 6
cat_threshold=4 4 4 2 1 1
is_linear=0
shrinkage=0.05


Tree=79
num_leaves=31
num_cat=4
split_feature=1 1 4 3 7 3 1 1 1 1 3 4 9 9 0 5 1 8 1 9 5 7 8 4 1 1 1 1 5 3
split_gain=2.03388e+07 2.52704e+07 2.21235e+07 1.87336e+07 2.62627e+07 1.47046e+07 2.53382e+07 4.27939e+07 2.34577e+07 3.99573e+07 2.32165e+07 2.29901e+07 3.14437e+07 4.19138e+07 2.4231e+07 2.10657e+07 2.05873e+07 1.97923e+07 1.85835e+07 1.81873e+07 4.7232e+07 3.02451e+07 3.02155e+07 1.98985e+07 1.65509e+07 2.0347e+07 2.86385e+07 3.77517e+07 2.27347e+07 2.20482e+07
threshold=19831.041666666668 19751.383333333335 -0.25881904510252113 12234.145103318357 0 18502.524601906178 19204.258333333335 19236.020833333336 18188.416666666668 18150.687500000004 16994.693249211672 -0.60355339059327362 4.5000000000000009 2.5000000000000004 69676.539540333339 1.0000000180025095e-35 19146.212500000005 1 19715.770833333339 3.5000000000000004 1.0000000180025095e-35 2 3 -0.78656609248549303 19612.591666666671 17509.145833333339 19577.379166666669 19598.654166666671 0.78656609248549303 23867.232180293682
decision_type=2 2 2 2 1 2 2 2 2 2 2 2 2 2 2 2 2 1 2 2 2 1 1 2 2 2 2 2 2 2
left_child=1 5 -3 4 -2 6 8 10 9 17 -8 -7 13 24 -15 -12 -14 -1 -9 20 21 -10 -21 -24 25 -13 -27 28 -28 -29
right_child=3 2 -4 -5 -6 11 7 18 19 -11 15 12 16 14 -16 -17 -18 -19 -20 22 -22 -23 23 -25 -26 26 27 29 -30 -31
leaf_value=-8.2717167370087292 8.0861253306550793 -69.676851477989786 -4.4502457912151625 3.9974349239371167 -41.018358130114422 3.0624917392022604 17.456242100397745 -8.8785349870339427 25.868765346570452 56.689728060695863 27.392446370278634 -20.172252304213387 22.77006644897461 -18.74526709109983 -67.273312213023516 85.224943512678152 -4.5820608319799891 13.439901644934196 36.779793181786168 -61.603934712637034 -64.454097152242852 -34.606527582804368 -26.592876975025451 6.3456892136646355 -24.03163239563213 16.771472308233186 -16.640744956110563 27.37058464643118 -69.180351783489357 -5.1299462393852275
leaf_weight=226 53 26 26 2723 56 734 93 156 44 36 31 112 125 544 27 32 153 196 26 21 49 39 56 253 85 231 71 74 29 177
leaf_count=226 53 26 26 2723 56 734 93 156 44 36 31 112 125 544 27 32 153 196 26 21 49 39 56 253 85 231 71 74 29 177
internal_value=-4.28615e-09 -2.45549 -37.0635 3.18381 -17.1419 -1.95836 2.40823 14.1154 -1.89289 6.12586 33.332 -4.284 -7.59624 -10.7495 -21.0399 56.7677 7.71656 1.81235 -2.35592 -9.84222 -25.5279 -2.54734 -3.56795 0.37624 -3.20677 -0.656171 3.0995 -5.89829 -31.8772 4.45188
internal_weight=6504 3672 52 2832 109 3620 1258 338 920 458 156 2362 1628 1350 571 63 278 422 182 462 132 83 330 309 779 694 582 351 100 251
internal_count=6504 3672 52 2832 109 3620 1258 338 920 458 156 2362 1628 1350 571 63 278 422 182 462 132 83 330 309 779 694 582 351 100 251
cat_boundaries=0 1 2 3 4
cat_threshold=1 2 4 1
is_linear=0
shrinkage=0.05


Tree=80
num_leaves=31
num_cat=8
split_feature=3 9 1 1 5 7 2 1 2 7 1 9 0 7 8 4 1 4 7 6 4 1 6 7 9 5 1 1 1 1
split_gain=2.02119e+07 2.02346e+07 1.30932e+07 1.07081e+07 9.79868e+06 2.71223e+07 2.04943e+07 1.53762e+07 1.2792e+07 2.31316e+07 2.14841e+07 1.37004e+07 1.85995e+07 1.12146e+07 1.08502e+07 1.05945e+07 9.42914e+06 1.53081e+07 1.08304e+07 3.38196e+07 3.34614e+07 2.10396e+07 2.59519e+07 3.37211e+07 7.22244e+07 3.50309e+07 1.57116e+07 2.72195e+07 2.32e+07 2.28164e+07
threshold=30454.997334259326 6.5000000000000009 19650.995833333338 20859.675000000007 -0.12940952255126037 0 24621.747477541674 22195.941666666669 39280.541210305011 1 20687.725000000006 8.5000000000000018 58452.859399635017 2 3 0.25881904510252091 17315.757954545457 0.78656609248549325 4 5 -0.70710678118654735 18552.162500000002 6 7 2.5000000000000004 1.0000000180025095e-35 18913.854166666675 19602.145833333339 18557.520833333336 19587.054166666672
decision_type=2 2 2 2 2 1 2 2 2 1 2 2 2 1 1 2 2 2 1 1 2 2 1 1 2 2 2 2 2 2
left_child=1 3 -3 16 5 -4 -7 15 9 10 -6 12 -11 -10 -9 -8 17 -1 19 20 -18 22 -20 24 -24 -25 28 29 -21 -28
right_child=-2 2 4 -5 8 6 7 14 13 11 -12 -13 -14 -15 -16 -17 18 -19 21 26 -22 -23 23 25 -26 -27 27 -29 -30 -31
leaf_value=17.613332904094744 -31.66739414358139 42.593007989363237 22.371869541803999 24.353678818238087 -22.613058189109523 -49.576374684209412 -5.4760207778173138 -5.6580124594948513 -8.5164255677042782 25.368320704615396 28.657503613403868 -22.778545843760174 -28.201981265728293 11.856338869990843 -55.316294167258526 6.1939739338225799 -80.915489705403658 -23.258742427825929 -28.584933526441457 2.8736719180222785 -12.743522519866627 -1.1688780450591949 -28.167524449135129 1.8686170505440753 65.934909530119469 -36.352038629999704 -4.9029931720019064 4.1770804772466343 28.923486491086635 -25.976984126097079
leaf_weight=126 50 22 120 39 27 23 423 22 74 43 84 120 26 775 22 360 24 28 192 942 72 833 38 138 44 106 706 774 94 157
leaf_count=126 50 22 120 39 27 23 423 22 74 43 84 120 26 775 22 360 24 28 192 942 72 833 38 138 44 106 706 774 94 157
internal_value=-7.00245e-09 0.245332 4.21893 -1.72719 3.82052 0.120007 -3.02143 -1.72668 6.94455 -1.93054 16.1863 -12.5706 5.18241 10.0806 -30.4872 -0.110506 -1.96518 10.182 -2.41922 -0.62858 -29.7865 -6.08931 -14.0019 -5.41312 22.3265 -14.7354 0.418619 -2.63093 5.23727 -8.73685
internal_weight=6504 6454 2141 4313 2119 970 850 827 1149 300 111 189 69 849 44 783 4274 154 4120 2769 96 1351 518 326 82 244 2673 1637 1036 863
internal_count=6504 6454 2141 4313 2119 970 850 827 1149 300 111 189 69 849 44 783 4274 154 4120 2769 96 1351 518 326 82 244 2673 1637 1036 863
cat_boundaries=0 1 2 3 4 5 6 7 8
cat_threshold=1 2 1 4 4 2 4 2
is_linear=0
shrinkage=0.05


Tree=81
num_leaves=31
num_cat=6
split_feature=3 9 1 1 1 9 8 8 1 5 0 1 6 7 1 6 5 3 7 5 3 3 5 3 4 0 4 9 9 1
split_gain=1.82412e+07 1.91849e+07 1.16933e+07 8.4089e+06 1.92022e+07 1.61003e+07 1.68255e+07 1.5797e+07 1.54529e+07 1.28238e+07 1.1819e+07 1.16157e+07 1.68697e+07 1.18006e+07 1.15424e+07 1.10237e+07 1.06145e+07 9.81024e+06 1.72155e+07 1.24058e+07 8.24109e+06 1.02605e+07 1.04379e+07 1.0343e+07 2.84271e+07 1.74535e+07 1.64461e+07 1.7959e+07 5.3512e+07 2.31402e+07
threshold=30454.997334259326 7.5000000000000009 20430.054166666669 21734.8125 21657.233333333334 8.5000000000000018 0 1 21233.400000000001 -0.37940952255126015 68531.874499846293 20665.012500000001 2 3 22230.429166666672 4 -0.70710678118654757 24373.774939846135 5 -0.12940952255126037 7241.9248794303849 10867.40664542691 -0.70710678118654757 18556.060553755651 -0.70710678118654735 63016.957222599289 -0.91597561503675329 4.5000000000000009 2.5000000000000004 19153.016287878792
decision_type=2 2 2 2 2 2 1 1 2 2 2 2 1 1 2 1 2 2 1 2 2 2 2 2 2 2 2 2 2 2
left_child=1 20 -3 4 5 8 9 14 16 -7 -9 13 -13 -8 17 -6 -4 18 -5 -19 -1 22 -22 24 25 -23 -25 28 -28 -29
right_child=-2 2 3 7 15 6 11 10 -10 -11 -12 12 -14 -15 -16 -17 -18 19 -20 -21 21 23 -24 26 -26 -27 27 29 -30 -31
leaf_value=18.596519279021486 -30.084024511337283 21.702083172517664 43.345823907852179 43.396486190795905 51.771865359942119 48.02154646979438 -5.9114775992454369 -0.82376573008875698 -4.2275332759408393 4.4345254744423768 -41.95561271905899 23.843976448263444 -5.6183104434032858 -44.259720257350381 27.875036298311677 15.684923474815305 14.660821135446083 -37.61016139984131 -5.2236944130997163 6.2069826829433445 -19.39120080460545 -15.059163329365489 9.8125382765745499 6.0806640585849463 6.1288733593609059 25.119034744898482 0.2652037245584718 17.348473139182151 -17.793364028373674 -2.1541529318435568
leaf_weight=52 50 102 43 25 24 27 47 31 85 45 40 56 367 35 39 179 129 35 67 30 142 273 39 479 1153 30 987 179 702 1012
leaf_count=52 50 102 43 25 24 27 47 31 85 45 40 56 367 35 39 179 129 35 67 30 142 273 39 479 1153 30 987 179 702 1012
internal_value=-1.03378e-08 0.233065 5.39844 4.12316 6.16051 2.80375 -1.83267 -3.78972 13.2131 20.7797 -23.9966 -5.05661 -1.71787 -22.2796 3.53013 19.9514 21.8321 -2.51733 7.98831 -17.3869 -1.20563 -1.41173 -13.0987 -0.972412 2.5474 -11.0811 -2.49812 -3.92493 -7.24049 0.776972
internal_weight=6504 6454 1406 1304 1037 834 577 267 257 72 71 505 423 82 196 203 172 157 92 65 5048 4996 181 4815 1456 303 3359 2880 1689 1191
internal_count=6504 6454 1406 1304 1037 834 577 267 257 72 71 505 423 82 196 203 172 157 92 65 5048 4996 181 4815 1456 303 3359 2880 1689 1191
cat_boundaries=0 1 2 3 4 5 6
cat_threshold=1 4 1 4 2 4
is_linear=0
shrinkage=0.05


Tree=82
num_leaves=31
num_cat=7
split_feature=3 9 1 4 2 5 7 1 8 3 8 3 2 4 1 1 1 1 3 8 4 7 1 8 7 1 1 9 1 1
split_gain=1.64627e+07 1.73143e+07 1.05532e+07 8.02363e+06 8.00815e+06 1.30886e+07 1.83831e+07 1.82906e+07 1.13e+07 1.00932e+07 9.75461e+06 8.93475e+06 1.2574e+07 1.12338e+07 9.38238e+06 8.62911e+06 7.82155e+06 7.81557e+06 8.86898e+06 1.54839e+07 2.50289e+07 1.7229e+07 1.4274e+07 1.37724e+07 2.04417e+07 1.96058e+07 3.06666e+07 1.94606e+07 6.21326e+07 4.44217e+07
threshold=30454.997334259326 7.5000000000000009 20430.054166666669 0.37940952255126054 37281.135431750008 1.0000000180025095e-35 0 21704.933333333338 1 24373.774939846135 2 18269.055799120808 45736.252793875014 0.25881904510252091 21169.054166666672 20674.554166666672 20233.275000000005 16609.01666666667 21157.603557165454 3 -0.78656609248549303 4 20464.283333333336 5 6 20241.179166666672 20193.854166666672 2.5000000000000004 17502.866666666672 17515.808333333338
decision_type=2 2 2 2 2 2 1 2 1 2 1 2 2 2 2 2 2 2 2 1 2 1 2 1 1 2 2 2 2 2
left_child=1 17 3 16 -4 6 -6 10 9 -9 -8 -12 15 14 -14 -13 -3 -1 22 20 -20 -21 23 24 -19 26 27 28 -26 -30
right_child=-2 2 4 -5 5 -7 7 8 -10 -11 11 12 13 -15 -16 -17 -18 18 19 21 -22 -23 -24 -25 25 -27 -28 -29 29 -31
leaf_value=18.138791904082666 -28.579822751045228 33.962426289645109 -2.5018573713715133 38.81622918781482 37.202452933788301 12.315266651788662 28.098922729492188 17.190201150454008 -41.496555556749044 -20.964169634764012 27.276229029688341 -45.67573699951172 17.215139226479963 26.183438920974734 -10.713240742432445 -8.7386418700218211 -2.8394803319658557 -33.292323673717561 11.315199087966572 -28.275651340161343 -18.705420735686747 -0.81044739627327145 15.005016045540756 2.0016925847239175 -43.271315914247097 -52.324232025146493 50.116787151054098 -9.4601441172816259 71.143414410352705 7.5955168550664727
leaf_weight=52 50 22 354 38 32 464 37 26 38 52 29 21 44 48 95 64 42 63 88 59 329 1773 161 1832 41 20 27 475 40 88
leaf_count=52 50 22 354 38 32 464 37 26 38 52 29 21 44 48 95 64 42 63 88 59 329 1773 161 1832 41 20 27 475 40 88
internal_value=3.37676e-08 0.221412 5.12852 20.617 3.917 6.30887 0.574359 -2.00736 -19.1385 -8.24605 3.87195 0.893888 -1.91893 5.32895 -1.8726 -17.8643 9.81118 -1.14535 -1.34606 -3.67431 -12.3701 -1.69497 0.560106 -0.33921 -6.02692 -3.54107 -2.08703 -4.2757 10.296 27.4542
internal_weight=6504 6454 1406 102 1304 950 486 454 116 78 338 301 272 187 139 85 64 5048 4996 2249 417 1832 2747 2586 754 691 671 644 169 128
internal_count=6504 6454 1406 102 1304 950 486 454 116 78 338 301 272 187 139 85 64 5048 4996 2249 417 1832 2747 2586 754 691 671 644 169 128
cat_boundaries=0 1 2 3 4 5 6 7
cat_threshold=1 4 1 1 1 2 2
is_linear=0
shrinkage=0.05


Tree=83
num_leaves=31
num_cat=7
split_feature=3 9 1 1 1 7 0 1 4 7 6 4 1 6 7 9 5 1 1 3 2 0 8 1 8 1 3 2 3 3
split_gain=1.48576e+07 1.57807e+07 1.28985e+07 1.46726e+07 9.55292e+06 8.95065e+06 1.50395e+07 8.49197e+06 1.37085e+07 9.55899e+06 3.10963e+07 2.98779e+07 1.97332e+07 2.30594e+07 3.19789e+07 6.29372e+07 3.20271e+07 1.48775e+07 2.39038e+07 3.1466e+07 2.17454e+07 2.17121e+07 2.90901e+07 1.83777e+07 3.24393e+07 2.06966e+07 1.81025e+07 1.66721e+07 2.43904e+07 1.57474e+07
threshold=30454.997334259326 6.5000000000000009 20007.720833333336 20108.779166666671 21035.450000000004 0 62656.745852250016 17315.757954545457 0.78656609248549325 1 2 -0.70710678118654735 18552.162500000002 3 4 2.5000000000000004 1.0000000180025095e-35 18913.854166666675 20040.262500000004 23389.702318315027 54493.029678761777 56592.441907333334 5 17495.937500000004 6 17483.612878787881 24964.191812451598 35392.425405153088 18594.9937565482 16060.941128441218
decision_type=2 2 2 2 2 1 2 2 2 1 1 2 2 1 1 2 2 2 2 2 2 2 1 2 1 2 2 2 2 2
left_child=1 4 5 -4 7 -3 -7 8 -1 10 11 -9 13 -11 15 -15 -16 20 -19 27 21 22 -12 24 25 -23 -25 -20 -29 -24
right_child=-2 2 3 -5 -6 6 -8 9 -10 12 17 -13 -14 14 16 -17 -18 18 19 -21 -22 23 29 26 -26 -27 -28 28 -30 -31
leaf_value=16.864757527623858 -27.150831579208376 46.367072494824725 -36.993300321827768 3.1732369387346693 32.109354000999815 34.1695002981957 -3.0789897680282596 -76.711849721272799 -21.812916466167994 -26.984081634134057 35.226193193821679 -12.293578781021967 -0.85173703980333393 -25.264083420602901 1.6561869113341623 62.580001813715164 -34.889077142387066 -5.7758167307105088 -7.7006325169417424 -34.840774069334337 30.128698243771073 31.332078071740955 -7.1911213816076085 -1.8375952492822663 -66.759478082328016 -26.878574080080597 29.226717865467073 49.96867357889812 11.687925844224154 19.692044166194069
leaf_weight=126 50 24 23 1983 21 47 64 24 28 192 105 72 848 38 138 44 106 1249 76 38 81 26 138 478 29 37 52 51 226 90
leaf_count=126 50 24 23 1983 21 47 64 24 28 192 105 72 848 38 138 44 106 1249 76 38 81 26 138 478 29 37 52 51 226 90
internal_value=1.12651e-08 0.210341 3.71948 2.7127 -1.53162 18.6794 12.6929 -1.69622 9.83245 -2.12527 -0.438289 -28.3981 -5.54862 -13.2377 -5.14173 21.8718 -14.22 0.564756 -2.39837 8.39048 5.25541 3.14574 13.4494 -2.37055 -22.9989 -2.85513 1.21022 13.0443 18.736 3.42065
internal_weight=6504 6454 2141 2006 4313 135 111 4292 154 4138 2772 96 1366 518 326 82 244 2676 1640 391 1036 955 333 622 92 63 530 353 277 228
internal_count=6504 6454 2141 2006 4313 135 111 4292 154 4138 2772 96 1366 518 326 82 244 2676 1640 391 1036 955 333 622 92 63 530 353 277 228
cat_boundaries=0 1 2 3 4 5 6 7
cat_threshold=2 4 2 4 2 4 4
is_linear=0
shrinkage=0.05


Tree=84
num_leaves=31
num_cat=4
split_feature=9 1 9 1 0 3 8 4 1 3 1 3 2 5 1 3 5 4 0 1 1 0 3 6 1 8 1 7 3 1
split_gain=1.34582e+07 1.10973e+07 2.31236e+07 2.38724e+07 1.9514e+07 1.8717e+07 1.61588e+07 1.36683e+07 1.01964e+07 1.15556e+07 9.16369e+06 1.13313e+07 9.98053e+06 8.97071e+06 8.96513e+06 8.7765e+06 2.77862e+07 1.69259e+07 1.39136e+07 2.07317e+07 1.48846e+07 1.15285e+07 1.05794e+07 1.25452e+07 1.13669e+07 1.2647e+07 2.38157e+07 3.80755e+07 4.45852e+07 2.2895e+07
threshold=7.5000000000000009 21734.8125 8.5000000000000018 20653.858333333334 63837.201095552162 18905.662759849198 0 -0.70710678118654735 21162.787500000002 24610.785403644 21546.808333333338 19027.176112165795 39902.359479166684 -0.5 20732.300000000007 27018.938753765487 -0.12940952255126037 0.12940952255126045 75159.484055374211 19587.054166666672 19603.404166666671 83388.336358129702 22088.176824426966 1 20464.283333333336 2 18188.416666666668 3 17531.87540002292 20421.645833333339
decision_type=2 2 2 2 2 2 1 2 2 2 2 2 2 2 2 2 2 2 2 2 2 2 2 1 2 1 2 1 2 2
left_child=15 2 5 -4 10 13 -3 -6 -7 -10 14 -12 -13 -2 -5 18 21 -18 22 -20 -21 -17 24 -24 25 29 27 28 -27 -1
right_child=1 6 3 4 7 8 -8 -9 9 -11 11 12 -14 -15 -16 16 17 -19 19 20 -22 -23 23 -25 -26 26 -28 -29 -30 -31
leaf_value=-4.4944112889613619 69.620861110687258 -43.941387526194262 -30.891268498556958 -4.672669878519244 4.1446944409998778 23.405731276103431 -0.9751830777814311 30.664363717497068 15.955448312349617 -3.2636650460997441 29.554536637594534 -28.585708649953204 17.01338817278544 26.390119607448579 -36.479741803805034 -23.652808273856962 3.0182170925469234 52.823077459335337 41.301119439498244 -27.785700435023156 9.9753292043281334 -1.077257848389541 23.983525355656944 -5.9651232154913085 12.075955149284299 8.1154915035472204 -1.0517214225176912 21.495763994256656 -58.273663955264624 -58.680339050292972
leaf_weight=771 20 24 56 288 107 126 248 89 160 153 43 24 24 30 24 199 116 20 46 31 165 79 36 1219 193 85 1766 306 36 20
leaf_count=771 20 24 56 288 107 126 248 89 160 153 43 24 24 30 24 199 116 20 46 31 165 79 36 1219 193 85 1766 306 36 20
internal_value=-1.02264e-08 4.31137 6.4697 0.327582 3.24621 14.6969 -4.76632 16.1868 11.3956 6.5608 -3.04748 10.9133 -5.78616 43.6824 -7.11937 -1.19986 -8.17739 10.3425 -0.581828 11.0927 4.00292 -17.2375 -1.21929 -5.10604 0.316081 -0.444527 1.51041 12.107 -11.6367 -5.86447
internal_weight=6504 1416 1144 655 599 489 272 196 439 313 403 91 48 50 312 5088 414 136 4674 242 196 278 4432 1255 3177 2984 2193 427 121 791
internal_count=6504 1416 1144 655 599 489 272 196 439 313 403 91 48 50 312 5088 414 136 4674 242 196 278 4432 1255 3177 2984 2193 427 121 791
cat_boundaries=0 1 2 3 4
cat_threshold=1 1 2 1
is_linear=0
shrinkage=0.05


Tree=85
num_leaves=31
num_cat=7
split_feature=3 9 1 1 1 9 3 1 1 1 7 3 1 8 3 3 1 5 7 1 8 9 6 1 7 3 6 2 1 3
split_gain=1.29391e+07 1.34333e+07 1.20446e+07 1.30629e+07 8.44318e+06 8.48261e+06 2.74078e+07 1.75393e+07 4.98211e+07 3.72272e+07 2.80939e+07 2.7767e+07 2.41132e+07 5.53823e+07 3.02661e+07 2.18224e+07 2.2728e+07 1.74178e+07 1.73721e+07 1.63585e+07 1.61993e+07 3.35329e+07 3.62877e+07 2.57412e+07 2.71928e+07 3.67167e+07 3.61286e+07 2.28457e+07 2.00046e+07 1.97485e+07
threshold=30454.997334259326 6.5000000000000009 20007.720833333336 20108.779166666671 21035.450000000004 2.5000000000000004 23602.413946675308 19577.379166666669 19598.654166666671 17509.145833333339 0 24082.656050551508 18157.095833333336 1 22031.539729966524 23749.951172220768 20602.530681818185 0.78656609248549303 2 17315.757954545457 3 3.5000000000000004 4 18291.229166666668 5 17531.87540002292 6 35104.966121208352 20211.433333333338 21518.415203754997
decision_type=2 2 2 2 2 2 2 2 2 2 1 2 2 1 2 2 2 2 1 2 1 2 1 2 1 2 1 2 2 2
left_child=1 4 -3 -4 5 7 19 9 17 -1 12 -12 14 -14 -11 16 -10 18 -9 -7 21 -21 -23 24 25 -22 -26 -24 -29 -25
right_child=-2 2 3 -5 -6 6 -8 8 15 10 11 -13 13 -15 -16 -17 -18 -19 -20 20 23 22 27 29 26 -27 -28 28 -30 -31
leaf_value=-6.7427970646652273 -25.337391551971436 17.890231127120831 -35.003593701901643 2.8955796389404238 30.215776897612074 31.668094314883156 -21.407580673444958 17.165031535364687 18.177937085425807 102.62465275851164 -13.882867222902727 39.144518242460315 36.077813342484568 -26.6390287766854 27.783500845772881 -5.6680239236176906 -29.354445169653214 -64.066703217605067 -30.346374879055418 -37.651210447497988 3.7541029002568496 -45.056686388452846 -10.86428941303396 -1.0278934185459032 10.242476204560514 -67.53460444609324 58.376214005730368 7.1882929927682229 54.791484671372636 -16.097532587964089
leaf_weight=257 50 135 23 1983 21 36 191 24 247 22 98 33 132 48 35 335 28 29 97 92 73 48 187 1442 342 24 44 146 26 256
leaf_count=257 50 135 23 1983 21 36 191 24 247 22 98 33 132 48 35 335 28 29 97 92 73 48 187 1442 342 24 44 146 26 256
internal_value=-1.59184e-08 0.196292 3.43392 2.46104 -1.41089 -1.56563 -3.09992 1.65471 -3.44781 7.85938 18.0571 -0.524824 28.3281 19.3533 56.6696 2.90039 13.3383 -29.2638 -20.9226 -1.81245 -2.26219 -10.3891 -4.22672 -0.402793 9.78199 -13.8843 15.7292 1.23244 14.3841 -3.29988
internal_weight=6504 6454 2141 2006 4313 4292 2907 1385 760 625 368 131 237 180 57 610 275 150 121 2716 2680 499 407 2181 483 97 386 359 172 1698
internal_count=6504 6454 2141 2006 4313 4292 2907 1385 760 625 368 131 237 180 57 610 275 150 121 2716 2680 499 407 2181 483 97 386 359 172 1698
cat_boundaries=0 1 2 3 4 5 6 7
cat_threshold=4 4 2 2 2 1 4
is_linear=0
shrinkage=0.05


Tree=86
num_leaves=31
num_cat=4
split_feature=3 9 1 3 3 3 4 0 4 0 2 9 9 1 3 1 1 1 1 7 6 5 6 1 3 5 7 3 3 2
split_gain=1.16776e+07 1.25084e+07 8.57198e+06 7.32339e+06 1.18013e+07 9.10144e+06 2.41398e+07 1.5603e+07 1.3626e+07 1.50801e+07 2.74552e+07 1.45755e+07 4.57287e+07 2.23821e+07 3.80887e+07 2.00574e+07 1.53113e+07 3.58666e+07 3.37235e+07 2.8009e+07 2.09219e+07 1.86867e+07 1.51015e+07 1.44751e+07 6.978e+07 1.89238e+07 1.84925e+07 1.74058e+07 1.57107e+07 1.9531e+07
threshold=30454.997334259326 7.5000000000000009 20430.054166666669 7921.4074209296814 10867.40664542691 18556.060553755651 -0.70710678118654735 50269.209296833345 -0.91597561503675329 68244.663425366205 48617.926023457701 4.5000000000000009 2.5000000000000004 19229.07916666667 21391.274423540322 19153.016287878792 19577.379166666669 17515.808333333338 19596.858333333334 0 1 0.60355339059327384 2 17679.104166666668 22088.176824426966 -0.70710678118654757 3 23749.951172220768 21004.446763828495 43695.987368416674
decision_type=2 2 2 2 2 2 2 2 2 2 2 2 2 2 2 2 2 2 2 1 1 2 1 2 2 2 1 2 2 2
left_child=1 3 -3 -1 -5 6 7 -6 9 10 -7 12 16 22 -15 -13 17 19 21 -10 -19 -18 -14 26 25 -25 -24 -28 -27 -30
right_child=-2 2 -4 4 5 8 -8 -9 11 -11 -12 15 13 14 -16 -17 18 20 -20 -21 -22 -23 23 24 -26 28 27 -29 29 -31
leaf_value=14.226672361294428 -24.070522139549254 18.316388126448089 3.2654261131410949 -14.79347122576929 -43.052608370780945 10.096573793003849 5.8255309518068019 -6.1347834456670771 -44.201562799726219 0.72843127559425069 74.797143325805663 16.157487581428867 -48.754731895305497 -18.037683119092669 -80.761098968281473 -1.999592495288538 -15.648459683765067 28.007098242050827 0.73306443630910123 2.2776870393417252 -15.744779890775682 -61.275784189560831 -44.655309255226797 -45.619903354644777 -78.566895116247792 10.303148050045749 12.343453976687265 -15.983881232284364 -38.1447593971535 2.8339356997656449
leaf_weight=78 50 102 1304 155 32 91 1153 271 42 368 20 179 27 84 34 1012 66 187 484 142 32 34 23 30 41 109 153 84 54 63
leaf_count=78 50 102 1304 155 32 91 1153 271 42 368 20 179 27 84 34 1012 66 187 484 142 32 34 23 30 41 109 153 84 54 63
internal_value=3.28643e-09 0.186478 4.35732 -0.97521 -1.21379 -0.776647 2.52516 -10.0337 -2.20785 5.60082 21.7543 -3.50659 -6.49353 -16.2488 -36.1105 0.729305 0.444872 7.94159 -4.72838 -8.33171 21.6141 -31.1618 -12.2357 -10.4654 -18.007 -8.30794 -1.85065 2.30339 -3.35503 -16.0793
internal_weight=6504 6454 1406 5048 4970 4815 1456 303 3359 479 111 2880 1689 702 118 1191 987 403 584 184 219 100 584 557 297 256 260 237 226 117
internal_count=6504 6454 1406 5048 4970 4815 1456 303 3359 479 111 2880 1689 702 118 1191 987 403 584 184 219 100 584 557 297 256 260 237 226 117
cat_boundaries=0 1 2 3 4
cat_threshold=2 4 1 1
is_linear=0
shrinkage=0.05


Tree=87
num_leaves=31
num_cat=1
split_feature=3 9 1 9 1 0 3 0 4 8 1 1 3 3 1 3 3 1 5 1 0 1 3 2 4 9 4 5 1 4
split_gain=1.0539e+07 1.12888e+07 8.37591e+06 2.22657e+07 2.16163e+07 1.76114e+07 1.63418e+07 1.29563e+07 1.23356e+07 1.09618e+07 9.93449e+06 8.94462e+06 1.07782e+07 8.47514e+06 8.27023e+06 1.02265e+07 9.5229e+06 8.09103e+06 7.85983e+06 7.2724e+06 1.10532e+07 6.76036e+06 7.36084e+06 1.43012e+07 2.20942e+07 2.69647e+07 5.51159e+07 3.79646e+07 2.37691e+07 1.97899e+07
threshold=30454.997334259326 7.5000000000000009 21734.8125 8.5000000000000018 20653.858333333334 63837.201095552162 17380.192498966568 72317.170030621215 -0.70710678118654735 0 22213.291666666668 21993.533333333336 18956.849326958985 23336.472018454922 21546.808333333338 19027.176112165795 21600.004328367675 20732.300000000007 0.60355339059327384 21162.787500000002 63658.391952583341 16609.01666666667 20677.729386114919 43319.386962000026 -0.5 3.5000000000000004 0.12940952255126045 0.91597561503675351 17451.616666666672 -1.0000000180025095e-35
decision_type=2 2 2 2 2 2 2 2 2 1 2 2 2 2 2 2 2 2 2 2 2 2 2 2 2 2 2 2 2 2
left_child=1 21 3 6 -5 14 -3 11 13 10 -9 12 -4 -7 17 -16 -17 -6 -13 -8 -21 -1 23 24 -23 26 27 -26 -27 -30
right_child=-2 2 7 4 5 8 19 9 -10 -11 -12 18 -14 -15 15 16 -18 -19 -20 20 -22 22 -24 -25 25 28 -28 -29 29 -31
leaf_value=17.008684748869676 -22.866995723724369 55.272849273681643 -34.523183396339412 -29.708508409772602 -4.7470867524544396 14.286275889593012 22.002744537411317 -19.402957650593351 28.823095321655273 -43.310210523934202 17.996825467623196 25.611307133205475 7.5331111822372838 -14.951793201153095 27.768760037976644 -24.627088083539689 20.546157732009888 -34.963805182774863 -5.564244899749756 24.831740711864672 3.0874375867749393 -10.388189786001547 -3.0193177600563406 11.335821279612455 24.303968061850625 -46.664488710675926 -19.735486166183655 -35.48228227496147 -7.9512242857785154 9.7522047320099485
leaf_weight=52 50 23 25 56 288 68 132 56 89 29 26 62 39 39 43 28 20 24 30 76 253 453 2515 286 156 21 333 32 187 1013
leaf_count=52 50 23 25 56 288 68 132 56 89 29 26 62 39 39 43 28 20 24 30 76 253 453 2515 286 156 21 333 32 187 1013
internal_value=-4.03216e-08 0.177154 4.13945 6.00793 -0.0014429 2.77585 14.1404 -3.83131 15.0694 -16.8887 -7.54449 5.45952 -8.89513 3.62941 -3.20315 10.0596 -5.8049 -7.07145 15.4454 12.0883 8.11044 -0.92645 -1.11312 0.819192 -0.551085 2.00701 -7.51618 14.1276 6.07056 6.99342
internal_weight=6504 6454 1406 1139 655 599 484 267 196 111 82 156 64 107 403 91 48 312 92 461 329 5048 4996 2481 2195 1742 521 188 1221 1200
internal_count=6504 6454 1406 1139 655 599 484 267 196 111 82 156 64 107 403 91 48 312 92 461 329 5048 4996 2481 2195 1742 521 188 1221 1200
cat_boundaries=0 1
cat_threshold=4
is_linear=0
shrinkage=0.05


Tree=88
num_leaves=31
num_cat=4
split_feature=9 5 4 7 7 9 0 8 4 3 3 9 3 2 3 5 1 9 3 1 1 3 1 3 4 1 3 1 1 6
split_gain=9.53822e+06 1.98439e+07 2.2452e+07 1.2061e+07 9.98875e+06 1.31725e+07 1.17394e+07 1.50011e+07 9.65956e+06 1.74686e+07 1.99778e+07 1.84821e+07 1.90055e+07 1.2181e+07 1.46563e+07 1.18676e+07 1.13271e+07 2.27534e+07 5.33988e+07 3.32629e+07 4.17484e+07 2.04423e+07 2.15639e+07 2.00842e+07 1.83928e+07 2.94209e+07 2.67514e+07 2.36564e+07 2.9473e+07 1.62604e+07
threshold=5.5000000000000009 -0.12940952255126037 0.25881904510252091 0 1 8.5000000000000018 74398.946743889173 2 0.91597561503675362 17321.313053806236 18502.524601906178 4.5000000000000009 19385.217026861814 31135.709248000003 16385.88009252958 1.0000000180025095e-35 19229.07916666667 3.5000000000000004 21874.847449542594 19577.379166666669 19600.241666666669 21561.659067585028 19609.62272727273 24964.191812451598 -1.0000000180025095e-35 19232.783333333336 20595.376116464529 20091.895833333336 20137.350000000002 3
decision_type=2 2 2 1 1 2 2 1 2 2 2 2 2 2 2 2 2 2 2 2 2 2 2 2 2 2 2 2 2 1
left_child=8 2 -2 -3 5 -4 7 -6 16 13 -11 12 -12 -10 -15 -14 -1 19 24 23 29 22 -22 -18 25 -19 -26 -27 -29 -21
right_child=1 3 4 -5 6 -7 -8 -9 9 10 11 -13 15 14 -16 -17 17 18 -20 20 21 -23 -24 -25 26 27 -28 28 -30 -31
leaf_value=1.6793318551462311 -8.3168281406536693 -6.1316083013356391 1.4408926955196595 7.5634333857014795 -4.2945318812415714 -36.816285451253258 -7.9460033385984365 17.844969092024133 -6.6027312517166141 30.301706147805238 -57.607632478078216 26.6741053880964 -23.416090683465782 -75.707601202101941 -22.58070631728453 -0.77520394096266765 64.893678528921939 32.869753821690878 -90.925661359514507 -16.805346758663656 42.507276412187998 -3.1251789244402826 5.6391638850377612 13.471396927914379 5.8125905395959911 -37.430752694131677 -53.349482654389888 41.753776729583741 -27.126079482567022 -55.705293459050793
leaf_weight=1921 720 182 90 1378 105 30 93 282 40 39 21 35 86 21 34 177 28 24 21 128 59 339 121 59 212 138 21 25 41 34
leaf_count=1921 720 182 90 1378 105 30 93 282 40 39 21 35 86 21 34 177 28 24 21 128 59 339 121 59 212 138 21 25 41 34
internal_value=-1.85519e-08 2.14789 -2.36405 5.96568 4.77928 -8.1234 8.00495 11.8381 -1.70693 -8.53666 -3.47876 -7.60866 -11.8336 -27.597 -42.8655 -8.17869 -0.731253 -4.43584 -12.951 0.908338 -2.81091 4.10565 17.7237 30.0211 -9.39906 -19.4952 0.480387 -25.6557 -1.03522 -24.9695
internal_weight=6504 2880 1320 1560 600 120 480 387 3624 453 358 319 284 95 55 263 3171 1250 482 768 681 519 180 87 461 228 233 204 66 162
internal_count=6504 2880 1320 1560 600 120 480 387 3624 453 358 319 284 95 55 263 3171 1250 482 768 681 519 180 87 461 228 233 204 66 162
cat_boundaries=0 1 2 3 4
cat_threshold=1 2 2 4
is_linear=0
shrinkage=0.05


Tree=89
num_leaves=31
num_cat=3
split_feature=3 9 1 9 1 0 3 8 4 1 0 1 3 3 7 5 1 3 1 1 3 3 10 5 1 6 1 9 1 0
split_gain=9.39751e+06 9.7709e+06 7.59059e+06 2.00265e+07 1.92096e+07 1.57728e+07 1.4723e+07 1.18137e+07 1.11118e+07 9.43864e+06 9.32845e+06 8.14076e+06 7.696e+06 7.65942e+06 1.44642e+07 1.01724e+07 7.4052e+06 9.78239e+06 7.50616e+06 7.02573e+06 8.14212e+06 6.51738e+06 7.13035e+06 1.19015e+07 1.02508e+07 1.29483e+07 9.8718e+06 2.92968e+07 2.75867e+07 1.75914e+07
threshold=30454.997334259326 7.5000000000000009 21734.8125 8.5000000000000018 20653.858333333334 63837.201095552162 18905.662759849198 0 -0.70710678118654735 22230.429166666672 68531.874499846293 21180.133333333335 23336.472018454922 24373.774939846135 1 -0.12940952255126037 21546.808333333338 19927.8236823562 20732.300000000007 21162.787500000002 24610.785403644 6588.6173625935926 1.0000000180025095e-35 0.1294095225512602 17315.757954545457 2 17493.779166666667 3.5000000000000004 17451.616666666672 52913.345731490561
decision_type=2 2 2 2 2 2 2 1 2 2 2 2 2 2 1 2 2 2 2 2 2 2 2 2 2 1 2 2 2 2
left_child=1 21 3 6 -5 16 11 9 12 13 -9 -3 -7 14 -4 -15 18 -18 -6 -8 -21 -1 24 -24 25 -23 27 28 -26 -30
right_child=-2 2 7 4 5 8 19 10 -10 -11 -12 -13 -14 15 -16 -17 17 -19 -20 20 -22 22 23 -25 26 -27 -28 -29 29 -31
leaf_value=24.10940795311561 -21.593132682800295 63.746931886672975 38.865627281188971 -28.071368326459613 -4.5286993483598863 13.482922708286958 20.331359429420935 -0.62180978713497037 27.2390565207835 24.61052601154034 -37.163876533508301 22.564515794118247 -14.378782066932093 -34.324356416974751 -5.7003645329333068 5.3531229750315354 23.012765235039922 -10.361793115976695 -33.632810449600221 14.134833865873516 -2.1364994645118713 43.535241998944969 -37.380967221941269 4.4727178747003729 48.131843510541053 4.4975354042920204 -0.6536024374424898 -58.482977821087019 30.466403161911742 -18.962907191212217
leaf_weight=26 50 20 25 56 288 68 126 31 89 39 40 30 39 35 67 30 54 37 24 160 148 28 35 33 22 88 4640 29 21 126
leaf_count=26 50 20 25 56 288 68 126 31 89 39 40 30 39 35 67 30 54 37 24 160 148 28 35 33 22 88 4640 29 21 126
internal_value=3.60286e-08 0.167285 3.85358 5.6323 -0.0668767 2.55124 13.345 -3.73432 14.1854 2.59576 -21.2089 39.0375 3.32772 -2.87288 6.40996 -16.0117 -3.10707 9.44289 -6.76748 10.3851 6.31614 -0.859444 -0.988713 -17.0696 -0.767982 13.9204 -1.12016 -12.0537 -4.08658 -11.9016
internal_weight=6504 6454 1406 1139 655 599 484 267 196 196 71 50 107 157 92 65 403 91 312 434 308 5048 5022 68 4954 116 4838 198 169 147
internal_count=6504 6454 1406 1139 655 599 484 267 196 196 71 50 107 157 92 65 403 91 312 434 308 5048 5022 68 4954 116 4838 198 169 147
cat_boundaries=0 1 2 3
cat_threshold=4 4 2
is_linear=0
shrinkage=0.05


Tree=90
num_leaves=31
num_cat=4
split_feature=3 3 7 1 1 1 1 1 0 7 4 4 9 7 1 3 3 1 1 1 1 7 1 2 9 1 1 1 5 1
split_gain=8.62218e+06 1.60959e+07 9.73522e+06 1.09104e+07 9.02116e+06 2.34265e+07 1.27215e+07 2.88811e+07 1.96023e+07 1.47184e+07 1.39623e+07 1.3433e+07 1.31096e+07 1.28406e+07 2.12545e+07 1.87261e+07 1.21149e+07 2.62666e+07 5.64793e+07 2.70478e+07 3.52851e+07 2.31426e+07 4.38285e+07 2.29313e+07 1.95548e+07 4.17029e+07 1.87076e+07 4.81562e+07 4.42652e+07 3.14123e+07
threshold=8399.1068652846079 10867.40664542691 0 19984.237500000003 19831.041666666668 19751.383333333335 20200.775000000005 20211.433333333338 55565.118999500002 1 -1.0000000180025095e-35 0.91597561503675362 8.5000000000000018 2 20102.408333333336 23438.544449234036 19780.655842890224 19204.258333333335 19236.020833333336 18188.416666666668 18150.687500000004 3 18543.879166666669 27733.210390666671 5.5000000000000009 19593.566666666669 19157.266666666674 19261.966666666671 -0.70710678118654757 19577.379166666669
decision_type=2 2 1 2 2 2 2 2 2 1 2 2 2 1 2 2 2 2 2 2 2 1 2 2 2 2 2 2 2 2
left_child=-1 2 -2 -4 5 16 8 9 10 -8 -6 -9 -13 14 -10 -16 17 19 -19 20 -3 23 -23 -21 25 -20 -18 28 -28 -29
right_child=1 4 3 -5 6 -7 7 11 13 -11 -12 12 -14 -15 15 -17 26 18 24 21 -22 22 -24 -25 -26 -27 27 29 -30 -31
leaf_value=14.281094126517957 -0.50828928400258555 1.7471454076357742 -16.802625476170892 -56.970542092756801 -41.406231855309528 -39.574725596904756 -63.129184225331187 0.44672957819290149 -4.4951279384024607 -14.799568417310716 2.1967800766557128 18.348581192382547 -4.9453123163609281 45.936633173624678 35.206501044545853 -11.895340281266433 1.4738625196151534 32.805933794901549 -40.204496747652691 41.535826901027136 47.97595779170161 -56.647808602318833 -6.528317280578614 -6.2691360399760772 20.547088384628296 8.3283805890215774 -71.238210285541626 22.179749571299947 -16.8524957501226 -5.5145792884626417
leaf_weight=104 61 402 73 22 23 40 23 2013 94 50 91 215 84 36 112 26 997 194 75 28 46 67 125 241 64 108 43 122 288 637
leaf_count=104 61 402 73 22 23 40 23 2013 94 50 91 215 84 36 112 26 997 194 75 28 46 67 125 241 64 108 43 122 288 637
internal_value=2.89563e-08 -0.232068 -16.0958 -26.1047 0.164272 -1.53113 2.2947 0.937885 10.7659 -30.0267 -6.60032 1.91557 11.8045 18.1531 13.8418 26.3322 -1.08837 2.60255 12.6156 -2.25529 6.49385 -10.7577 -24.0179 -1.29315 -3.24234 -11.5621 -3.47589 -8.00332 -23.9177 -1.06305
internal_weight=6504 6400 156 95 6244 3477 2767 2385 382 73 114 2312 299 268 232 138 3437 1350 441 909 448 461 192 269 247 183 2087 1090 331 759
internal_count=6504 6400 156 95 6244 3477 2767 2385 382 73 114 2312 299 268 232 138 3437 1350 441 909 448 461 192 269 247 183 2087 1090 331 759
cat_boundaries=0 1 2 3 4
cat_threshold=1 2 4 4
is_linear=0
shrinkage=0.05


Tree=91
num_leaves=31
num_cat=6
split_feature=3 9 1 9 1 3 1 8 6 5 8 7 3 1 3 7 5 4 3 1 0 1 3 5 0 9 3 0 6 1
split_gain=8.42462e+06 8.61696e+06 7.01974e+06 1.75878e+07 1.7641e+07 1.33289e+07 1.29078e+07 1.2774e+07 1.34211e+07 1.22042e+07 1.06703e+07 9.42771e+06 8.72159e+06 8.47269e+06 6.81269e+06 1.29425e+07 9.1806e+06 6.46015e+06 6.20913e+06 6.01259e+06 9.06822e+06 5.85938e+06 6.27512e+06 1.28455e+07 1.48674e+07 2.13143e+07 2.55134e+07 2.42367e+07 1.99358e+07 2.83788e+07
threshold=30454.997334259326 7.5000000000000009 21734.8125 8.5000000000000018 20665.012500000001 17380.192498966568 21664.279166666671 0 1 -0.12940952255126037 2 3 24195.693601173767 22230.429166666672 24373.774939846135 4 -0.12940952255126037 0.37940952255126054 19750.358280652104 21162.787500000002 63658.391952583341 16609.01666666667 20677.729386114919 -0.12940952255126037 72160.787186620073 4.5000000000000009 23336.472018454922 67035.256491876076 5 17507.070833333339
decision_type=2 2 2 2 2 2 2 1 1 2 1 1 2 2 2 1 2 2 2 2 2 2 2 2 2 2 2 2 1 2
left_child=1 21 3 5 11 -3 7 9 -9 -6 13 18 -12 14 15 -4 -16 -2 -5 -7 -21 -1 -23 -24 25 26 27 28 -25 -30
right_child=17 2 10 4 6 19 -8 8 -10 -11 12 -13 -14 -15 16 -17 -18 -19 -20 20 -22 22 23 24 -26 -27 -28 -29 29 -31
leaf_value=15.891469586812534 -36.375710732596268 49.706293255349863 36.613579254150395 8.2732031668386163 51.460553625355601 19.720156213370238 26.735163681595413 21.034931618507422 -5.1538833844107259 4.0146663029988607 -7.7616207224257456 -40.148169304983959 -44.807715193430589 23.197005731631549 -32.630474248613631 -5.5429965423114265 5.0631304740905767 -0.1692595958709717 -22.254255783557895 22.233926762718905 2.538654268612504 0.80452670147526129 -7.4486830044930983 25.191728348202176 8.5749424062318198 5.9279791568451667 2.3318459606552961 -39.710836434918782 22.925788928432898 -20.530953279821791
leaf_weight=52 28 23 25 31 23 132 54 56 387 33 47 35 24 39 35 67 30 22 36 76 253 2481 919 36 382 448 343 86 44 257
leaf_count=52 28 23 25 31 23 132 54 56 387 33 47 35 24 39 35 67 30 22 36 76 253 2481 919 36 382 448 343 86 44 257
internal_value=-4.16165e-09 0.158389 3.62017 5.3307 -0.0102152 12.5586 3.51389 1.00096 -1.84333 23.5014 -3.67682 -19.1164 -20.2842 2.33913 -2.84213 5.91259 -15.2334 -20.4449 -8.12961 10.7052 7.08832 -0.805808 -0.979598 -2.7396 -0.0280477 -2.73508 -7.80173 -16.0188 -9.97275 -14.1785
internal_weight=6504 6454 1406 1139 655 484 553 499 443 56 267 102 71 196 157 92 65 50 67 461 329 5048 4996 2515 1596 1214 766 423 337 301
internal_count=6504 6454 1406 1139 655 484 553 499 443 56 267 102 71 196 157 92 65 50 67 461 329 5048 4996 2515 1596 1214 766 423 337 301
cat_boundaries=0 1 2 3 4 5 6
cat_threshold=1 1 4 4 4 1
is_linear=0
shrinkage=0.05


Tree=92
num_leaves=31
num_cat=4
split_feature=3 3 7 1 3 1 1 4 1 2 4 7 3 4 1 1 1 8 9 3 4 1 9 1 3 8 1 1 9 3
split_gain=7.70535e+06 1.44817e+07 8.87119e+06 9.75929e+06 7.72878e+06 7.83686e+06 2.13319e+07 1.11494e+07 1.0903e+07 1.00567e+07 2.15328e+07 1.48245e+07 1.27748e+07 1.75358e+07 1.24454e+07 1.8855e+07 1.9308e+07 2.07859e+07 1.64306e+07 4.43474e+07 4.06805e+07 4.46568e+07 3.71131e+07 2.78723e+07 2.25969e+07 2.14074e+07 2.10669e+07 3.34878e+07 3.21656e+07 2.35841e+07
threshold=8399.1068652846079 10867.40664542691 0 19984.237500000003 30454.997334259326 19831.041666666668 19751.383333333335 -0.5 19929.39166666667 30713.049575416673 -0.5 1 15623.910963666031 0.25881904510252091 19170.850000000002 18557.520833333336 18913.854166666675 2 3.5000000000000004 20789.29974032475 -0.25881904510252113 19261.966666666671 1.5000000000000002 19596.858333333334 23749.951172220768 3 19261.966666666671 19223.979166666668 4.5000000000000009 19453.160321201904
decision_type=2 2 1 2 2 2 2 2 2 2 2 1 2 2 2 2 2 1 2 2 2 2 2 2 2 1 2 2 2 2
left_child=-1 2 -2 -4 5 6 9 -8 -7 10 -3 -11 13 -12 15 -13 -17 -18 22 26 -21 25 23 -16 -25 -22 27 -20 -28 -29
right_child=1 4 3 -5 -6 8 7 -9 -10 11 12 14 -14 -15 18 16 17 -19 19 20 21 -23 -24 24 -26 -27 28 29 -30 -31
leaf_value=13.500480861489017 -0.38693414281626221 -26.207478969097139 -16.023387765394499 -54.013281377879061 -19.422628562927247 27.285788857659629 -63.972393283843999 -11.176974725723268 1.9091330771161978 -11.590550388851224 23.475111745385561 0.062838886044260425 38.815213696549584 -5.003151846450308 -28.305463640689851 32.3108602293212 12.359484851902181 -35.789181878831656 -8.8410592035566058 -11.360425747049099 -99.611491883106737 4.3921631854513414 28.143044231154704 21.317000334853429 -4.8353274705123344 -37.927355007691823 -73.192776272513655 41.957478086948399 -5.5985866552049472 2.9300632095336918
leaf_weight=104 61 40 73 22 50 43 20 20 2705 337 102 1187 41 115 95 99 132 27 175 147 39 23 110 109 341 22 22 80 88 75
leaf_count=104 61 40 73 22 50 43 20 20 2705 337 102 1187 41 115 95 99 132 27 175 147 39 23 110 109 341 22 22 80 88 75
internal_value=-1.49355e-09 -0.219383 -15.2667 -24.821 0.156559 0.314608 -1.2736 -37.5747 2.30622 -0.847276 7.92692 -1.68856 13.2191 8.38294 -0.484313 2.72561 14.9764 4.1833 -3.98231 -9.48131 -27.2217 -54.9789 1.65103 -3.69599 1.49935 -77.3648 -0.167612 6.14899 -19.1174 23.0732
internal_weight=6504 6400 156 95 6244 6194 3446 40 2748 3406 298 3108 258 217 2771 1445 258 159 1326 671 231 84 655 545 450 61 440 330 110 155
internal_count=6504 6400 156 95 6244 6194 3446 40 2748 3406 298 3108 258 217 2771 1445 258 159 1326 671 231 84 655 545 450 61 440 330 110 155
cat_boundaries=0 1 2 3 4
cat_threshold=1 1 4 4
is_linear=0
shrinkage=0.05


Tree=93
num_leaves=31
num_cat=4
split_feature=3 3 2 4 8 10 5 3 5 0 7 5 3 1 1 5 1 1 1 9 7 0 1 1 7 5 0 1 3 0
split_gain=6.95408e+06 1.33474e+07 1.17525e+07 1.11573e+07 9.18191e+06 8.83386e+06 2.50933e+07 1.03784e+07 1.80125e+07 1.776e+07 1.78766e+07 1.5501e+07 2.26441e+07 2.07659e+07 2.3143e+07 1.92317e+07 1.78907e+07 2.82355e+07 2.25721e+07 2.21495e+07 1.48604e+07 2.55117e+07 1.45147e+07 1.83607e+07 1.42387e+07 1.40223e+07 1.28959e+07 1.407e+07 2.27332e+07 1.2242e+07
threshold=8399.1068652846079 12234.145103318357 25066.109309227279 0.78656609248549325 0 1.0000000180025095e-35 0.60355339059327384 18556.060553755651 -0.98296291314453399 57327.910610166669 1 -0.37940952255126015 16626.071712668887 19146.212500000005 19229.07916666667 0.60355339059327384 18039.387500000001 17502.866666666672 17406.837500000005 3.5000000000000004 2 58073.060697653818 18535.100000000002 19215.26666666667 3 0.60355339059327384 56592.441907333334 19146.212500000005 20677.729386114919 58534.263873850148
decision_type=2 2 2 2 1 2 2 2 2 2 1 2 2 2 2 2 2 2 2 2 1 2 2 2 1 2 2 2 2 2
left_child=-1 3 -3 4 -2 7 -7 11 -9 10 -10 20 25 16 15 -15 17 18 -14 -18 21 22 -4 -24 -21 -13 27 -12 -29 -11
right_child=1 2 5 -5 -6 6 -8 8 9 29 26 12 13 14 -16 -17 19 -19 -20 24 -22 -23 23 -25 -26 -27 -28 28 -30 -31
leaf_value=12.825456649752764 -24.97791554948558 36.764264124090026 16.596347770690919 14.463182645095024 -5.6854563624787158 -37.7013803416828 14.757878732681275 -19.475692665482327 -54.021428719433871 13.593201772641329 10.868764426644924 -18.062590692930694 32.802009400867284 11.53226491383144 5.3105584992442223 59.671789848513725 -52.263505397698822 60.293711566925055 -32.100135064125062 18.102339999603505 12.217350267397913 42.394096336364754 -66.703476572036749 -11.119881326724322 -31.372930967005402 7.4509811723735968 -26.329534139633179 -4.4347133202114319 -52.977263532366067 0.13498158799029458
leaf_weight=104 115 22 20 38 133 53 40 126 22 177 113 223 21 42 285 41 39 20 37 33 617 20 24 39 26 71 75 174 28 3726
leaf_count=104 115 22 20 38 133 53 40 126 22 177 113 223 21 42 285 41 39 20 37 33 617 20 24 39 26 71 75 174 28 3726
internal_value=3.10647e-09 -0.208414 0.28544 -10.7658 -14.6316 0.153704 -15.1383 0.390769 -0.841031 -0.29689 -10.17 3.90195 -0.720901 5.32137 12.0772 35.312 -8.80446 9.06425 -8.60108 -23.0265 9.28244 -8.29854 -20.5136 -32.2946 -3.70032 -11.9011 -7.69628 -3.25979 -11.1634 0.745308
internal_weight=6504 6400 6114 286 248 6092 93 5999 4441 4315 412 1558 838 544 368 83 176 78 58 98 720 103 83 63 59 294 390 315 202 3903
internal_count=6504 6400 6114 286 248 6092 93 5999 4441 4315 412 1558 838 544 368 83 176 78 58 98 720 103 83 63 59 294 390 315 202 3903
cat_boundaries=0 1 2 3 4
cat_threshold=2 1 2 4
is_linear=0
shrinkage=0.05


Tree=94
num_leaves=31
num_cat=6
split_feature=3 9 1 9 1 3 3 8 5 4 8 3 6 1 7 5 7 5 1 3 3 1 3 7 5 0 4 3 1 1
split_gain=6.80869e+06 7.36914e+06 6.34345e+06 1.57362e+07 1.62095e+07 1.40084e+07 1.17167e+07 9.61635e+06 8.35267e+06 8.33679e+06 8.32572e+06 1.31876e+07 9.3392e+06 1.13545e+07 1.10205e+07 7.7917e+06 1.10873e+07 1.26825e+07 7.5991e+06 7.37712e+06 6.84407e+06 6.7088e+06 6.09971e+06 1.17276e+07 8.35963e+06 5.80118e+06 5.7829e+06 5.61227e+06 7.3998e+06 6.54981e+06
threshold=30454.997334259326 7.5000000000000009 21734.8125 8.5000000000000018 20653.858333333334 21200.688648230451 17380.192498966568 0 -0.37940952255126015 -0.70710678118654735 1 18676.409843648791 2 20667.275000000005 3 0.37940952255126048 4 -0.60355339059327384 22230.429166666672 15811.683412652475 23336.472018454922 20674.554166666672 24373.774939846135 5 0.37940952255126048 68661.978402980618 0.37940952255126054 24809.663217828616 21162.787500000002 21649.529166666671
decision_type=2 2 2 2 2 2 2 1 2 2 1 2 1 2 1 2 1 2 2 2 2 2 2 1 2 2 2 2 2 2
left_child=1 -1 3 6 -5 10 -3 18 -9 20 -6 12 14 -14 -12 16 17 -16 22 -17 -7 -13 23 -4 -24 -10 -2 -8 -29 -30
right_child=26 2 7 4 5 9 27 8 25 -11 11 21 13 -15 15 19 -18 -19 -20 -21 -22 -23 24 -25 -26 -27 -28 28 29 -31
leaf_value=-0.74926406043277627 -33.452466746738985 46.635221464737604 34.719916107177731 -25.807085721833364 22.399349301656088 15.325758857261844 15.249011095178373 -41.251386993902706 13.96341691017151 22.156613899754213 -38.812192531426746 -44.22894408486107 -19.550657737731935 17.978006370250995 -54.988237444559729 36.591190719604491 13.917012546680594 -1.7818669696648914 21.871588997351822 -5.8395634171366702 -13.932475960560334 -13.35897576158697 -27.782860795656845 -5.4093887919810282 9.7171669711237385 -22.498031147321068 0.80358606685291645 16.627603055285171 -12.720692684173585 9.0549597525969148
leaf_weight=5048 28 23 25 56 30 41 245 27 20 113 24 22 25 104 21 21 27 24 39 20 39 88 42 67 23 24 22 77 75 64
leaf_count=5048 28 23 25 56 30 41 245 27 20 113 24 22 25 104 21 21 27 24 39 20 39 88 42 67 23 24 22 77 75 64
internal_value=9.87208e-09 0.142391 3.34372 4.96977 -0.0821941 2.3228 11.8066 -3.59287 -19.3588 13.4129 -2.94908 -4.97156 1.05007 10.705 -8.04108 -1.50562 -11.4133 -26.6115 2.11824 15.8933 1.06237 -19.533 -2.78864 5.49531 -14.5136 -5.92465 -18.3798 10.069 4.19348 -2.69449
internal_weight=6504 6454 1406 1139 655 599 484 267 71 193 406 376 266 129 137 113 72 45 196 41 80 110 157 92 65 44 50 461 216 139
internal_count=6504 6454 1406 1139 655 599 484 267 71 193 406 376 266 129 137 113 72 45 196 41 80 110 157 92 65 44 50 461 216 139
cat_boundaries=0 1 2 3 4 5 6
cat_threshold=4 1 2 4 2 4
is_linear=0
shrinkage=0.05


Tree=95
num_leaves=31
num_cat=4
split_feature=3 3 7 1 0 1 3 1 1 1 3 5 2 7 1 3 2 0 5 8 4 1 1 1 0 4 3 1 1 8
split_gain=6.34963e+06 1.15892e+07 7.36093e+06 8.28899e+06 6.82984e+06 1.33107e+07 8.89035e+06 7.54399e+06 1.8344e+07 1.24772e+07 1.14575e+07 1.31529e+07 9.71805e+06 9.27678e+06 3.16439e+07 3.07407e+07 2.39248e+07 1.20383e+07 1.58349e+07 2.87842e+07 1.14934e+07 1.13889e+07 1.22093e+07 1.10631e+07 1.06267e+07 9.24437e+06 8.32854e+06 1.02563e+07 1.91241e+07 2.01919e+07
threshold=8399.1068652846079 10867.40664542691 0 19984.237500000003 42890.444056500004 18145.554166666672 11913.969310749244 19831.041666666668 19751.383333333335 19929.39166666667 23602.413946675308 -0.98296291314453399 26245.855353666673 1 20674.554166666672 20565.67363147403 35289.667217588205 60140.999651390222 0.37940952255126048 2 0.37940952255126054 21174.870833333338 20091.895833333336 20183.087500000005 67680.303014791672 0.78656609248549325 20041.714912913416 20200.775000000005 20612.337500000001 3
decision_type=2 2 1 2 2 2 2 2 2 2 2 2 2 1 2 2 2 2 2 1 2 2 2 2 2 2 2 2 2 1
left_child=-1 2 -2 -4 5 -3 -6 8 12 -9 13 -12 -8 14 15 16 -11 18 19 20 -15 22 -21 -20 -16 26 -19 -28 29 -29
right_child=1 4 3 -5 6 -7 7 9 -10 10 11 -13 -14 17 24 -17 -18 25 23 21 -22 -23 -24 -25 -26 -27 27 28 -30 -31
leaf_value=12.255392422011266 -0.10597888602585089 -10.35867696762085 -14.255341034392789 -49.26677835637873 -18.116911331575309 44.871432431538899 30.070762512207036 29.870825586318972 -35.922315262493335 -25.947836089134217 -29.800751921187999 -1.4746704673644195 -1.219647401013793 -33.26387427193778 13.366779591892305 3.533914639836266 -89.180965350923088 16.479164021295659 11.84866729927063 -9.6723478603363038 0.64479237210516838 -5.8582788045589744 24.544912114664541 -14.473236345401919 -19.732866738523757 19.91891247660088 20.279778680048494 -37.331391319177918 7.3183157707143707 5.6265803206200697
leaf_weight=104 61 20 73 22 67 24 25 40 38 52 43 873 3335 49 181 63 21 170 50 30 51 52 199 198 28 179 76 59 270 51
leaf_count=104 61 20 73 22 67 24 25 40 38 52 43 873 3335 49 181 63 21 170 50 30 51 52 199 198 28 179 76 59 270 51
internal_value=-2.69147e-08 -0.19915 -13.6601 -22.3633 0.137158 19.7668 -0.00214969 0.195745 -1.37752 2.15039 1.73895 -2.80439 -0.986832 4.0783 -3.28285 -22.0548 -44.1382 5.84929 0.666651 7.06717 -15.9705 15.2656 20.0623 -9.1664 8.93238 9.89883 7.03366 3.51231 0.158813 -17.4145
internal_weight=6504 6400 156 95 6244 44 6200 6133 3398 2735 2695 916 3360 1779 345 136 73 1434 629 381 100 281 229 248 209 805 626 456 380 110
internal_count=6504 6400 156 95 6244 44 6200 6133 3398 2735 2695 916 3360 1779 345 136 73 1434 629 381 100 281 229 248 209 805 626 456 380 110
cat_boundaries=0 1 2 3 4
cat_threshold=1 2 2 4
is_linear=0
shrinkage=0.05


Tree=96
num_leaves=31
num_cat=5
split_feature=3 1 5 7 2 4 2 1 9 3 1 7 8 3 1 1 1 1 6 9 3 8 3 1 2 9 3 4 5 1
split_gain=6.19394e+06 5.89963e+06 8.8159e+06 1.98786e+07 1.15451e+07 1.10505e+07 1.34832e+07 8.94767e+06 1.31047e+07 1.08126e+07 8.56442e+06 1.05662e+07 1.6623e+07 1.25132e+07 1.19813e+07 7.62502e+06 7.30181e+06 7.25349e+06 1.29111e+07 9.587e+06 1.27146e+07 1.35591e+07 1.31342e+07 1.69822e+07 7.75872e+06 6.97116e+06 2.49557e+07 1.93867e+07 2.59663e+07 1.77111e+07
threshold=30908.467491710664 20444.575000000001 1.0000000180025095e-35 0 24621.747477541674 -0.91597561503675329 37375.808857833348 21192.020833333339 5.5000000000000009 24132.652317535834 20612.337500000001 1 2 22610.492374998368 20702.375000000004 21696.658333333336 21162.787500000002 20417.916666666668 3 6.5000000000000009 18378.004498391369 4 24195.693601173767 20007.720833333336 43695.987368416674 2.5000000000000004 23602.413946675308 -1.0000000180025095e-35 -0.60355339059327384 19013.812500000004
decision_type=2 2 2 1 2 2 2 2 2 2 2 1 1 2 2 2 2 2 1 2 2 1 2 2 2 2 2 2 2 2
left_child=1 17 3 5 -5 -3 15 8 -6 10 -10 12 -12 -14 -13 -7 -11 19 -19 25 -21 22 -22 -24 -23 27 -27 28 -1 -28
right_child=-2 2 -4 4 7 6 -8 -9 9 16 11 14 13 -15 -16 -17 -18 18 -20 20 21 24 23 -25 -26 26 29 -29 -30 -31
leaf_value=25.264271148285236 -24.839746566772462 -14.665900921821596 5.9821598127296429 -38.630286606498387 -25.150713804033071 29.819049423619322 59.453330031685212 -7.4381554583434415 -29.051887779235841 41.135996201459108 -8.4068793357364715 -35.931826039018304 33.17621450129851 -10.13510266258603 7.2526668084992316 -4.2246859977985256 3.6371956779843289 -48.038987804594498 -5.7399419814348223 42.825633025169374 -17.616920354889661 41.409419238182807 37.692069508688796 -3.2903966426849367 10.603855202992758 -1.2797475774901548 -10.874943960061039 -3.7961362084631576 2.1134813626163775 -45.64198681354523
leaf_weight=166 25 20 912 23 36 38 23 435 20 34 63 29 81 21 36 29 21 21 128 24 82 31 35 91 60 2684 137 701 448 50
leaf_count=166 25 20 912 23 36 38 23 435 20 34 63 29 81 21 36 29 21 21 128 24 82 31 35 91 60 2684 137 701 448 50
internal_value=-1.63211e-08 0.0958471 2.50893 -0.975754 -3.71925 18.952 26.4226 -2.68451 3.37952 6.74703 2.33135 5.06033 11.7867 24.2592 -12.0143 15.0837 26.8183 -0.847526 -11.7016 -0.488854 7.81098 5.00044 -2.04227 8.09362 21.0981 -1.12929 -2.51021 1.88564 8.37249 -20.1709
internal_weight=6504 6479 1821 909 799 110 90 776 341 305 250 230 165 102 65 67 55 4658 149 4509 323 299 208 126 91 4186 2871 1315 614 187
internal_count=6504 6479 1821 909 799 110 90 776 341 305 250 230 165 102 65 67 55 4658 149 4509 323 299 208 126 91 4186 2871 1315 614 187
cat_boundaries=0 1 2 3 4 5
cat_threshold=1 4 2 1 4
is_linear=0
shrinkage=0.05


Tree=97
num_leaves=31
num_cat=2
split_feature=3 3 4 2 10 5 3 5 0 7 4 2 4 3 7 0 0 1 3 1 0 1 5 9 1 1 9 1 3 1
split_gain=5.72043e+06 1.0413e+07 1.00343e+07 9.99021e+06 7.72327e+06 2.18627e+07 8.75468e+06 1.50184e+07 1.53824e+07 1.60099e+07 1.36945e+07 1.69632e+07 2.05516e+07 2.2987e+07 1.74407e+07 1.35679e+07 1.15468e+07 1.27138e+07 2.05308e+07 1.12877e+07 1.11355e+07 1.40789e+07 1.48628e+07 1.16634e+07 1.01217e+07 2.67912e+07 2.55048e+07 2.55577e+07 2.1168e+07 2.79914e+07
threshold=8399.1068652846079 12234.145103318357 0.78656609248549325 25066.109309227279 1.0000000180025095e-35 0.60355339059327384 18556.060553755651 -0.98296291314453399 57327.910610166669 0 -0.78656609248549303 35104.966121208352 0.91597561503675362 18083.586750082086 1 52913.345731490561 56592.441907333334 19146.212500000005 20677.729386114919 17501.933333333338 58534.263873850148 17523.445833333335 0.98296291314453421 4.5000000000000009 19602.145833333339 19587.054166666672 2.5000000000000004 17509.145833333339 22088.176824426966 19217.645833333339
decision_type=2 2 2 2 2 2 2 2 2 1 2 2 2 2 1 2 2 2 2 2 2 2 2 2 2 2 2 2 2 2
left_child=-1 2 -2 -3 6 -6 10 -8 9 -9 -5 12 13 -12 -14 -16 17 19 -19 -11 21 -10 23 -23 25 26 27 -22 -28 -30
right_child=1 3 -4 4 5 -7 7 8 20 16 11 -13 14 -15 15 -17 -18 18 -20 -21 24 22 -24 -25 -26 -27 28 -29 29 -31
leaf_value=11.632345224343815 -13.180017637821937 33.879985063726252 14.411736975218119 -6.5085562065620284 -35.23340062375339 13.73267394065857 -17.799549325685653 -50.97447706569325 39.033784856796267 -19.93763690789541 6.6715841917730518 13.259574818762042 10.8834969441096 -46.483946754818874 -37.6366038077756 6.9517517479983244 -24.766212514559427 -4.0552082052861138 -50.186484647755115 18.700067129027978 -9.4066097496091867 -33.51242382898927 39.344530735795317 5.8588381797246551 2.1878407909297732 -20.875910717697554 0.893382458451768 17.128429619081661 -11.437295980302116 -68.574799844493029
leaf_weight=104 248 22 38 277 53 40 126 22 40 24 646 474 42 21 76 22 75 174 28 89 129 24 26 87 2270 186 497 306 315 23
leaf_count=104 248 22 38 277 53 40 126 22 40 24 646 474 42 21 76 22 75 174 28 89 129 24 26 87 2270 186 497 306 315 23
internal_value=-6.14467e-10 -0.189026 -9.51398 0.247176 0.125718 -14.1727 0.347381 -0.783962 -0.287099 -9.47556 3.57222 5.75206 1.34243 4.99802 -16.0738 -27.627 -7.13459 -2.93659 -10.4496 10.4938 0.682833 12.9363 5.31663 -2.65387 0.100743 -3.15318 -0.557568 9.25942 -5.67181 -15.3254
internal_weight=6504 6400 286 6114 6092 93 5999 4441 4315 412 1558 1281 807 667 140 98 390 315 202 113 3903 177 137 111 3726 1456 1270 435 835 338
internal_count=6504 6400 286 6114 6092 93 5999 4441 4315 412 1558 1281 807 667 140 98 390 315 202 113 3903 177 137 111 3726 1456 1270 435 835 338
cat_boundaries=0 1 2
cat_threshold=1 2
is_linear=0
shrinkage=0.05


Tree=98
num_leaves=31
num_cat=6
split_feature=3 9 1 9 1 1 8 6 5 3 8 3 7 3 5 3 1 5 2 1 8 7 3 2 1 1 1 0 3 1
split_gain=5.6781e+06 5.47281e+06 5.74263e+06 1.34855e+07 1.45744e+07 1.08979e+07 9.97336e+06 1.12903e+07 1.02647e+07 9.71861e+06 8.72065e+06 7.78637e+06 1.34015e+07 9.1815e+06 7.19973e+06 7.10426e+06 6.96544e+06 7.52967e+06 7.25636e+06 5.35896e+06 5.59255e+06 1.54373e+07 1.23079e+07 2.43413e+07 1.52634e+07 1.93672e+07 3.32233e+07 2.20755e+07 1.14468e+07 9.65319e+06
threshold=30454.997334259326 7.5000000000000009 21734.8125 8.5000000000000018 20665.012500000001 21664.279166666671 0 1 -0.12940952255126037 18905.662759849198 2 21874.847449542594 3 19750.358280652104 -0.5 24195.693601173767 21944.637500000008 -0.12940952255126037 40790.662518877776 16609.01666666667 4 5 24743.287908519629 52603.692246101928 18913.854166666675 19602.145833333339 19610.404545454552 79912.255069038103 26626.813042387497 17507.070833333339
decision_type=2 2 2 2 2 2 1 1 2 2 1 2 1 2 2 2 2 2 2 2 1 1 2 2 2 2 2 2 2 2
left_child=1 19 3 9 11 6 8 -8 -6 14 16 12 13 -5 -3 -12 17 -4 -18 -1 -21 -22 23 29 -24 -26 -27 28 -28 -23
right_child=-2 2 10 4 5 -7 7 -9 -10 -11 15 -13 -14 -15 -16 -17 18 -19 -20 20 21 22 24 -25 25 26 27 -29 -30 -31
leaf_value=15.329980909824371 -16.784588668823243 54.876715140342711 -33.374845608234402 7.0705968795284155 46.176368066538942 24.299413834567424 19.123892042466576 -4.8961891087142693 2.6635711178635106 8.3602228936151288 -7.422700009447464 7.9957157674690951 -53.640388064914283 -35.748561873890104 16.147611293792725 -40.857909568150838 28.443641526771316 2.3443413496017458 1.4700256279870576 0.3405106431555478 -23.727485176317138 -12.258988086425049 25.34248228527251 34.148373514292189 -48.54996604032295 49.307337188720709 -22.395127333664313 16.752834690534154 -67.102457150545987 0.030536760568944485
leaf_weight=52 50 20 25 31 23 54 56 387 33 434 47 23 27 21 30 24 33 36 102 3402 87 187 21 49 43 20 41 26 22 1098
leaf_count=52 50 20 25 31 23 54 56 387 33 434 47 23 27 21 30 24 33 36 102 3402 87 187 21 49 43 20 41 26 22 1098
internal_value=-1.25347e-08 0.130032 2.88888 4.43601 -0.24074 2.96245 0.653441 -1.85979 20.5349 10.7651 -3.71104 -17.6071 -25.061 -10.2218 31.6393 -18.7247 1.72759 -12.2947 8.06358 -0.638379 -0.804583 -3.2485 -2.06624 -0.439004 -14.6138 -20.1341 -8.92416 -22.0099 -38.0072 -1.7579
internal_weight=6504 6454 1406 1139 655 553 499 443 56 484 267 102 79 52 50 71 196 61 135 5048 4996 1594 1507 1334 173 152 109 89 63 1285
internal_count=6504 6454 1406 1139 655 553 499 443 56 484 267 102 79 52 50 71 196 61 135 5048 4996 1594 1507 1334 173 152 109 89 63 1285
cat_boundaries=0 1 2 3 4 5 6
cat_threshold=1 1 4 4 4 2
is_linear=0
shrinkage=0.05


Tree=99
num_leaves=31
num_cat=3
split_feature=3 5 1 1 8 3 2 6 1 1 7 1 5 10 0 1 3 10 5 4 9 0 4 4 1 0 9 1 1 1
split_gain=5.36964e+06 2.57396e+07 1.51213e+07 1.39649e+07 9.84952e+06 1.26818e+07 8.11031e+06 9.96296e+06 8.39625e+06 1.77031e+07 1.35818e+07 3.22e+07 1.63274e+07 1.46761e+07 1.28914e+07 1.16899e+07 1.13751e+07 1.07904e+07 9.81282e+06 1.44444e+07 1.14859e+07 7.60954e+06 7.03578e+06 6.74196e+06 1.34142e+07 6.8266e+06 6.76117e+06 1.52909e+07 1.27565e+07 1.1315e+07
threshold=26301.156689255422 -0.12940952255126037 17500.226136363639 18568.144696969703 0 27018.938753765487 54875.019384499996 1 20102.408333333336 20137.350000000002 2 20217.095833333336 0.25881904510252057 1.0000000180025095e-35 57214.103033750005 20732.300000000007 25880.066658792028 1.0000000180025095e-35 0.60355339059327384 0.12940952255126045 5.5000000000000009 62236.308236999997 -0.5 0.25881904510252091 20204.404166666671 74398.946743889173 7.5000000000000009 20421.645833333339 20581.299999999999 20227.841666666671
decision_type=2 2 2 2 1 2 2 1 2 2 1 2 2 2 2 2 2 2 2 2 2 2 2 2 2 2 2 2 2 2
left_child=6 2 -2 -4 -3 -6 8 -8 -1 14 11 -11 15 16 -10 22 18 -14 23 20 -20 -17 -13 26 -25 -26 27 29 -29 -12
right_child=1 4 3 -5 5 -7 7 -9 9 10 13 12 17 -15 -16 21 -18 -19 19 -21 -22 -23 -24 24 25 -27 -28 28 -30 -31
leaf_value=-1.4111168871870865 -53.904917755126952 10.075938567104719 22.36686895489693 -11.876029818943728 -33.889580797776581 9.3707196871439624 12.936977007648219 -15.017737888645483 6.377116884504046 -49.42305441391774 -1.9227965901406965 -2.7869073251198078 4.9110989149155158 -34.775025510787962 61.146001243591314 20.440495808919273 -29.540213773647949 43.934583508968359 -25.024698702494305 -8.9554428599395006 11.324967394963556 -10.035304813031798 -32.014828682365554 42.336053050648083 10.643131082763256 -17.759751215848055 9.181161582417884 -53.354001944405695 -8.5291815567016602 30.669280983742915
leaf_weight=3338 20 302 32 428 32 36 230 37 21 39 89 29 155 24 22 33 24 20 24 255 230 54 71 33 551 22 229 21 65 38
leaf_count=3338 20 302 32 428 32 36 230 37 21 39 89 29 155 24 22 33 24 20 24 255 230 54 71 33 551 22 229 21 65 38
internal_value=4.0925e-08 -3.70528 -11.3444 -9.49392 6.2049 -10.9871 0.557037 9.0631 0.135444 2.65493 1.97448 -6.25643 -1.60589 4.03093 34.3984 -11.8783 4.62002 9.37093 5.14657 -0.549093 7.89035 1.52448 -23.5387 7.91288 11.3379 9.55262 3.2171 -3.19496 -19.4748 7.82916
internal_weight=6504 850 480 460 370 68 5654 267 5387 2049 2006 401 362 1605 43 187 1581 175 1557 509 254 87 100 1048 606 573 442 213 86 127
internal_count=6504 850 480 460 370 68 5654 267 5387 2049 2006 401 362 1605 43 187 1581 175 1557 509 254 87 100 1048 606 573 442 213 86 127
cat_boundaries=0 1 2 3
cat_threshold=4 4 2
is_linear=0
shrinkage=0.05


Tree=100
num_leaves=31
num_cat=4
split_feature=3 3 0 1 3 2 7 1 0 9 5 4 0 3 1 9 1 3 1 1 3 7 4 1 7 5 1 9 1 6
split_gain=5.29748e+06 9.05601e+06 6.55635e+06 1.17673e+07 7.32013e+06 6.11795e+06 6.00701e+06 6.64747e+06 5.73027e+06 5.8382e+06 1.09458e+07 1.66353e+07 1.09362e+07 1.08608e+07 1.30244e+07 8.92185e+06 1.52155e+07 4.06516e+07 1.60207e+07 3.24779e+07 2.75281e+07 2.3113e+07 3.80534e+07 2.26751e+07 2.02168e+07 1.79567e+07 1.6213e+07 1.49765e+07 5.36877e+07 3.25988e+07
threshold=8399.1068652846079 10867.40664542691 42890.444056500004 18145.554166666672 11913.969310749244 24621.747477541674 0 19984.237500000003 45024.618656225895 5.5000000000000009 -0.12940952255126037 0.25881904510252091 54506.000779166665 17414.858562918645 20692.475000000002 2.5000000000000004 19229.07916666667 21391.274423540322 19236.020833333336 19831.041666666668 20129.212056289016 1 -1.0000000180025095e-35 20137.350000000002 2 0.91597561503675351 19231.125000000004 3.5000000000000004 17477.004166666669 3
decision_type=2 2 2 2 2 2 1 2 2 2 2 2 2 2 2 2 2 2 2 2 2 1 2 2 1 2 2 2 2 1
left_child=-1 6 3 -3 5 -4 -2 -8 -6 15 11 -11 -13 14 -12 -10 27 18 20 21 26 25 -23 -21 -25 -20 -18 28 -17 -30
right_child=1 2 4 -5 8 -7 7 -9 9 10 13 12 -14 -15 -16 16 17 -19 19 23 -22 22 -24 24 -26 -27 -28 -29 29 -31
leaf_value=11.194067147144906 0.1631945086307213 -8.9771139144897472 -34.848565627910475 42.952335039774582 18.788302389005334 -4.0451741981506348 -12.682397451466079 -44.035975942828443 1.7029424027741304 -7.0190554590344085 -19.532059399454219 25.21424596556302 2.2512107593454953 5.8742886916126205 10.700276153129444 49.889228500723846 1.8020713889080548 -56.412414728800456 -53.620893195420507 15.21439754517098 -21.550575751227303 -45.5716737575531 40.824646729689384 -53.1097907100405 -1.6564925559361776 -1.6704344976515999 56.487926760586824 3.909106185205113 -41.516087847285803 -5.814111062983498
leaf_weight=104 61 20 27 24 41 40 73 22 1368 682 95 58 489 1406 57 40 23 45 80 123 37 25 26 28 60 21 33 753 72 571
leaf_count=104 61 20 27 24 41 40 73 22 1368 682 95 58 489 1406 57 40 23 45 80 123 37 25 26 28 60 21 33 753 72 571
internal_value=3.14497e-08 -0.181904 0.115386 19.348 -0.021104 -16.4585 -12.0811 -19.9432 0.158466 0.0330849 1.71866 -1.80938 4.68605 4.50168 -8.19493 -1.3883 -3.57148 -11.074 -6.59982 -11.3435 11.9159 -28.9645 -1.52649 1.35027 -18.028 -42.8193 34.0277 -0.953962 -6.31544 -9.81184
internal_weight=6504 6400 6244 44 6200 67 156 95 6133 6092 2787 1229 547 1558 152 3305 1937 501 456 363 93 152 51 211 88 101 56 1436 683 643
internal_count=6504 6400 6244 44 6200 67 156 95 6133 6092 2787 1229 547 1558 152 3305 1937 501 456 363 93 152 51 211 88 101 56 1436 683 643
cat_boundaries=0 1 2 3 4
cat_threshold=1 4 2 1
is_linear=0
shrinkage=0.05


Tree=101
num_leaves=31
num_cat=5
split_feature=3 5 1 1 1 8 3 2 6 1 9 9 5 3 8 1 1 1 7 6 1 3 0 1 0 4 2 2 1 1
split_gain=4.94453e+06 2.2414e+07 1.376e+07 1.26825e+07 1.25401e+07 8.88843e+06 1.14188e+07 7.15861e+06 1.09149e+07 7.40302e+06 1.36188e+07 1.75951e+07 1.20444e+07 1.03607e+07 1.12706e+07 1.70481e+07 3.33687e+07 2.77676e+07 2.02874e+07 1.676e+07 1.42356e+07 1.29439e+07 2.6327e+07 2.59783e+07 2.15079e+07 1.32323e+07 1.10315e+07 1.86315e+07 1.85458e+07 1.61178e+07
threshold=26301.156689255422 -0.12940952255126037 17500.226136363639 19587.054166666672 19598.654166666671 0 27018.938753765487 54658.264899750015 1 20665.012500000001 8.5000000000000018 7.5000000000000009 0.60355339059327384 22088.176824426966 2 19261.966666666671 19204.258333333335 19577.379166666669 3 4 17483.612878787881 22925.486291134552 64488.975764501163 19236.020833333336 67586.176429083353 -0.37940952255126059 43319.386962000026 41500.816868833332 18543.879166666669 19604.341666666671
decision_type=2 2 2 2 2 1 2 2 1 2 2 2 2 2 1 2 2 2 1 1 2 2 2 2 2 2 2 2 2 2
left_child=7 2 -2 -4 -5 -3 -7 9 -9 10 11 13 -13 26 20 16 18 -17 -16 -19 -15 23 -23 -22 -24 -26 27 -1 -28 -30
right_child=1 5 3 4 -6 6 -8 8 -10 -11 -12 12 -14 14 15 17 -18 19 -20 -21 21 22 24 -25 25 -27 28 -29 29 -31
leaf_value=0.42883173351821235 -51.283736419677737 9.3695890811105453 11.365817707957644 -45.203824622542776 -9.8973987424730936 -32.371496146917345 8.6779917716979984 12.181693007605418 -16.297236731113532 3.6836243780983127 -19.169217771472354 40.404354517026384 -2.0169207537615743 24.23159474849701 -27.594577416606338 44.531785211563118 -72.667527084350581 42.54580013968728 -0.08701369807328263 -2.6418750407998681 -79.475635592142737 24.592889322174923 -67.710416279668394 -8.5843923977443151 11.793923133611679 -31.343057727813722 19.72919480749356 -14.823904607810759 -7.3154808511453515 11.780460948699561
leaf_weight=2226 20 302 66 27 367 32 36 245 39 1149 99 44 27 20 87 40 20 22 292 305 24 36 23 28 32 40 186 220 255 195
leaf_count=2226 20 302 66 27 367 32 36 245 39 1149 99 44 27 20 87 40 20 22 292 305 24 36 23 28 32 40 186 220 255 195
internal_value=1.70559e-08 -3.55558 -10.6841 -8.91892 -12.3169 5.69226 -10.6394 0.534532 8.27085 0.125386 -0.843204 -0.403059 24.2723 -0.835533 -5.34514 -2.56916 -9.72302 5.20847 -6.40141 0.398274 -15.82 -20.1972 -11.8192 -41.3034 -25.6174 -12.1711 0.582314 -0.943042 6.4487 0.959427
internal_weight=6504 850 480 460 394 370 68 5654 284 5370 4221 4122 71 4051 969 766 399 367 379 327 203 183 131 52 95 72 3082 2446 636 450
internal_count=6504 850 480 460 394 370 68 5654 284 5370 4221 4122 71 4051 969 766 399 367 379 327 203 183 131 52 95 72 3082 2446 636 450
cat_boundaries=0 1 2 3 4 5
cat_threshold=4 4 1 2 1
is_linear=0
shrinkage=0.05


Tree=102
num_leaves=31
num_cat=5
split_feature=3 3 2 5 1 3 2 7 10 5 3 1 1 7 8 1 1 9 1 4 6 1 5 0 7 4 1 0 1 1
split_gain=4.7533e+06 8.20471e+06 5.92574e+06 5.7635e+06 6.36041e+06 5.04412e+06 8.26634e+06 6.70909e+06 6.59035e+06 1.91564e+07 7.82848e+06 1.33112e+07 5.18046e+07 2.13054e+07 1.65327e+07 2.0187e+07 1.63863e+07 3.91083e+07 3.30097e+07 1.4735e+07 1.56169e+07 1.36181e+07 1.21842e+07 1.359e+07 1.46352e+07 1.15386e+07 1.28819e+07 1.04306e+07 1.29152e+07 1.86633e+07
threshold=8399.1068652846079 10867.40664542691 22862.389006333331 -0.70710678118654757 20221.150000000001 12234.145103318357 25066.109309227279 0 1.0000000180025095e-35 0.60355339059327384 18556.060553755651 18188.416666666668 18543.879166666669 1 2 18145.554166666672 17504.437500000004 2.5000000000000004 17315.757954545457 -0.91597561503675329 3 18368.501515151522 -0.98296291314453399 57327.910610166669 4 -1.0000000180025095e-35 17497.700000000004 56520.700443698493 19236.020833333336 19204.258333333335
decision_type=2 2 2 2 2 2 2 1 2 2 2 2 2 1 1 2 2 2 2 2 1 2 2 2 1 2 2 2 2 2
left_child=-1 3 -3 4 -2 7 -7 -4 10 -10 11 14 13 21 16 25 18 -18 -8 20 -14 -13 -12 24 -24 26 -16 28 29 -21
right_child=1 2 5 -5 -6 6 8 -9 9 -11 22 12 19 -15 15 -17 17 -19 -20 27 -22 -23 23 -25 -26 -27 -28 -29 -30 -31
leaf_value=10.603533351421357 -23.116268694400787 27.283162612915039 5.430523207129502 4.5972038751695221 6.2807754019032354 30.808001457561147 26.077112770080568 -20.107172618396042 -32.818482699146813 13.016840114593506 -16.087415291392613 -42.352689958655318 12.505617858268121 -51.76291806405051 63.987162559682673 66.740056673685714 64.722872232507783 -11.083441364246866 -46.655389326046674 1.8609898173107819 -28.07450061711398 4.4394578516483305 -48.627549865029074 0.59792869953801808 -6.7120831053742238 4.5660227424220032 11.527187853813173 14.325310994008298 -1.731246729024019 29.083090649127964
leaf_weight=104 92 20 41 41 23 22 26 69 53 40 126 23 37 57 22 24 27 46 39 170 66 48 22 3903 390 76 25 293 479 100
leaf_count=104 92 20 41 41 23 22 26 69 53 40 126 23 37 57 22 24 27 46 39 170 66 48 22 3903 390 76 25 293 479 100
internal_value=-1.61281e-08 -0.172307 0.110664 -11.4984 -17.2369 0.0233488 0.214273 -10.5886 0.10379 -13.1044 0.308551 3.35803 1.17126 -28.9961 13.1256 24.7937 0.696551 16.9545 -17.5624 4.54368 -13.4972 -10.7186 -0.761274 -0.313743 -8.95029 16.6091 36.0829 6.32699 3.19814 11.9432
internal_weight=6504 6400 6244 156 115 6224 6114 110 6092 93 5999 1558 1273 128 285 147 138 73 65 1145 103 71 4441 4315 412 123 47 1042 749 270
internal_count=6504 6400 6244 156 115 6224 6114 110 6092 93 5999 1558 1273 128 285 147 138 73 65 1145 103 71 4441 4315 412 123 47 1042 749 270
cat_boundaries=0 1 2 3 4 5
cat_threshold=1 4 2 1 1
is_linear=0
shrinkage=0.05


Tree=103
num_leaves=31
num_cat=5
split_feature=3 4 3 3 4 2 10 5 6 5 3 1 3 1 1 8 1 1 9 1 7 4 1 9 4 0 7 5 6 1
split_gain=4.66804e+06 5.16602e+06 4.19055e+06 7.60858e+06 8.68769e+06 7.53913e+06 7.54349e+06 1.44323e+07 6.63861e+06 6.75667e+06 6.21202e+06 7.29317e+06 6.02419e+06 1.17763e+07 4.93286e+07 1.5601e+07 1.80475e+07 1.57326e+07 3.65175e+07 2.8031e+07 1.41876e+07 1.33815e+07 1.24368e+07 1.5469e+07 1.1095e+07 1.06166e+07 1.34596e+07 1.21418e+07 1.26025e+07 1.84731e+07
threshold=30454.997334259326 0.37940952255126054 8399.1068652846079 12234.145103318357 0.78656609248549325 26245.855353666673 1.0000000180025095e-35 0.60355339059327384 0 -0.98296291314453399 9725.5047294310389 18560.691666666669 18556.060553755651 18188.416666666668 18543.879166666669 1 18145.554166666672 17504.437500000004 2.5000000000000004 17315.757954545457 2 -0.78656609248549303 20091.895833333336 4.5000000000000009 0.12940952255126045 57327.910610166669 3 -0.12940952255126037 4 17505.991666666672
decision_type=2 2 2 2 2 2 2 2 1 2 2 2 2 2 2 1 2 2 2 2 1 2 2 2 2 2 1 2 1 2
left_child=2 -2 -1 4 8 -5 12 -8 10 -10 -4 -12 13 15 20 17 24 19 -19 -7 -15 22 23 -16 -17 26 -14 -27 29 -29
right_child=1 -3 3 5 -6 6 7 -9 9 -11 11 -13 25 14 21 16 -18 18 -20 -21 -22 -23 -24 -25 -26 27 -28 28 -30 -31
leaf_value=10.073356831990758 -29.464737347194127 2.9127044417641379 -3.4999356842041021 19.473783913780665 14.247803512372469 23.500324409484865 -31.610205947651583 9.4096063046842016 17.455984086256759 -10.195217001275951 -17.77535683204388 -56.46588292803083 -46.196172263405543 -13.576821165926317 -0.072310124124799466 30.367771478683228 63.403053712844851 63.605371460547815 -10.529268710509591 -44.322619628906253 -47.561827261107311 6.6727621838214901 8.341970113345555 -37.404862601540309 -0.077321605096783555 -3.0750039305512784 -6.0182763638364278 35.941144847869872 3.8353559101256822 -11.964034999629199
leaf_weight=104 28 22 25 51 38 25 51 37 26 147 29 21 22 68 56 63 24 26 46 39 56 949 70 55 57 1629 397 22 2085 236
leaf_count=104 28 22 25 51 38 25 51 37 26 147 29 21 22 68 56 63 24 26 46 39 56 949 70 55 57 1629 397 22 2085 236
internal_value=-7.94362e-09 -15.2187 0.117901 -0.045149 -8.01466 0.330722 0.168357 -14.3632 -11.4258 -6.03955 -23.8502 -34.0254 0.384185 3.08158 1.01147 12.3527 23.8225 0.20823 16.2416 -17.8293 -28.9249 4.29652 -8.16231 -18.5704 15.9064 -0.558151 -8.12786 0.240365 2.54542 -7.8791
internal_weight=6504 50 6454 6350 286 6064 6013 88 248 173 75 50 5925 1534 1254 280 144 136 72 64 124 1130 181 111 120 4391 419 3972 2343 258
internal_count=6504 50 6454 6350 286 6064 6013 88 248 173 75 50 5925 1534 1254 280 144 136 72 64 124 1130 181 111 120 4391 419 3972 2343 258
cat_boundaries=0 1 2 3 4 5
cat_threshold=1 2 4 1 2
is_linear=0
shrinkage=0.05


Tree=104
num_leaves=31
num_cat=6
split_feature=3 5 1 1 8 3 2 6 1 1 4 8 1 9 3 8 3 2 1 5 7 1 1 6 9 3 1 9 9 4
split_gain=4.33715e+06 1.9168e+07 1.22716e+07 1.1706e+07 7.98312e+06 1.03789e+07 6.39934e+06 8.01293e+06 6.53394e+06 9.82387e+06 1.31747e+07 8.74099e+06 6.22388e+06 5.79029e+06 1.06296e+07 1.33949e+07 1.11693e+07 6.87727e+06 9.18574e+06 6.23719e+06 1.40308e+07 1.53635e+07 1.96777e+07 2.18e+07 3.80447e+07 1.70087e+07 1.71062e+07 1.16495e+07 1.13455e+07 1.08881e+07
threshold=26301.156689255422 -0.12940952255126037 17500.226136363639 18568.144696969703 0 27018.938753765487 54875.019384499996 1 20464.283333333336 20417.916666666668 -1.0000000180025095e-35 2 19570.983333333337 6.5000000000000009 18378.004498391369 3 24195.693601173767 43695.987368416674 20193.854166666672 1.0000000180025095e-35 4 20187.383333333339 19223.979166666668 5 2.5000000000000004 16385.88009252958 19170.850000000002 4.5000000000000009 4.5000000000000009 0.37940952255126054
decision_type=2 2 2 2 1 2 2 1 2 2 2 1 2 2 2 1 2 2 2 2 1 2 2 1 2 2 2 2 2 2
left_child=6 2 -2 -4 12 -6 8 -8 9 13 -11 -12 -3 19 -15 16 -16 -17 -19 20 21 22 23 25 -25 -1 27 29 -24 -27
right_child=1 4 3 -5 5 -7 7 -9 -10 10 11 -13 -14 14 15 17 -18 18 -20 -21 -22 -23 28 24 -26 26 -28 -29 -30 -31
leaf_value=-63.175699860709052 -48.263341674804693 35.659982929229741 20.915191459655762 -10.43619867596845 -30.974586850404741 8.1611786312527137 11.530516078433266 -13.539611589586412 3.080432463450729 -46.070859110796896 10.809028429985048 -22.457049051920574 6.7954534747076369 38.889766513804602 -17.154498065253836 38.129613065719603 17.354842362259372 -17.442844343185424 29.376512735540217 -2.9597746177173256 3.2455397370585639 -39.020995306968693 41.527033448219299 -24.45025897555881 48.240773247347938 -0.082247352600097662 -42.016001907209073 26.718106778462726 -2.4830131672046805 -41.05272782643636
leaf_weight=21 20 20 32 428 32 36 230 37 1389 27 40 39 282 24 81 31 33 20 22 1887 1467 36 32 36 36 50 41 24 27 24
leaf_count=21 20 20 32 428 32 36 230 37 1389 27 40 39 282 24 81 31 33 20 22 1887 1467 36 32 36 36 50 41 24 27 24
internal_value=-1.09929e-08 -3.33005 -9.92224 -8.25523 5.22198 -10.2557 0.500626 8.05638 0.126135 -0.900258 -15.9187 -5.61347 8.70701 -0.491227 7.56395 3.54353 -7.16495 20.2664 7.08158 -0.952961 1.15788 -8.20784 -4.3959 -10.9527 11.8953 -21.2343 -14.8978 -3.55248 21.3868 -13.37
internal_weight=6504 850 480 460 370 68 5654 267 5387 3998 106 79 302 3892 211 187 114 73 42 3681 1794 327 291 232 72 160 139 98 59 74
internal_count=6504 850 480 460 370 68 5654 267 5387 3998 106 79 302 3892 211 187 114 73 42 3681 1794 327 291 232 72 160 139 98 59 74
cat_boundaries=0 1 2 3 4 5 6
cat_threshold=4 4 4 4 2 4
is_linear=0
shrinkage=0.05


Tree=105
num_leaves=31
num_cat=3
split_feature=1 1 9 3 9 4 0 1 4 1 3 3 0 4 6 1 1 10 5 3 0 3 1 1 1 7 4 6 1 1
split_gain=4.19564e+06 5.68808e+06 2.04416e+07 2.68784e+07 1.10598e+07 1.10164e+07 8.67112e+06 9.38805e+06 8.41192e+06 6.46456e+06 6.15458e+06 8.37278e+06 8.99306e+06 7.29206e+06 8.53787e+06 8.84803e+06 6.0683e+06 5.87662e+06 1.47589e+07 7.1982e+06 6.20929e+06 6.92559e+06 1.71176e+07 2.89966e+07 2.26306e+07 1.84699e+07 2.5359e+07 2.34312e+07 1.67196e+07 1.72216e+07
threshold=16609.01666666667 17493.779166666667 3.5000000000000004 20041.714912913416 2.5000000000000004 -0.91597561503675329 70533.372044033269 17483.612878787881 0.25881904510252091 17451.616666666672 8399.1068652846079 12674.21517154202 45578.810722166665 0.78656609248549325 0 19751.383333333335 17477.004166666669 1.0000000180025095e-35 0.25881904510252057 15978.981661856824 46528.76739702504 18556.060553755651 17679.104166666668 19153.016287878792 19236.020833333336 1 0.91597561503675362 2 20040.262500000004 20108.779166666671
decision_type=2 2 2 2 2 2 2 2 2 2 2 2 2 2 1 2 2 2 2 2 2 2 2 2 2 1 2 1 2 2
left_child=-1 2 3 4 8 -5 7 -7 9 -2 -3 13 -13 14 15 -12 -6 20 -19 -20 -14 22 -22 25 -25 26 -24 -27 -26 -30
right_child=1 10 -4 5 16 6 -8 -9 -10 -11 11 12 17 -15 -16 -17 -18 18 19 -21 21 -23 23 24 28 27 -28 -29 29 -31
leaf_value=14.14568906563979 25.81395670983099 14.176158504608351 -42.136611927880182 15.528881890433176 39.76698365097954 -0.86294314404751393 -48.062058142253335 -33.601390880491678 -24.908215481302015 -10.647054557800294 -14.601424684329908 31.014650702724857 -22.167678747177124 9.7162258673687383 -5.8117760311929807 -53.392753964378727 7.8169338475102963 -46.849992105235231 24.743750289678573 -15.500433364868165 22.084432362688002 -0.36754434185701901 6.9101123303364806 20.679342555999757 -9.0494821259234968 -65.361826542445598 -49.305698063062586 -14.357409947022148 46.104511875576442 5.0867697053083356
leaf_weight=52 31 78 36 21 42 47 28 41 23 20 49 24 30 49 190 21 23 23 20 25 116 4233 157 215 227 28 23 115 27 490
leaf_count=52 31 78 36 21 42 47 28 41 23 20 49 24 30 49 190 21 23 23 20 25 116 4233 157 215 227 28 23 115 27 490
internal_value=1.90381e-08 -0.114007 -6.69987 -2.07768 13.413 -17.7945 -23.8272 -16.1161 0.19463 11.5155 0.220649 0.0410826 0.471737 -7.97689 -11.3114 -26.2388 28.4616 0.343786 -14.2674 2.38587 0.519296 0.640165 3.6914 2.02714 6.3912 -10.93 -0.273019 -24.3443 2.26224 7.2289
internal_weight=6504 6452 312 276 139 137 116 88 74 51 6140 6062 5753 309 260 70 65 5729 68 45 5661 5631 1398 1282 959 323 180 143 744 517
internal_count=6504 6452 312 276 139 137 116 88 74 51 6140 6062 5753 309 260 70 65 5729 68 45 5661 5631 1398 1282 959 323 180 143 744 517
cat_boundaries=0 1 2 3
cat_threshold=1 4 4
is_linear=0
shrinkage=0.05


Tree=106
num_leaves=31
num_cat=4
split_feature=3 5 1 0 5 9 5 1 1 6 1 1 7 5 1 7 1 1 1 1 3 5 5 4 2 0 6 1 3 3
split_gain=3.89789e+06 6.61853e+06 1.17557e+07 4.80108e+06 5.41302e+06 4.34902e+06 9.14722e+06 8.88617e+06 8.89507e+06 1.32848e+07 1.18511e+07 1.33194e+07 1.32797e+07 8.75764e+06 8.04751e+06 1.76298e+07 1.87911e+07 2.5208e+07 3.20341e+07 2.74967e+07 3.44463e+07 1.33916e+07 1.23787e+07 1.19445e+07 1.26251e+07 1.11129e+07 1.06568e+07 1.72246e+07 1.05488e+07 9.71067e+06
threshold=28608.4605494977 -0.70710678118654757 21965.104166666668 85203.458592595227 -0.37940952255126015 5.5000000000000009 -0.9159756150367534 20602.530681818185 20233.275000000005 0 20137.350000000002 20102.408333333336 1 -0.9159756150367534 19229.07916666667 2 19596.858333333334 19587.054166666672 19507.616666666672 19261.966666666671 20129.212056289016 0.78656609248549303 0.25881904510252057 0.60355339059327384 39731.289497457969 66934.238322625024 3 19612.591666666671 24082.656050551508 25638.695520840254
decision_type=2 2 2 2 2 2 2 2 2 1 2 2 1 2 2 1 2 2 2 2 2 2 2 2 2 2 1 2 2 2
left_child=5 -2 3 4 -3 6 -1 8 10 -10 11 14 -12 -7 29 23 17 18 19 20 -17 -22 -20 25 -25 -16 27 -18 -19 -8
right_child=1 2 -4 -5 -6 13 7 -9 9 -11 12 -13 -14 -15 15 16 26 28 22 -21 21 -23 -24 24 -26 -27 -28 -29 -30 -31
leaf_value=5.8682382218061235 -16.602570547860989 -16.400613200323924 -29.153570778029309 15.566937060287035 14.42956190109253 -5.862027493002544 -0.80629694126960316 -30.426040557578759 41.89534053473637 -2.7906355686676809 -49.836008947866937 29.124422803606308 -5.0958427384842278 2.8046097354934574 -16.612197835394678 16.902707492920662 27.873974224970894 -71.67093650154446 39.288717348435348 -56.146832197362727 -50.267108398935072 -7.3279844919840507 -1.0831931180732195 56.824252557754519 4.3859037789431481 17.418612955784312 -5.968590667010484 -12.917185293241989 -30.624388863115897 15.678528539043791
leaf_weight=436 94 35 28 69 24 332 1800 27 29 39 27 35 43 2389 47 62 65 23 34 44 46 30 43 24 22 49 422 43 49 94
leaf_count=436 94 35 28 69 24 332 1800 27 29 39 27 35 43 2389 47 62 65 23 34 44 46 30 43 24 22 49 422 43 49 94
internal_value=-6.3976e-09 -6.12214 0.192992 6.61255 -3.85953 0.244729 -0.912393 -1.86698 -1.61581 16.2666 -2.02087 -1.53546 -22.3528 1.74716 -1.90588 -5.52719 -8.21926 -17.5662 -10.291 -21.7287 -10.7548 -33.3175 16.7434 10.7958 31.745 0.757695 -2.38184 11.633 -43.7365 0.0118517
internal_weight=6504 250 156 128 59 6254 3533 3097 3070 68 3002 2932 70 2721 2897 1003 861 331 259 182 138 76 77 142 46 96 530 108 72 1894
internal_count=6504 250 156 128 59 6254 3533 3097 3070 68 3002 2932 70 2721 2897 1003 861 331 259 182 138 76 77 142 46 96 530 108 72 1894
cat_boundaries=0 1 2 3 4
cat_threshold=2 2 2 1
is_linear=0
shrinkage=0.05


Tree=107
num_leaves=31
num_cat=3
split_feature=1 1 9 3 9 8 1 3 1 1 3 3 3 4 0 6 1 1 1 9 2 1 3 3 5 8 4 3 1 4
split_gain=3.75002e+06 5.20044e+06 1.8688e+07 2.58643e+07 1.47609e+07 1.33928e+07 8.71939e+06 8.12924e+06 7.78098e+06 1.0471e+07 5.98997e+06 5.59726e+06 7.36705e+06 7.67312e+06 7.38619e+06 5.41143e+06 1.53039e+07 3.82384e+07 1.53077e+07 1.99132e+07 1.20049e+07 1.56768e+07 1.69877e+07 2.47017e+07 1.47251e+07 1.18029e+07 3.19836e+07 2.69007e+07 3.48958e+07 1.16684e+07
threshold=16609.01666666667 17495.937500000004 3.5000000000000004 20129.212056289016 2.5000000000000004 0 17497.700000000004 25789.218982647068 17483.612878787881 17315.757954545457 17989.580444969844 8399.1068652846079 12234.145103318357 0.78656609248549325 45024.618656225895 1 17504.437500000004 17751.417424242427 18564.037500000002 3.5000000000000004 36581.387392422781 21572.845833333336 19780.655842890224 20168.005754415968 0.91597561503675351 2 -1.0000000180025095e-35 20436.154817490064 20702.375000000004 0.91597561503675362
decision_type=2 2 2 2 2 1 2 2 2 2 2 2 2 2 2 1 2 2 2 2 2 2 2 2 2 1 2 2 2 2
left_child=-1 2 3 4 5 -2 -3 8 9 -5 -6 -8 13 -13 -14 16 -16 -18 19 -19 29 22 -22 -24 -25 26 27 28 -17 -20
right_child=1 6 -4 7 10 -7 11 -9 -10 -11 -12 12 14 -15 15 25 17 18 20 -21 21 -23 23 24 -26 -27 -28 -29 -30 -31
leaf_value=13.373406809109909 -25.961328739590115 20.626097393035892 -40.10997846126557 -27.99180579304695 38.25464442571004 14.756297284623853 13.370861535194592 -44.482102190364493 -21.975692182705728 16.136886810674902 10.824429590561811 -12.09621029925901 26.3486278463293 12.554884940224724 -30.722297185262047 -65.753376684188851 54.501734743620219 -41.340062739735565 1.2883914489746093 7.9538424801826482 27.665220948213189 -6.3296579909556128 -43.695758894215459 21.996614200709971 -21.93173369963964 0.14541674270803628 5.5520589658597705 1.8674188086327086 5.5836235284805298 -31.747037921232334
leaf_weight=52 36 52 36 20 48 46 78 22 81 41 34 215 27 37 30 60 38 42 125 40 156 103 23 93 24 4693 147 47 24 34
leaf_count=52 36 52 36 20 48 46 78 22 81 41 34 215 27 37 30 60 38 42 125 40 156 103 23 93 24 4693 147 47 24 34
internal_value=-1.02604e-08 -0.107783 -5.91315 -2.15983 11.8807 -3.11973 0.239318 -16.2004 -11.8187 1.66846 26.8811 0.0636863 -0.110526 -8.4768 0.258962 0.134923 4.22466 5.77098 2.8776 -17.2943 5.84192 10.4715 16.3179 3.67372 12.9857 -0.447563 -10.4578 -28.4231 -45.3714 -5.77579
internal_weight=6504 6452 364 328 164 82 6088 164 142 61 82 6036 5958 252 5706 5679 708 678 640 82 558 399 296 140 117 4971 278 131 84 159
internal_count=6504 6452 364 328 164 82 6088 164 142 61 82 6036 5958 252 5706 5679 708 678 640 82 558 399 296 140 117 4971 278 131 84 159
cat_boundaries=0 1 2 3
cat_threshold=2 1 2
is_linear=0
shrinkage=0.05


Tree=108
num_leaves=31
num_cat=5
split_feature=3 1 5 1 1 6 9 3 8 1 3 3 4 1 0 2 1 9 7 9 0 4 0 5 1 1 8 3 7 3
split_gain=3.52933e+06 3.34606e+06 5.09166e+06 3.49217e+06 6.14681e+06 1.1159e+07 6.97591e+06 9.47513e+06 1.00898e+07 1.19169e+07 1.17214e+07 9.01091e+06 9.01323e+06 8.94238e+06 8.31146e+06 5.76172e+06 5.72886e+06 1.48085e+07 1.8739e+07 1.43295e+07 1.33534e+07 1.28851e+07 1.2315e+07 9.65338e+06 9.42619e+06 1.0876e+07 1.04274e+07 9.36862e+06 8.96077e+06 8.49435e+06
threshold=30908.467491710664 16609.01666666667 -0.60355339059327384 20444.575000000001 20417.916666666668 0 6.5000000000000009 18378.004498391369 1 20077.850000000006 23926.064530930329 22662.117511438799 -1.0000000180025095e-35 20238.245833333338 62443.832710290408 43695.987368416674 21233.400000000001 8.5000000000000018 2 5.5000000000000009 63837.201095552162 -1.0000000180025095e-35 52913.345731490561 -0.78656609248549325 21657.233333333334 21965.104166666668 3 19842.312466905601 4 28467.69557926006
decision_type=2 2 2 2 2 1 2 2 1 2 2 2 2 2 2 2 2 2 1 2 2 2 2 2 2 2 1 2 1 2
left_child=1 2 -1 4 6 -6 -3 -8 9 10 14 -11 -13 -14 -9 -10 17 18 21 -20 -19 -5 -18 -24 26 -26 -25 -28 -22 -27
right_child=-2 3 -4 16 5 -7 7 8 15 11 -12 12 13 -15 -16 -17 22 20 19 -21 28 -23 23 24 25 29 27 -29 -30 -31
leaf_value=-6.304701691582089 -18.750370635986329 -0.98164760349208002 25.582098010278518 15.813763233710981 -44.53459783281599 -5.2102295070886617 36.874751873811086 17.214346734285353 35.611413988374892 -41.187399716604325 32.944688838567487 8.7873393089121041 -46.487909736633299 -4.1175177256266275 -28.369252786636356 9.0647211074829102 38.02184120178223 -6.5158663123486988 -12.561048107677037 12.351995057625459 22.164809738835203 64.287832289475659 -11.736588462319956 21.003519789377847 10.85767194467622 0.16179907256906684 9.5380963301047306 -18.027878065822886 -13.297363082222317 -27.794505069332743
leaf_weight=21 25 4134 31 29 21 128 24 20 31 21 39 55 20 33 20 60 20 332 72 291 79 26 189 27 296 220 39 147 23 31
leaf_count=21 25 4134 31 29 21 128 24 20 31 21 39 55 20 33 20 60 20 332 72 291 79 26 189 27 296 220 39 147 23 31
internal_value=2.82122e-09 0.0723506 12.7047 -0.0298564 -0.762692 -10.7526 -0.428724 6.64801 4.22179 -1.85348 13.4398 -11.2191 -5.39197 -20.1063 -5.57745 18.1081 1.82376 4.81459 11.5314 7.41057 -1.65458 38.7288 -0.805943 -1.62423 0.890552 4.36533 -8.03294 -12.2479 14.1684 -3.29097
internal_weight=6504 6479 52 6427 4606 149 4457 323 299 208 79 129 108 53 40 91 1821 852 418 363 434 55 969 949 760 547 213 186 102 251
internal_count=6504 6479 52 6427 4606 149 4457 323 299 208 79 129 108 53 40 91 1821 852 418 363 434 55 969 949 760 547 213 186 102 251
cat_boundaries=0 1 2 3 4 5
cat_threshold=1 4 1 1 4
is_linear=0
shrinkage=0.05


Tree=109
num_leaves=31
num_cat=4
split_feature=3 3 5 8 3 1 1 1 4 3 2 6 1 1 7 1 3 2 10 4 9 3 2 0 5 0 9 0 3 8
split_gain=3.35231e+06 3.16767e+06 1.61951e+07 8.3371e+06 1.02621e+07 7.39775e+06 1.3575e+07 6.31211e+06 5.51546e+06 9.05788e+06 5.17581e+06 9.34647e+06 5.99492e+06 1.43265e+07 9.5696e+06 2.05075e+07 2.32173e+07 1.84639e+07 1.1189e+07 9.16844e+06 1.29577e+07 1.16408e+07 1.07124e+07 8.45848e+06 8.36504e+06 1.37106e+07 7.37498e+06 6.63822e+06 9.59863e+06 1.35802e+07
threshold=6588.6173625935926 26215.629407962679 -0.12940952255126037 0 27018.938753765487 17523.445833333335 18568.144696969703 19570.983333333337 0.78656609248549325 28467.69557926006 54493.029678761777 1 20102.408333333336 20108.779166666671 2 20674.554166666672 20595.376116464529 35289.667217588205 1.0000000180025095e-35 0.91597561503675362 8.5000000000000018 19989.367311169004 46931.994962500008 42890.444056500004 1.0000000180025095e-35 49921.96701800001 5.5000000000000009 60140.999651390222 18905.662759849198 3
decision_type=2 2 2 1 2 2 2 2 2 2 2 1 2 2 1 2 2 2 2 2 2 2 2 2 2 2 2 2 2 1
left_child=-1 10 5 7 -5 -3 -7 -4 -8 -10 12 -12 -2 -14 15 16 17 26 19 23 22 -22 -21 -16 25 -17 -15 28 29 -25
right_child=1 2 3 4 -6 6 8 -9 9 -11 11 -13 13 14 18 24 -18 -19 -20 20 21 -23 -24 27 -26 -27 -28 -29 -30 -31
leaf_value=17.917832976121172 -1.3029312780321061 -36.544902701999831 34.204781688343395 -29.88024450029646 8.1414499865637886 23.935232734680177 -7.651215483380863 6.4219085522588975 -49.452347009832209 -8.2780141921604393 10.720689411479903 -15.102978283021509 41.389663704581885 -44.094375713348391 34.542451047897337 -38.972145233154301 0.35568370156817969 -79.14989224842617 -30.464594459533693 23.824119235241053 -30.297826313150342 12.823703126346366 -10.706238233126127 -15.324129612866571 12.280364316426791 2.6435254016675449 -7.3237346331278488 4.3078510148551246 -14.386583590440786 8.1926301544068618
leaf_weight=26 3291 23 22 35 36 32 382 289 22 34 241 41 23 25 20 25 72 21 24 165 29 34 26 85 130 95 30 871 134 221
leaf_count=26 3291 23 22 35 36 32 382 289 22 34 241 41 23 25 20 25 72 21 24 165 29 34 26 85 130 95 30 871 134 221
internal_value=-8.06596e-09 -0.0719147 -2.86978 4.85791 -10.6016 -8.85755 -7.50264 8.38726 -9.79947 -24.4536 0.365017 6.96618 0.0151711 2.15206 1.7024 -5.23953 -19.9906 -39.266 3.41954 3.93261 12.6377 -7.02589 19.1237 2.27138 3.49311 -6.02641 -24.0377 1.77907 -3.22678 1.6602
internal_weight=6504 6478 875 382 71 493 470 311 438 56 5603 282 5321 2030 2007 398 148 76 1609 1585 254 63 191 1331 250 120 55 1311 440 306
internal_count=6504 6478 875 382 71 493 470 311 438 56 5603 282 5321 2030 2007 398 148 76 1609 1585 254 63 191 1331 250 120 55 1311 440 306
cat_boundaries=0 1 2 3 4
cat_threshold=4 4 2 2
is_linear=0
shrinkage=0.05


Tree=110
num_leaves=31
num_cat=3
split_feature=3 4 3 3 2 9 1 7 5 1 6 9 4 1 1 5 1 9 3 1 3 5 3 1 1 1 0 8 0 1
split_gain=3.07914e+06 4.32287e+06 2.99161e+06 3.13281e+06 9.3382e+06 1.33917e+07 7.38168e+06 1.66295e+07 1.69641e+07 1.13055e+07 8.94736e+06 7.28778e+06 2.09287e+07 1.3509e+07 1.5734e+07 1.47329e+07 1.2625e+07 2.09835e+07 2.04839e+07 2.46417e+07 2.80505e+07 2.73935e+07 1.62079e+07 1.84768e+07 1.509e+07 1.24998e+07 1.20945e+07 1.1867e+07 1.16822e+07 2.02909e+07
threshold=30454.997334259326 0.37940952255126054 6588.6173625935926 13589.341542425629 30521.891937416665 4.5000000000000009 20669.650000000005 0 -0.60355339059327384 19984.237500000003 1 4.5000000000000009 -0.37940952255126059 19170.850000000002 19198.104166666672 0.60355339059327384 19605.335606060613 1.5000000000000002 23275.687505323778 19236.020833333336 21600.004328367675 -0.12940952255126037 20889.941653184174 19614.333333333339 17507.070833333339 18913.854166666675 68244.663425366205 2 65453.69474540979 18543.879166666669
decision_type=2 2 2 2 2 2 2 1 2 2 1 2 2 2 2 2 2 2 2 2 2 2 2 2 2 2 2 1 2 2
left_child=2 -2 -1 6 5 -5 9 8 -8 -4 -11 12 16 -13 15 -15 17 27 19 20 26 -22 23 -18 -20 -26 28 -6 -19 -30
right_child=1 -3 3 4 11 -7 7 -9 -10 10 -12 13 -14 14 -16 -17 22 18 24 -21 21 -23 -24 -25 25 -27 -28 -29 29 -31
leaf_value=17.021941375732421 -25.391936465672085 4.2257280349731445 -2.3083107079239196 28.47958120158021 -9.308757393700736 0.36577425729660762 -42.557443655104862 36.306197651454383 18.401097442626956 -46.229066718066179 -11.478756991887497 10.49046153058582 -5.6368954228603023 -34.655087002118428 1.1144929384977935 5.8046739048428009 64.773905207316076 5.5526855449378489 4.2035164260864262 -44.509245656331387 20.502018257141117 -41.497356042938854 4.2201219455868593 9.7303690510411425 52.189024946424695 14.710347899523649 -26.917760709921524 -46.405964713261049 63.14979796959804 7.8884846562924595
leaf_weight=26 28 22 379 71 84 105 21 35 25 27 59 377 1538 60 2712 36 30 320 85 30 25 62 102 31 45 44 24 29 26 46
leaf_count=26 28 22 379 71 84 105 21 35 25 27 59 377 1538 60 2712 36 30 320 85 30 25 62 102 31 45 44 24 29 26 46
internal_value=4.76244e-08 -12.3602 0.0957559 0.0272928 0.363598 11.7071 -3.59568 10.3338 -9.4278 -6.02211 -22.3887 0.0137092 -1.99478 1.60348 0.410316 -19.4827 3.70366 1.1773 4.37496 -0.487739 2.1378 -23.6814 16.413 36.801 19.2705 33.6602 7.5375 -18.8293 9.647 27.844
internal_weight=6504 50 6454 6428 5882 176 546 81 46 465 86 5706 2521 3185 2808 96 983 820 707 533 503 87 163 61 174 89 416 113 392 72
internal_count=6504 50 6454 6428 5882 176 546 81 46 465 86 5706 2521 3185 2808 96 983 820 707 533 503 87 163 61 174 89 416 113 392 72
cat_boundaries=0 1 2 3
cat_threshold=2 1 4
is_linear=0
shrinkage=0.05


Tree=111
num_leaves=31
num_cat=4
split_feature=1 5 1 9 3 4 6 10 1 2 3 3 3 4 9 9 7 2 9 5 3 3 6 7 4 3 5 4 1 2
split_gain=3.07539e+06 4.73788e+06 4.33532e+06 1.7116e+07 2.17987e+07 9.437e+06 9.3481e+06 1.04523e+07 9.99816e+06 6.9869e+06 1.0673e+07 4.72412e+06 6.35522e+06 8.08824e+06 1.58536e+07 9.19694e+06 8.66449e+06 7.10504e+06 1.10937e+07 7.29351e+06 7.8083e+06 7.05482e+06 8.5014e+06 1.39146e+07 2.03961e+07 1.63697e+07 1.20994e+07 1.92838e+07 2.06003e+07 9.59295e+06
threshold=16609.01666666667 -0.60355339059327384 17493.779166666667 3.5000000000000004 20041.714912913416 -0.91597561503675329 0 1.0000000180025095e-35 17477.004166666669 47158.080279666676 21352.320186235022 8399.1068652846079 13589.341542425629 -1.0000000180025095e-35 3.5000000000000004 4.5000000000000009 1 30521.891937416665 4.5000000000000009 -0.98296291314453399 21269.698924137498 14221.39633375234 2 3 -0.25881904510252113 19892.69927881255 -0.37940952255126015 -0.5 19611.895833333336 37596.008449357752
decision_type=2 2 2 2 2 2 1 2 2 2 2 2 2 2 2 2 1 2 2 2 2 2 1 1 2 2 2 2 2 2
left_child=1 -1 3 4 6 -6 -2 8 -8 10 -7 -4 13 15 -15 -13 -17 18 -14 20 -19 -21 23 24 25 -23 27 -25 -29 -28
right_child=2 -3 11 -5 5 9 7 -9 -10 -11 -12 12 17 14 -16 16 -18 19 -20 21 -22 22 -24 26 -26 -27 29 28 -30 -31
leaf_value=-6.2262563557851891 -10.018947045462474 24.532800102233889 12.421194996207189 -38.273538266287908 15.070586122785295 -36.833512142726356 45.893311900184273 -5.6365299422165442 9.1160694700298901 -33.210185119311014 8.2546844170349001 -1.4752432249210499 26.387418639793328 -31.797477161183078 4.9110560348274515 -3.3797542918812149 -34.838468842139612 3.4774469375610355 0.34748549325125561 22.860239558219913 -19.240289230936582 -70.064276409149173 1.176195082807852 44.063353448755606 0.023845173564611698 -10.837699909210206 2.9433577889121625 -36.841060730263045 14.275689185706719 -10.58336549136574
leaf_weight=21 35 31 78 36 21 21 42 29 33 60 35 81 67 34 218 33 65 62 105 35 97 28 4484 34 51 20 217 27 73 331
leaf_count=21 35 31 78 36 21 21 42 29 33 60 35 81 67 34 218 33 65 62 105 35 97 28 4484 34 51 20 217 27 73 331
internal_value=-1.86746e-09 12.1109 -0.0976078 -5.84724 -1.61772 -15.7717 12.3326 19.8547 29.7113 -21.3552 -8.65339 0.194556 0.0372353 -5.81446 -0.0416826 -13.9415 -24.2452 0.485127 10.4909 0.169868 -10.3818 0.486418 0.337684 -4.47651 -21.9933 -45.3865 -1.93375 11.5341 0.474167 -5.22698
internal_weight=6504 52 6452 312 276 137 139 104 75 116 56 6140 6062 431 252 179 98 5631 172 5459 159 5300 5265 781 99 48 682 134 100 548
internal_count=6504 52 6452 312 276 137 139 104 75 116 56 6140 6062 431 252 179 98 5631 172 5459 159 5300 5265 781 99 48 682 134 100 548
cat_boundaries=0 1 2 3 4
cat_threshold=1 1 2 4
is_linear=0
shrinkage=0.05


Tree=112
num_leaves=31
num_cat=6
split_feature=3 5 1 3 4 8 9 3 5 0 5 7 4 1 1 1 1 0 8 0 3 1 8 5 7 6 4 2 9 3
split_gain=2.89831e+06 1.5757e+07 8.12916e+06 9.32086e+06 1.32508e+07 9.5452e+06 7.0412e+06 1.19791e+07 1.54566e+07 1.05207e+07 9.45779e+06 7.66619e+06 6.95635e+06 6.57545e+06 1.05972e+07 1.4044e+07 9.57561e+06 8.69813e+06 5.57106e+06 5.16414e+06 4.26491e+06 6.04662e+06 7.30822e+06 7.21896e+06 4.31776e+06 2.4013e+07 2.10988e+07 1.76133e+07 1.54526e+07 1.38696e+07
threshold=26070.623547587365 1.0000000180025095e-35 18913.854166666675 27018.938753765487 0.12940952255126045 0 1.5000000000000002 28322.859494397697 -0.70710678118654757 82971.065687075767 -0.98296291314453399 1 0.78656609248549325 17507.070833333339 21162.787500000002 20444.575000000001 20077.850000000006 80548.085128322607 2 76604.384641080876 25638.695520840254 18913.854166666675 3 -0.70710678118654757 4 5 -0.25881904510252113 50122.367123215663 1.5000000000000002 21931.458406806803
decision_type=2 2 2 2 2 1 2 2 2 2 2 1 2 2 2 2 2 2 1 2 2 2 1 2 1 1 2 2 2 2
left_child=20 6 -3 5 18 19 7 8 -2 -10 -8 12 -9 -12 15 16 -15 -18 -5 -4 24 -22 -23 -24 25 26 -1 28 29 -26
right_child=1 2 3 4 -6 -7 10 11 9 -11 13 -13 -14 14 -16 -17 17 -19 -20 -21 21 22 23 -25 27 -27 -28 -29 -30 -31
leaf_value=-41.404641714493437 -0.13405397476688508 33.840233707427977 -6.303295916632603 -15.592272750536601 49.792825450897219 -28.775609162274534 -28.634095700581867 27.608877035287708 -60.020469773782274 -16.358179942044345 -28.309266454523261 -23.782348992274361 -9.72071892420451 16.486274187468194 -8.8283534423283179 48.004046897888188 -30.334644396551727 3.8416369465681224 10.58094512197308 15.892019523978234 28.415258639858617 -23.144455319359192 35.344224475678942 2.2718485330606435 26.444861346796941 2.089310679091601 -2.5838295972063428 -16.929720508432112 -1.5707376364007761 -8.6526868534088148
leaf_weight=60 31 24 76 24 20 34 36 26 37 22 22 26 24 74 175 20 29 52 133 40 31 21 21 77 95 3379 84 173 1598 40
leaf_count=60 31 24 76 24 20 34 36 26 37 22 22 26 24 74 175 20 29 52 133 40 31 21 21 77 95 3379 84 173 1598 40
internal_value=-1.81528e-08 -2.59215 5.75309 3.69164 11.4628 -5.47827 -7.69524 -16.3771 -28.7199 -43.7396 -4.16291 -1.76063 9.69067 -1.79473 -0.128103 8.57215 3.48416 -8.39432 6.57994 1.35026 0.429779 8.74667 3.62292 9.35879 0.199988 1.23714 -18.7592 -1.71707 -0.198433 16.0456
internal_weight=6504 925 351 327 177 150 574 166 90 59 408 76 50 372 350 175 155 81 157 116 5579 150 119 98 5429 3523 144 1906 1733 135
internal_count=6504 925 351 327 177 150 574 166 90 59 408 76 50 372 350 175 155 81 157 116 5579 150 119 98 5429 3523 144 1906 1733 135
cat_boundaries=0 1 2 3 4 5 6
cat_threshold=4 4 1 1 4 2
is_linear=0
shrinkage=0.05


Tree=113
num_leaves=31
num_cat=2
split_feature=3 9 5 4 7 1 1 1 1 1 1 1 4 3 3 9 3 3 9 5 8 2 5 9 1 1 3 9 1 3
split_gain=2.82109e+06 2.67439e+06 9.34001e+06 1.09931e+07 8.71444e+06 7.79728e+06 1.43859e+07 1.02771e+07 1.19068e+07 7.48153e+06 8.17884e+06 9.20673e+06 6.6978e+06 1.10481e+07 1.35543e+07 1.36017e+07 1.66989e+07 9.76434e+06 2.3025e+07 1.08614e+07 9.36611e+06 8.36944e+06 8.1332e+06 2.07931e+07 1.02523e+07 1.53003e+07 9.92054e+06 9.51214e+06 2.21777e+07 1.91004e+07
threshold=6588.6173625935926 5.5000000000000009 -0.12940952255126037 0.25881904510252091 0 21916.975000000002 20681.966666666671 20646.287500000002 20425.750000000004 19163.162500000006 19198.104166666672 19185.845833333336 0.91597561503675362 17321.313053806236 18502.524601906178 4.5000000000000009 19385.217026861814 19989.367311169004 3.5000000000000004 1.0000000180025095e-35 1 31135.709248000003 0.91597561503675351 3.5000000000000004 17500.226136363639 17509.145833333339 21518.415203754997 2.5000000000000004 19232.783333333336 21518.415203754997
decision_type=2 2 2 2 1 2 2 2 2 2 2 2 2 2 2 2 2 2 2 2 1 2 2 2 2 2 2 2 2 2
left_child=-1 12 3 -3 5 6 7 8 -4 -6 11 -11 22 20 -15 16 -16 -18 19 -19 21 -14 27 24 -24 -26 -25 -2 -29 -30
right_child=1 2 4 -5 9 -7 -8 -9 -10 10 -12 -13 13 14 15 -17 17 18 -20 -21 -22 -23 23 26 25 -27 -28 28 29 -31
leaf_value=16.436973160963792 4.5805245802567001 -6.1912518175443019 -14.331527902020349 2.9725431084254139 27.868413162231448 -28.584991166085914 23.491641160918448 -40.947168325341266 28.394722473079511 6.1038456149217559 5.4535969701523177 -27.203900157837644 12.047884068122277 25.187999955201761 -52.56944966997419 23.37163772583008 22.850245915926422 -19.959605252915537 -52.0062890120915 4.2784174889326101 -40.629797440308792 -26.710444072087611 2.8609997897851667 11.394747474087273 -59.879061820290303 -15.797152727300471 -21.949943187145088 1.5199545606449769 -9.8218772433219712 -60.15658746719361
leaf_weight=26 1058 720 63 600 35 33 41 23 22 41 1260 42 26 39 21 35 26 69 28 140 39 30 61 157 22 187 26 1287 327 20
leaf_count=26 1058 720 63 600 35 33 41 23 22 41 1260 42 26 39 21 35 26 69 28 140 39 30 61 157 22 187 26 1287 327 20
internal_value=-7.50044e-09 -0.0659712 1.06955 -2.02589 3.68877 -6.59415 -1.72369 -11.2962 -3.27297 5.04689 4.45214 -10.7507 -0.974895 -6.65906 -2.63666 -6.03842 -9.6629 -6.2369 -9.42789 -3.72361 -21.8172 -8.71551 -0.156158 -6.35455 -15.1737 -20.4374 6.65725 0.886884 -1.50471 -12.723
internal_weight=6504 6478 2880 1320 1560 182 149 108 85 1378 1343 83 3598 453 358 319 284 263 237 209 95 56 3145 453 270 209 183 2692 1634 347
internal_count=6504 6478 2880 1320 1560 182 149 108 85 1378 1343 83 3598 453 358 319 284 263 237 209 95 56 3145 453 270 209 183 2692 1634 347
cat_boundaries=0 1 2
cat_threshold=1 4
is_linear=0
shrinkage=0.05


Tree=114
num_leaves=31
num_cat=5
split_feature=3 1 2 5 1 9 5 1 1 6 1 1 7 4 3 9 3 3 5 0 3 7 0 1 1 6 5 1 1 6
split_gain=2.76884e+06 5.2809e+06 8.84652e+06 6.53014e+06 4.07298e+06 3.11227e+06 7.64864e+06 6.97885e+06 7.17504e+06 1.05495e+07 9.18488e+06 1.11623e+07 1.04014e+07 6.57687e+06 1.15824e+07 1.05736e+07 1.23509e+07 1.10498e+07 1.40235e+07 9.97122e+06 1.08607e+07 9.42468e+06 1.49618e+07 8.67467e+06 8.39387e+06 2.0023e+07 1.03686e+07 9.11422e+06 1.26913e+07 1.70867e+07
threshold=28608.4605494977 21965.104166666668 65847.304557000025 -0.37940952255126015 20389.929166666669 5.5000000000000009 -0.9159756150367534 20602.530681818185 20233.275000000005 0 20137.350000000002 20102.408333333336 1 0.91597561503675362 16994.693249211672 4.5000000000000009 18502.524601906178 21429.229817327363 1.0000000180025095e-35 48939.706644833343 16385.88009252958 2 59815.604307617345 17315.757954545457 17493.779166666667 3 0.60355339059327384 19227.666666666668 19600.241666666669 4
decision_type=2 2 2 2 2 2 2 2 2 1 2 2 1 2 2 2 2 2 2 2 2 1 2 2 2 1 2 2 2 1
left_child=5 2 3 -2 -4 6 -1 8 10 -10 11 13 -12 23 19 16 -16 21 -19 -15 -21 22 -18 -8 25 -25 -27 -26 29 -29
right_child=1 -3 4 -5 -6 -7 7 -9 9 -11 12 -13 -14 14 15 -17 17 18 -20 20 -22 -23 -24 24 27 26 -28 28 -30 -31
leaf_value=5.4277683285398224 -13.780655591225063 -24.838936805725098 30.820763433547246 14.175737106323243 4.3344026920643257 1.4772387385236916 12.93723103892696 -26.95470523127803 37.47615808947333 -2.3446258691641 -44.00901904989172 26.708166427612305 -4.4133062983668125 -0.77749504787581314 21.422936090741842 22.536871425083707 0.9815050718919287 -22.715083597324515 8.5400993861884711 -62.386549035708107 -16.159423411334004 -50.311618383725488 -44.202835546221053 -56.922050528092818 1.9691242773016999 4.1437184160405947 -27.402218174290013 -55.33720410664877 0.67185596897144517 -8.9210552217590973
leaf_weight=436 127 30 21 25 47 2721 111 27 29 39 27 35 43 28 35 35 53 54 107 24 27 24 28 22 1353 88 37 21 495 355
leaf_count=436 127 30 21 25 47 2721 111 27 29 39 27 35 43 28 35 35 53 54 107 24 27 24 28 22 1353 88 37 21 495 355
internal_value=-2.47597e-09 -5.15986 -2.47635 -9.18256 12.514 0.206262 -0.772602 -1.6455 -1.42291 14.6378 -1.78671 -1.35937 -19.6859 -1.69847 -7.52463 -3.47431 -6.49887 -10.1728 -1.94301 -24.7513 -37.9134 -22.7918 -14.6378 -0.724315 -1.36389 -12.9355 -5.19388 -0.599039 -4.58839 -11.5134
internal_weight=6504 250 220 152 68 6254 3533 3097 3070 68 3002 2932 70 2897 415 336 301 266 161 79 51 105 81 2482 2371 147 125 2224 871 376
internal_count=6504 250 220 152 68 6254 3533 3097 3070 68 3002 2932 70 2897 415 336 301 266 161 79 51 105 81 2482 2371 147 125 2224 871 376
cat_boundaries=0 1 2 3 4 5
cat_threshold=2 2 4 1 2
is_linear=0
shrinkage=0.05


Tree=115
num_leaves=31
num_cat=0
split_feature=3 3 3 0 1 3 2 3 2 3 2 9 0 0 4 9 3 9 4 1 1 5 1 9 3 0 1 3 3 1
split_gain=2.75576e+06 2.46193e+06 5.19807e+06 6.4577e+06 1.00944e+07 4.96785e+06 4.51312e+06 4.44511e+06 4.15418e+06 6.6997e+06 7.74758e+06 1.03891e+07 6.71557e+06 6.32031e+06 6.28232e+06 1.43888e+07 5.91632e+06 5.76074e+06 1.82271e+07 1.13767e+07 1.2257e+07 1.3132e+07 1.11749e+07 1.8392e+07 1.84746e+07 2.20907e+07 2.00041e+07 1.6632e+07 1.41159e+07 1.59878e+07
threshold=30908.467491710664 8399.1068652846079 10867.40664542691 42890.444056500004 18145.554166666672 11913.969310749244 24621.747477541674 9447.6797004382988 26245.855353666673 13589.341542425629 30521.891937416665 4.5000000000000009 49921.96701800001 48672.568955916679 -1.0000000180025095e-35 4.5000000000000009 15494.649966284005 4.5000000000000009 -0.37940952255126059 19170.850000000002 19198.104166666672 0.60355339059327384 19605.335606060613 1.5000000000000002 23275.687505323778 68244.663425366205 19236.020833333336 21651.008289658188 20889.941653184174 19614.333333333339
decision_type=2 2 2 2 2 2 2 2 2 2 2 2 2 2 2 2 2 2 2 2 2 2 2 2 2 2 2 2 2 2
left_child=1 -1 7 4 -4 6 -5 -3 -7 12 11 13 14 -11 15 -10 -13 18 22 -19 21 -21 23 -12 25 26 27 -25 29 -24
right_child=-2 2 3 5 -6 8 -8 -9 9 10 17 16 -14 -15 -16 -17 -18 19 -20 20 -22 -23 28 24 -26 -27 -28 -29 -30 -31
leaf_value=7.6948601993230668 -16.568561492919923 2.8609279196995958 -6.9819182300567633 -29.306334361323607 41.114891513188681 13.054700525345343 -2.8497336196899417 -15.043280823414143 -7.1121725678443912 15.080930630366007 -17.579496952601239 -8.4784482703064423 15.247458026522683 46.958402393175213 -5.022846928743216 -60.376464707510813 16.084814907954293 9.5532450987228668 -5.1729085346641233 -31.578575998942057 0.92398532409408363 6.6197661432955002 60.532960556348172 9.2011379301510274 18.238207330908093 -26.881915438002434 -38.326800844404431 -23.893699368976414 4.1065757746789968 9.3307988566737023
leaf_weight=104 25 52 20 27 24 62 40 104 32 48 113 66 21 23 65 21 39 377 1551 60 2723 36 30 395 175 69 27 42 102 31
leaf_count=104 25 52 20 27 24 62 40 104 32 48 113 66 21 23 65 21 39 377 1551 60 2723 36 30 395 175 69 27 42 102 31
internal_value=7.91448e-09 0.0639318 -0.0605571 0.16557 19.2527 0.0295648 -13.5113 -9.07521 0.178098 0.0460522 0.301374 10.6344 -10.8042 25.4074 -15.4405 -28.2169 0.645049 -0.0159558 -1.79591 1.39586 0.304934 -17.2542 3.52699 1.15279 4.14255 -0.485482 3.43985 6.0204 15.4854 34.5122
internal_weight=6504 6479 6375 6219 44 6175 67 156 6108 6046 5907 176 139 71 118 53 105 5731 2535 3196 2819 96 984 821 708 533 464 437 163 61
internal_count=6504 6479 6375 6219 44 6175 67 156 6108 6046 5907 176 139 71 118 53 105 5731 2535 3196 2819 96 984 821 708 533 464 437 163 61
is_linear=0
shrinkage=0.05


Tree=116
num_leaves=31
num_cat=1
split_feature=3 1 5 8 1 1 1 1 2 2 3 5 1 1 1 0 0 5 4 0 2 1 9 4 3 1 2 3 1 3
split_gain=2.48708e+06 2.35902e+06 4.36637e+06 2.94274e+06 1.27301e+07 1.06442e+07 1.66514e+07 1.89313e+07 9.58925e+06 1.64856e+07 9.19953e+06 9.02706e+06 7.14449e+06 1.87659e+07 1.9825e+07 2.16839e+07 1.24045e+07 1.81004e+07 1.21481e+07 2.32953e+07 1.17036e+07 9.37586e+06 1.4014e+07 9.25565e+06 2.12525e+07 1.04916e+07 1.25338e+07 1.85234e+07 1.36443e+07 2.5072e+07
threshold=30908.467491710664 16609.01666666667 -0.60355339059327384 0 22017.554166666672 20176.562500000004 20421.645833333339 20581.299999999999 50122.367123215663 35392.425405153088 20356.916018994114 0.78656609248549303 19614.333333333339 19602.145833333339 19405.683333333334 67261.33371458335 66617.101337621265 -0.5 -1.0000000180025095e-35 61758.219189585936 36507.998671322006 19751.383333333335 5.5000000000000009 0.91597561503675362 17380.192498966568 19237.950000000004 39029.125370806076 15978.981661856824 18291.229166666668 23208.128202063202
decision_type=2 2 2 1 2 2 2 2 2 2 2 2 2 2 2 2 2 2 2 2 2 2 2 2 2 2 2 2 2 2
left_child=1 2 -1 -3 5 12 8 10 9 -7 -8 -11 13 14 23 20 17 -15 21 -20 -16 -14 -23 25 -25 26 27 -5 29 -28
right_child=-2 3 -4 4 -6 6 7 -9 -10 11 -12 -13 18 16 15 -17 -18 -19 19 -21 -22 22 -24 24 -26 -27 28 -29 -30 -31
leaf_value=-6.9359870683579219 -15.740133911132814 0.71263051482654693 22.592503264642531 -4.5743594902371054 -25.091451900345941 -11.643647783452815 -50.656189114397222 3.5165713597470383 -1.1079231750133427 47.647050463143046 -12.085657574580267 11.797236022949219 3.4812070664905366 35.096611213684085 -32.204977372976451 -56.68873281876246 30.632622240922032 -25.91363642292638 11.097664744523634 -47.850810641334171 12.957959190756084 -52.338698844299756 -6.3783151626586916 -49.937037670612341 -1.2670646006266277 27.900335437059404 -8.8559393523575434 17.708490357516002 -19.047542390340492 33.940746979279957
leaf_weight=21 25 4356 31 218 56 22 22 508 43 59 52 25 21 20 26 36 68 31 83 21 32 43 27 32 75 32 154 163 158 44
leaf_count=21 25 4356 31 218 56 22 22 508 43 59 52 25 21 20 26 36 68 31 83 21 32 43 27 32 75 32 154 163 158 44
internal_value=-5.04495e-09 0.0607352 10.6675 -0.025083 -1.57674 -0.923229 3.89307 0.0747902 18.8074 26.8863 -23.5526 36.9775 -3.66522 -2.08697 -4.38591 -26.2071 16.6523 -1.98805 -12.4791 -0.805393 -7.2875 -25.8206 -34.6111 -2.04437 -15.8226 -0.127242 -1.34418 4.95872 -8.0897 0.654435
internal_weight=6504 6479 52 6427 2071 2015 731 582 149 106 74 84 1284 1089 970 94 119 51 195 104 58 91 70 876 107 769 737 381 356 198
internal_count=6504 6479 52 6427 2071 2015 731 582 149 106 74 84 1284 1089 970 94 119 51 195 104 58 91 70 876 107 769 737 381 356 198
cat_boundaries=0 1
cat_threshold=4
is_linear=0
shrinkage=0.05


Tree=117
num_leaves=31
num_cat=8
split_feature=3 3 1 1 6 1 9 7 7 1 8 6 0 4 5 3 9 4 0 5 1 8 1 3 6 3 4 1 8 5
split_gain=2.35761e+06 2.22655e+06 2.25472e+06 5.6014e+06 9.16643e+06 5.5171e+06 1.21233e+07 1.56459e+07 1.13136e+07 1.98321e+07 1.33956e+07 1.37096e+07 1.32426e+07 1.28847e+07 1.27122e+07 1.35641e+07 1.12476e+07 1.0943e+07 1.03152e+07 7.70312e+06 8.69713e+06 9.4549e+06 9.18327e+06 8.41184e+06 6.85317e+06 7.62315e+06 5.8281e+06 1.09005e+07 5.61841e+06 8.11631e+06
threshold=6588.6173625935926 30908.467491710664 20444.575000000001 20417.916666666668 0 21233.400000000001 8.5000000000000018 1 2 20669.650000000005 3 4 56337.463140666674 -0.25881904510252113 -0.60355339059327384 20477.103012560332 5.5000000000000009 -1.0000000180025095e-35 52913.345731490561 -0.78656609248549325 21657.233333333334 5 21734.8125 19842.312466905601 6 29371.689118434351 -0.78656609248549303 21162.787500000002 7 0.25881904510252057
decision_type=2 2 2 2 1 2 2 1 1 2 1 1 2 2 2 2 2 2 2 2 2 1 2 2 1 2 2 2 1 2
left_child=-1 2 3 -2 -5 6 7 17 10 13 11 12 -8 -10 -12 -16 -9 -4 -7 -20 21 -21 -22 -23 -24 -26 27 -18 -11 -30
right_child=1 -3 5 4 -6 18 8 16 9 28 14 -13 -14 -15 15 -17 26 -19 19 20 22 23 24 -25 25 -27 -28 -29 29 -31
leaf_value=15.026218799444345 -0.27163546881172079 -14.953126556396484 14.234425423063081 -40.7436055410476 -5.1027076479047544 34.443153877258304 -14.212314860026041 -10.959011106358634 -15.624691605109437 -9.6183022288426958 34.902919434527966 -28.841026806831362 38.72785826183501 -68.282121058872775 -22.062603967330034 15.18158443823628 20.11567922973633 58.906275881253762 -10.874849989332219 19.482653624923142 13.2680863757354 8.4634182318662976 -15.559640416502953 -17.657055121700779 4.6830388898407662 -24.654890640576681 14.452094420064398 -25.308041293280468 -4.971355043138777 36.732483072280885
leaf_weight=26 4483 25 29 21 128 20 27 72 26 73 49 48 21 21 34 87 25 26 189 27 173 39 64 147 286 24 238 28 28 20
leaf_count=26 4483 25 29 21 128 20 27 72 26 73 49 48 21 21 34 87 25 26 189 27 173 39 64 147 286 24 238 28 28 20
internal_value=2.33126e-08 -0.060309 -0.00261171 -0.588624 -10.1259 1.488 4.42303 10.5004 -1.43031 -11.5884 4.98532 -9.94601 8.94901 -39.1525 13.4171 4.71628 6.73503 35.352 -1.09264 -1.84155 0.404884 -8.16658 3.74258 -12.1802 -0.663597 2.41172 11.1129 -3.88176 -0.881689 12.4052
internal_weight=6504 6478 6453 4632 149 1821 852 418 434 168 266 96 48 47 170 121 363 55 969 949 760 213 547 186 374 310 291 53 121 48
internal_count=6504 6478 6453 4632 149 1821 852 418 434 168 266 96 48 47 170 121 363 55 969 949 760 213 547 186 374 310 291 53 121 48
cat_boundaries=0 1 2 3 4 5 6 7 8
cat_threshold=1 1 4 2 1 1 2 4
is_linear=0
shrinkage=0.05


Tree=118
num_leaves=31
num_cat=2
split_feature=3 3 0 1 5 1 3 0 6 2 3 2 4 8 0 5 3 4 9 9 4 1 3 3 1 9 2 5 9 3
split_gain=2.21967e+06 4.39559e+06 5.95986e+06 9.08098e+06 4.36965e+06 5.03199e+06 4.28646e+06 4.00233e+06 3.91236e+06 3.65524e+06 5.719e+06 7.06798e+06 9.61172e+06 6.01153e+06 6.01079e+06 5.97495e+06 9.16754e+06 5.5679e+06 1.26955e+07 5.41728e+06 1.55569e+07 9.71732e+06 1.05183e+07 1.23983e+07 9.71551e+06 1.60428e+07 1.59128e+07 1.40164e+07 2.1837e+07 2.08285e+07
threshold=8399.1068652846079 10867.40664542691 42890.444056500004 18145.554166666672 -0.70710678118654757 20221.150000000001 11913.969310749244 39539.52726475001 0 26245.855353666673 13589.341542425629 30521.891937416665 0.91597561503675362 1 49921.96701800001 -0.98296291314453399 21269.698924137498 -1.0000000180025095e-35 4.5000000000000009 4.5000000000000009 -0.37940952255126059 19170.850000000002 16385.88009252958 22662.117511438799 19605.335606060613 1.5000000000000002 54493.029678761777 -0.12940952255126037 3.5000000000000004 19989.367311169004
decision_type=2 2 2 2 2 2 2 2 1 2 2 2 2 1 2 2 2 2 2 2 2 2 2 2 2 2 2 2 2 2
left_child=-1 4 3 -3 5 7 8 -2 -4 -8 14 12 13 -12 17 16 -13 18 -11 20 24 22 -21 -24 25 -17 27 28 -27 -30
right_child=1 2 6 -5 -6 -7 9 -9 -10 10 11 15 -14 -15 -16 19 -18 -19 -20 21 -22 -23 23 -25 -26 26 -28 -29 29 -31
leaf_value=7.2459863584775199 -11.199471657197984 -6.4566100883483886 -4.7374105250581788 39.162015406290692 5.6070337179230485 7.5136412413223939 12.175498067179035 -33.262985475601688 -31.14099346160889 -6.6421500027179725 -5.4531087398529055 5.0790177735415369 -15.698566742930561 20.317153298299193 14.594842004776002 -16.378409270269682 -18.882929749595057 -4.6307440398289605 -56.674267037709562 -15.704076081828067 -4.7560355965053036 0.55200037552696468 16.314242497011215 -10.08123353202388 14.480959774380082 21.697064772662738 22.076274183884408 -5.1493877437591555 4.6077333296759653 -53.376241048177093
leaf_weight=104 61 20 47 24 41 23 62 31 20 32 28 66 30 118 21 113 101 65 21 38 1502 2734 277 53 163 151 103 375 59 21
leaf_count=104 61 20 47 24 41 23 62 31 20 32 28 66 30 118 21 113 101 65 21 38 1502 2734 277 53 163 151 103 375 59 21
internal_value=-3.10942e-09 -0.117747 0.0893715 18.4263 -8.40781 -13.4044 -0.0407614 -18.6339 -12.6191 0.0966505 -0.0267045 0.208208 10.0783 15.3749 -10.0519 -0.0935873 -9.41294 -14.4382 -26.4662 0.184876 -1.55363 1.57871 9.20648 12.075 3.32963 1.11835 3.90698 0.818798 10.5074 -10.6131
internal_weight=6504 6400 6244 44 156 115 6200 92 67 6133 6071 5932 176 146 139 5756 167 118 53 5589 2487 3102 368 330 985 822 709 606 231 80
internal_count=6504 6400 6244 44 156 115 6200 92 67 6133 6071 5932 176 146 139 5756 167 118 53 5589 2487 3102 368 330 985 822 709 606 231 80
cat_boundaries=0 1 2
cat_threshold=2 2
is_linear=0
shrinkage=0.05


Tree=119
num_leaves=31
num_cat=5
split_feature=1 8 1 9 3 9 4 4 0 1 1 3 1 4 9 1 1 1 7 3 8 1 3 3 0 5 7 9 1 6
split_gain=2.0911e+06 4.09834e+06 3.70616e+06 1.49677e+07 1.95534e+07 7.84735e+06 7.40775e+06 6.8219e+06 6.29033e+06 7.52495e+06 5.66541e+06 5.0626e+06 4.69365e+06 4.37524e+06 3.73491e+06 2.11823e+07 2.19338e+07 2.16076e+07 2.0193e+07 2.57844e+07 1.88308e+07 2.86813e+07 1.7631e+07 1.55689e+07 1.53907e+07 1.53837e+07 1.38707e+07 1.37891e+07 3.24128e+07 2.67658e+07
threshold=16609.01666666667 0 17493.779166666667 3.5000000000000004 20041.714912913416 2.5000000000000004 -0.91597561503675329 0.25881904510252091 70533.372044033269 17483.612878787881 17451.616666666672 17989.580444969844 17451.616666666672 0.60355339059327384 2.5000000000000004 17501.933333333338 19577.379166666669 19600.241666666669 1 19655.842330553034 2 18552.162500000002 24082.656050551508 22181.344437025316 56233.014181298153 0.78656609248549303 3 3.5000000000000004 17679.104166666668 4
decision_type=2 1 2 2 2 2 2 2 2 2 2 2 2 2 2 2 2 2 1 2 1 2 2 2 2 2 1 2 2 1
left_child=1 -1 3 4 5 7 -6 10 9 12 -2 -7 -8 -11 15 -4 18 25 19 -17 -21 23 24 -22 -20 26 -18 29 -29 -16
right_child=2 -3 14 -5 6 11 8 -9 -10 13 -12 -13 -14 -15 27 16 17 -19 22 20 21 -23 -24 -25 -26 -27 -28 28 -30 -31
leaf_value=25.148091987768808 24.217048435826456 -3.0091963563646593 -42.870840915679935 -35.71969128184849 12.479182972226825 36.971113774511551 -17.151153360094344 -21.96964509383492 -40.434937456675939 -44.820042653310871 -9.9159865760803232 8.8997543655592821 14.6306037572714 -12.143342876434327 -33.636332813898726 74.258028443654382 22.855305240772392 3.2932576706545471 6.3914454503492877 27.933851953996282 54.837859659609592 -31.02114892782167 29.148621153831485 1.5740143383250518 -31.365097531844988 -47.30183737350233 -16.779425298872074 53.263488065785374 0.22441182509780744 -3.2810658388507008
leaf_weight=24 31 28 25 36 21 36 21 23 28 21 20 29 26 20 84 21 27 596 55 147 23 43 34 34 53 33 121 29 4279 536
leaf_count=24 31 28 25 36 21 36 21 23 28 21 20 29 26 20 84 21 27 596 55 147 23 43 34 34 53 33 121 29 4279 536
internal_value=-1.55471e-09 9.98648 -0.0804862 -5.39657 -1.44138 11.7709 -14.8466 0.63658 -19.7935 -13.2258 10.8315 24.447 0.430244 -28.8802 0.189647 2.67627 3.63556 -1.30167 12.9922 21.0693 16.5472 -0.191221 -2.25188 23.0664 -12.1372 -16.4319 -9.54876 -0.421916 0.581453 -7.39371
internal_weight=6504 52 6452 312 276 139 137 74 116 88 51 65 47 41 6140 1212 1187 777 410 268 247 100 142 57 108 181 148 4928 4308 620
internal_count=6504 52 6452 312 276 139 137 74 116 88 51 65 47 41 6140 1212 1187 777 410 268 247 100 142 57 108 181 148 4928 4308 620
cat_boundaries=0 1 2 3 4 5
cat_threshold=1 4 4 2 1
is_linear=0
shrinkage=0.05


Tree=120
num_leaves=31
num_cat=4
split_feature=3 3 1 2 5 1 1 1 6 9 0 7 8 3 7 1 3 0 9 3 1 2 4 1 1 5 9 2 1 3
split_gain=2.14371e+06 2.06225e+06 4.53868e+06 7.98231e+06 5.64223e+06 3.93294e+06 2.61412e+06 4.60019e+06 8.45481e+06 5.7167e+06 8.25848e+06 7.20296e+06 1.06164e+07 6.72855e+06 4.93419e+06 1.34784e+07 9.98274e+06 1.56471e+07 2.48651e+07 2.34848e+07 1.28625e+07 1.26909e+07 1.86669e+07 1.03778e+07 1.2923e+07 9.98311e+06 6.73028e+06 9.2085e+06 8.00858e+06 6.43555e+06
threshold=6588.6173625935926 28608.4605494977 21965.104166666668 65847.304557000025 -0.37940952255126015 20389.929166666669 20444.575000000001 20417.916666666668 0 6.5000000000000009 57327.910610166669 1 2 24195.693601173767 3 17315.757954545457 17100.780318021101 60518.27442637999 1.5000000000000002 20889.941653184174 19577.379166666669 36833.73313700001 -1.0000000180025095e-35 17679.104166666668 18368.501515151522 -0.78656609248549325 5.5000000000000009 37596.008449357752 18816.562500000004 15623.910963666031
decision_type=2 2 2 2 2 2 2 2 1 2 2 1 1 2 1 2 2 2 2 2 2 2 2 2 2 2 2 2 2 2
left_child=-1 6 3 4 -3 -5 7 9 -9 14 -11 -12 13 -13 15 -2 23 21 19 -19 -20 -18 -23 25 -25 -17 27 28 -26 -16
right_child=1 2 -4 5 -6 -7 -8 8 -10 10 11 12 -14 -15 29 16 17 18 20 -21 -22 22 -24 24 26 -27 -28 -29 -30 -31
leaf_value=14.32835022246895 31.599422272046407 -12.66673234654224 -22.754024206797283 30.20618653070359 13.319623619079591 4.1791734431652321 1.7796163580445357 -38.75602386111305 -4.2315740133586681 33.455075150269728 27.876867757524764 -18.248037014688766 15.274362136068801 2.9786581939458849 -5.3910395658607912 -6.3154945818583172 -3.1822616671070909 60.128876205285394 -4.7722098736202012 -12.273783002580915 -54.541934222266789 -15.865517611116978 -66.802959747314461 -27.74209453441479 -7.579064810011122 31.640426037805838 -16.710942166546982 -23.917981640994551 18.207315102776331 0.83292573698643868
leaf_weight=26 24 127 30 21 25 47 1720 21 114 26 28 70 84 80 481 30 33 24 34 21 21 37 35 54 45 41 48 24 91 3042
leaf_count=26 24 127 30 21 25 47 1720 21 114 26 28 70 84 80 481 30 33 24 34 21 21 37 35 54 45 41 48 24 91 3042
internal_value=1.72245e-08 -0.057508 -4.51022 -2.02242 -8.39266 12.2169 0.121229 -0.511518 -9.60204 -0.230882 6.57764 3.91042 1.04263 -6.92713 -0.710895 -5.0617 -6.69715 -15.3777 -1.22292 26.341 -23.7752 -28.8585 -40.6268 -1.35324 -5.94818 15.6027 -0.29014 4.6361 9.67506 -0.0168407
internal_weight=6504 6478 250 220 152 68 6228 4508 135 4373 288 262 234 150 4085 562 538 205 100 45 55 105 72 333 262 71 208 160 136 3523
internal_count=6504 6478 250 220 152 68 6228 4508 135 4373 288 262 234 150 4085 562 538 205 100 45 55 105 72 333 262 71 208 160 136 3523
cat_boundaries=0 1 2 3 4
cat_threshold=1 2 4 1
is_linear=0
shrinkage=0.05


Tree=121
num_leaves=31
num_cat=4
split_feature=3 5 1 3 1 8 9 5 3 0 5 1 1 1 1 0 0 8 3 4 1 4 7 6 4 2 9 1 1 1
split_gain=2.13857e+06 1.30295e+07 6.52847e+06 8.20479e+06 1.31642e+07 8.48887e+06 6.07916e+06 1.1479e+07 1.17718e+07 1.50954e+07 7.45397e+06 5.5795e+06 1.51853e+07 6.18464e+06 8.8905e+06 7.08928e+06 4.43407e+06 4.00844e+06 3.71236e+06 4.93878e+06 3.55106e+06 6.05549e+06 3.51682e+06 2.01978e+07 1.91191e+07 1.59509e+07 1.23142e+07 1.12708e+07 1.12476e+07 2.7343e+07
threshold=26070.623547587365 1.0000000180025095e-35 18913.854166666675 27018.938753765487 19608.049999999999 0 1.5000000000000002 -0.5 28322.859494397697 82971.065687075767 -0.98296291314453399 21162.787500000002 20438.316666666669 17507.070833333339 20077.850000000006 80548.085128322607 73114.860157276227 1 25638.695520840254 -0.37940952255126059 19602.145833333339 1.0000000180025095e-35 2 3 -0.70710678118654735 50122.367123215663 1.5000000000000002 18552.162500000002 19785.258333333335 19611.112500000003
decision_type=2 2 2 2 2 1 2 2 2 2 2 2 2 2 2 2 2 1 2 2 2 2 1 1 2 2 2 2 2 2
left_child=18 6 -3 5 -5 16 7 20 9 -9 -8 12 13 -12 -15 -16 -4 -6 22 -20 -2 -22 23 24 -1 26 28 -27 29 -24
right_child=1 2 3 4 17 -7 10 8 -10 -11 11 -13 -14 14 15 -17 -18 -19 19 -21 21 -23 25 -25 -26 27 -28 -29 -30 -31
leaf_value=-48.804433880911937 -16.276816853609954 30.532444286346436 -9.3071307443222917 41.61009039221139 -13.934205532073975 -27.059207411373364 -25.309632481469052 -78.573988342285162 -7.3659599708788326 -17.877960904439291 -25.649054301868787 -7.9794947117396759 41.559453342358275 15.102718331040563 -28.685292079530917 2.6256920397281647 10.317079846821136 8.3897878112331519 19.555151932506728 0.92495964415695353 25.752286811102007 -7.7033377697593286 30.276224009195968 1.8723623338018467 -6.729612021037827 -39.323548197746277 -1.355202475046414 -9.0534513082719386 35.125988026098774 -24.622078163679259
leaf_weight=36 33 24 53 29 24 34 36 20 33 21 22 175 24 74 29 48 63 124 58 92 21 38 48 3379 108 40 1598 133 44 43
leaf_count=36 33 24 53 29 24 34 36 20 33 21 22 175 24 74 29 48 63 124 58 92 21 38 48 3379 108 40 1598 133 44 43
internal_value=9.68817e-10 -2.22664 5.36202 3.51465 10.8057 -5.08877 -6.86709 -14.9341 -29.5945 -47.4858 -3.58493 -1.48253 4.28888 -0.881609 2.72689 -9.16676 1.35085 4.76968 0.369177 8.12863 -3.142 4.2046 0.154788 1.09082 -17.2483 -1.57535 -0.130156 -16.0523 14.3708 4.33527
internal_weight=6504 925 351 327 177 150 574 166 74 41 408 372 197 173 151 77 116 148 5579 150 92 59 5429 3523 144 1906 1733 173 135 91
internal_count=6504 925 351 327 177 150 574 166 74 41 408 372 197 173 151 77 116 148 5579 150 92 59 5429 3523 144 1906 1733 173 135 91
cat_boundaries=0 1 2 3 4
cat_threshold=4 1 4 2
is_linear=0
shrinkage=0.05


Tree=122
num_leaves=31
num_cat=2
split_feature=3 3 0 1 5 3 2 2 3 2 9 6 1 4 1 0 5 0 0 4 7 3 1 1 3 9 4 0 4 9
split_gain=2.17355e+06 7.18194e+06 5.55965e+06 8.12371e+06 5.05688e+06 3.73307e+06 3.85001e+06 3.31824e+06 4.96828e+06 6.2258e+06 8.68385e+06 5.55179e+06 8.40733e+06 6.78338e+06 5.99909e+06 5.54375e+06 5.19417e+06 7.9036e+06 5.20678e+06 8.26934e+06 1.88811e+07 7.00659e+06 5.74263e+06 8.20032e+06 5.4975e+06 5.25668e+06 1.39488e+07 1.178e+07 1.13513e+07 9.76086e+06
threshold=9447.6797004382988 10867.40664542691 42890.444056500004 18145.554166666672 -0.78656609248549325 11913.969310749244 24621.747477541674 26245.855353666673 13589.341542425629 30521.891937416665 4.5000000000000009 0 18690.645833333336 0.25881904510252091 18516.758333333339 48672.568955916679 -0.98296291314453399 53664.030421793403 51439.421820333351 0.78656609248549325 1 15623.910963666031 18137.750000000004 18913.854166666675 14221.39633375234 4.5000000000000009 -0.37940952255126059 53664.030421793403 0.91597561503675362 8.5000000000000018
decision_type=2 2 2 2 2 2 2 2 2 2 2 1 2 2 2 2 2 2 2 2 1 2 2 2 2 2 2 2 2 2
left_child=4 -2 3 -3 -1 6 -4 -7 11 10 15 14 -13 -14 -9 -10 17 -11 19 21 -21 -18 -23 -24 -20 26 27 -26 -27 -30
right_child=1 2 5 -5 -6 7 -8 8 9 16 -12 12 13 -15 -16 -17 18 -19 24 20 -22 22 23 -25 25 28 -28 -29 29 -31
leaf_value=1.3476373592376709 -13.174574158741876 -5.7505487060546878 -26.378791455869322 37.3966803709666 23.907559843217172 11.584883749869562 -1.9429896545410157 23.909013442993167 13.276089976231257 14.933545891375378 0.30833518527802967 -44.782358446988198 -29.333328117075425 7.9804592876598752 -8.7863401059140553 43.131039983293284 -14.387375907897951 -13.781012193102768 23.828939773559572 11.454982264145562 -46.862551269531252 30.602127019925554 -23.847676965168546 17.178575015890186 40.253445034935368 0.54139481668480449 -4.607451577018284 2.3872962009005496 13.495789444522494 -7.2736141343047649
leaf_weight=125 104 20 27 24 31 62 40 20 48 29 105 22 21 29 47 23 55 138 25 23 35 22 21 29 21 2633 1406 936 314 69
leaf_count=125 104 20 27 24 31 62 40 20 48 29 105 22 21 29 47 23 55 138 25 23 35 22 21 29 21 2633 1406 936 314 69
internal_value=2.79699e-09 -0.143287 0.0737615 17.7843 5.8307 -0.0519262 -11.7903 0.0763092 -0.041222 0.177731 9.44114 -9.3853 -19.0247 -7.69133 0.973467 22.9474 -0.105515 -8.79465 0.154118 -8.09409 -23.7366 -0.950247 9.31423 -0.0524508 0.436486 0.327765 -1.43811 3.21821 1.7113 9.75404
internal_weight=6504 6348 6244 44 156 6200 67 6133 6071 5932 176 139 72 50 67 71 5756 167 5589 185 58 127 72 50 5404 5379 2363 957 3016 383
internal_count=6504 6348 6244 44 156 6200 67 6133 6071 5932 176 139 72 50 67 71 5756 167 5589 185 58 127 72 50 5404 5379 2363 957 3016 383
cat_boundaries=0 1 2
cat_threshold=2 2
is_linear=0
shrinkage=0.05


Tree=123
num_leaves=31
num_cat=3
split_feature=3 3 2 5 6 1 3 3 0 2 2 6 10 5 3 4 0 2 1 7 1 3 1 3 9 1 1 1 5 2
split_gain=1.96163e+06 6.4817e+06 5.03126e+06 4.56383e+06 2.55896e+06 3.08858e+06 5.21537e+06 2.37102e+06 4.76973e+06 3.4948e+06 2.94324e+06 6.23096e+06 4.81705e+06 8.76753e+06 5.68008e+06 1.00792e+07 8.93173e+06 1.16045e+07 8.97977e+06 1.82126e+07 1.37547e+07 1.21229e+07 2.68e+07 1.12348e+07 1.11863e+07 9.04178e+06 1.4857e+07 1.24767e+07 8.31006e+06 7.91471e+06
threshold=9447.6797004382988 10867.40664542691 22862.389006333331 -0.78656609248549325 0 19831.041666666668 6588.6173625935926 11913.969310749244 45024.618656225895 25066.109309227279 28075.472575999996 1 1.0000000180025095e-35 0.60355339059327384 18502.524601906178 -0.78656609248549303 57327.910610166669 39029.125370806076 19146.212500000005 2 17505.991666666672 20677.729386114919 19345.729166666672 20964.40588294487 4.5000000000000009 19261.966666666671 19715.770833333339 19222.716287878793 -0.98296291314453399 35104.966121208352
decision_type=2 2 2 2 1 2 2 2 2 2 2 1 2 2 2 2 2 2 2 1 2 2 2 2 2 2 2 2 2 2
left_child=3 -2 -3 4 -1 6 -6 -4 9 -9 11 -10 14 -14 15 -12 17 18 19 23 -21 25 -23 -16 -25 27 -27 -20 -18 -17
right_child=1 2 7 -5 5 -7 -8 8 10 -11 12 -13 13 -15 16 29 28 -19 21 20 -22 22 -24 24 -26 26 -28 -29 -30 -31
leaf_value=14.595631437642234 -12.515845625217146 25.107914314270019 -8.3538682812736145 22.712182331085206 12.629616069793702 14.409721815018427 -15.881718566507665 29.869363270635191 -24.507929485722595 2.862876861572266 -5.5583845427253031 0.40064749975462216 -25.410914305278236 7.3545477213178359 40.77634437152318 1.7588392920919826 -12.864940505296369 -40.48875662994385 -11.939647308661014 -43.237148113603951 8.7855834007263187 -69.707383735656748 2.1360204378763838 -14.199130964279176 33.468636245727538 -54.070073547363279 -6.7822789564424628 23.926667400201165 0.54712406718716478 10.235277315947979
leaf_weight=28 104 20 84 31 23 21 53 23 38 25 275 74 49 35 35 700 119 25 49 27 24 25 27 32 20 20 98 48 3918 454
leaf_count=28 104 20 84 31 23 21 53 23 38 25 275 74 49 35 35 700 119 25 49 27 24 25 27 32 20 20 98 48 3918 454
internal_value=2.99646e-08 -0.136123 0.0700734 5.53916 1.28026 -2.56336 -7.25329 -0.0103823 0.103763 15.8035 -0.019938 -8.05048 0.130467 -11.7586 0.29985 3.0437 -0.577912 -7.42845 -5.38769 4.96829 -18.7559 -10.7402 -32.4041 18.8755 4.13463 -5.50059 -14.7972 5.80863 0.151772 5.09359
internal_weight=6504 6348 6244 156 125 97 76 6224 6140 48 6092 112 5980 84 5896 1429 4467 430 405 138 51 267 52 87 52 215 118 97 4037 1154
internal_count=6504 6348 6244 156 125 97 76 6224 6140 48 6092 112 5980 84 5896 1429 4467 430 405 138 51 267 52 87 52 215 118 97 4037 1154
cat_boundaries=0 1 2 3
cat_threshold=1 4 4
is_linear=0
shrinkage=0.05


Tree=124
num_leaves=31
num_cat=7
split_feature=9 5 1 1 7 3 3 6 1 8 1 0 0 2 8 1 5 5 3 3 7 2 3 3 1 1 8 1 0 6
split_gain=1.93466e+06 1.14855e+07 1.231e+07 1.76212e+07 2.07712e+07 2.03351e+07 2.02675e+07 1.76096e+07 1.68137e+07 1.45079e+07 2.4577e+07 1.25313e+07 1.22929e+07 1.91805e+07 1.1717e+07 1.11416e+07 1.00244e+07 9.66799e+06 9.63786e+06 7.9606e+06 7.93245e+06 7.76525e+06 7.65386e+06 6.78099e+06 6.28576e+06 8.10942e+06 1.41303e+07 7.93467e+06 7.8027e+06 1.32768e+07
threshold=2.5000000000000004 0.91597561503675351 17501.933333333338 19587.054166666672 0 24082.656050551508 19655.842330553034 1 19596.858333333334 2 18552.162500000002 56233.014181298153 71351.251783500033 49145.142846407085 3 18548.237500000007 1.0000000180025095e-35 -0.5 22380.455764279788 25176.043808424602 4 64555.494760537353 26788.521953398133 25261.669647419763 20602.530681818185 19785.258333333335 5 19613.229166666668 60445.34606413819 6
decision_type=2 2 2 2 1 2 2 1 2 1 2 2 2 2 1 2 2 2 2 2 1 2 2 2 2 2 1 2 2 1
left_child=1 2 7 4 6 11 -4 -1 -5 23 18 20 13 24 -9 -13 17 -14 -11 -16 -6 -19 -7 -8 25 27 -27 28 -10 -30
right_child=-2 -3 3 8 5 22 9 14 12 10 -12 15 16 -15 19 -17 -18 21 -20 -21 -22 -23 -24 -25 -26 26 -28 -29 29 -31
leaf_value=-39.098669031504045 -0.45492579768523111 -10.279481704794081 71.150805113315585 -19.237070373996445 -13.907877699534097 50.548570058941841 46.622026222630552 29.183458522514059 -8.5691004002347917 52.854336786270146 -27.528948391111271 -53.028907620465318 -0.91611893287924839 41.560704601378667 -1.9231976905216772 -5.0943297516215935 10.132430574056265 -36.925182910841343 7.0599294874403213 -35.995489916801453 26.538391971588137 -1.1676549911499023 6.8054109764099131 21.775394067619786 -19.673184025805931 51.386728288577153 -0.2566628336906433 -13.980547744152595 2.1136178298735282 36.828011707729765
leaf_weight=37 5088 177 20 92 27 20 38 27 47 20 38 27 86 42 120 22 74 49 27 20 22 22 20 99 23 26 27 51 71 45
leaf_count=37 5088 177 20 92 27 20 38 27 47 20 38 27 86 42 120 22 74 49 27 20 22 22 20 99 23 26 27 51 71 45
internal_value=1.22343e-10 1.63465 3.33667 5.5493 14.1147 -1.36554 22.9422 -7.88917 0.580067 18.5991 2.37182 -13.6278 3.81839 9.98121 -0.974492 -31.5073 -5.039 -12.1899 26.5469 -6.79067 4.25167 -25.8454 28.677 28.6672 5.40763 7.56815 25.0778 3.23164 8.61705 15.5804
internal_weight=6504 1416 1239 1035 380 138 242 204 655 222 85 98 563 332 167 49 231 157 47 140 49 71 40 137 290 267 53 214 163 116
internal_count=6504 1416 1239 1035 380 138 242 204 655 222 85 98 563 332 167 49 231 157 47 140 49 71 40 137 290 267 53 214 163 116
cat_boundaries=0 1 2 3 4 5 6 7
cat_threshold=4 1 4 1 2 4 4
is_linear=0
shrinkage=0.05


Tree=125
num_leaves=31
num_cat=7
split_feature=3 1 8 3 6 3 1 1 7 1 9 1 3 1 1 2 1 6 8 9 1 0 6 8 4 5 1 5 3 5
split_gain=1.87889e+06 1.81307e+06 8.88858e+06 4.29578e+06 6.27978e+06 6.20149e+06 4.19156e+06 3.51403e+06 4.91424e+06 1.91552e+07 1.977e+07 1.52347e+07 5.91323e+06 4.91343e+06 5.34935e+06 8.06687e+06 1.27307e+07 1.08218e+07 8.05935e+06 9.91304e+06 1.13341e+07 8.92135e+06 7.46677e+06 8.21882e+06 7.72408e+06 6.26099e+06 5.86162e+06 5.56049e+06 8.9101e+06 5.44132e+06
threshold=30908.467491710664 21965.104166666668 0 17641.873186118686 1 24030.331899106797 22213.291666666668 20444.575000000001 2 21834.804166666672 8.5000000000000018 20679.108333333341 11913.969310749244 21887.366666666672 21233.400000000001 43319.386962000026 21035.450000000004 3 4 7.5000000000000009 21657.233333333334 56803.847811000007 5 6 -0.60355339059327362 -0.70710678118654757 20665.012500000001 -0.37940952255126015 23970.271276843097 -0.12940952255126037
decision_type=2 2 1 2 1 2 2 2 1 2 2 2 2 2 2 2 2 1 1 2 2 2 1 1 2 2 2 2 2 2
left_child=1 7 -3 -4 5 -5 -7 -1 9 10 -9 -12 -10 14 15 16 26 -17 -16 25 21 -21 23 24 29 -20 -14 28 -22 -19
right_child=-2 2 3 4 -6 6 -8 8 12 -11 11 -13 13 -15 18 17 -18 22 19 20 27 -23 -24 -25 -26 -27 -28 -29 -30 -31
leaf_value=-0.43307325494563237 -13.680896453857423 -23.451914660135905 20.076103591918947 19.395005578580111 -12.552648603261172 -7.8249693781830549 14.448213945116317 34.469445046895672 -21.824113379584418 -27.29395253317697 -21.416770066022874 32.029541587829591 -14.19855682554595 13.742040529368836 14.413960805989928 -17.948104904543968 18.781668625559128 -7.7279453873634338 -46.009489192962647 21.168374633789064 -32.263192443847657 -14.124646606501083 35.526583428816359 -4.8464151999264056 27.529132889478632 -13.090899648345435 -0.23450554934414952 13.898353102377483 7.5828152149281607 16.700492963476002
leaf_weight=4658 25 48 24 46 91 86 28 79 27 28 40 20 109 81 59 31 70 40 20 20 20 171 33 66 78 52 242 112 47 53
leaf_count=4658 25 48 24 46 91 86 28 79 27 28 40 20 109 81 59 31 70 40 20 20 20 171 33 66 78 52 242 112 47 53
internal_value=-5.44007e-08 0.0527893 -3.59871 -0.133424 -2.06581 3.89858 -2.35436 0.24438 2.35091 10.4358 18.036 -3.60133 1.3365 1.81606 1.02619 3.78079 -0.688067 10.0312 -2.9435 -5.26045 -1.95731 -10.429 13.2437 10.141 15.9256 -22.235 -4.57092 7.08237 -4.31152 6.19364
internal_weight=6504 6479 323 275 251 160 114 6156 1498 167 139 60 1331 1304 1223 722 421 301 501 442 370 191 270 237 171 72 351 179 67 93
internal_count=6504 6479 323 275 251 160 114 6156 1498 167 139 60 1331 1304 1223 722 421 301 501 442 370 191 270 237 171 72 351 179 67 93
cat_boundaries=0 1 2 3 4 5 6 7
cat_threshold=1 4 1 2 1 4 4
is_linear=0
shrinkage=0.05


Tree=126
num_leaves=31
num_cat=3
split_feature=3 3 0 1 5 3 6 2 10 5 0 1 10 3 0 7 0 1 3 0 8 0 2 5 1 1 1 1 1 1
split_gain=1.83905e+06 5.65603e+06 4.86696e+06 6.98456e+06 4.13811e+06 3.10751e+06 1.26424e+07 5.32817e+06 4.25244e+06 1.24297e+07 6.50284e+06 4.17962e+06 5.49398e+06 3.78136e+06 8.10866e+06 1.12502e+07 8.43909e+06 1.19311e+07 1.67088e+07 8.82672e+06 8.99117e+06 8.11053e+06 1.12753e+07 1.23919e+07 1.07643e+07 7.933e+06 3.90256e+07 1.20873e+07 1.11048e+07 1.82695e+07
threshold=9447.6797004382988 10867.40664542691 42890.444056500004 18145.554166666672 -0.78656609248549325 12674.21517154202 0 26692.199837025924 1.0000000180025095e-35 1.0000000180025095e-35 56520.700443698493 18516.758333333339 1.0000000180025095e-35 18556.060553755651 57327.910610166669 1 56592.441907333334 19146.212500000005 20677.729386114919 53838.49388466667 2 58534.263873850148 39518.251565227249 0.98296291314453421 19237.950000000004 18188.416666666668 18543.879166666669 18150.687500000004 17679.104166666668 17501.933333333338
decision_type=2 2 2 2 2 2 1 2 2 2 2 2 2 2 2 1 2 2 2 2 1 2 2 2 2 2 2 2 2 2
left_child=4 -2 3 -3 -1 6 -4 -7 13 -10 -11 -8 -13 25 15 -15 17 19 -19 -17 -21 22 23 24 -16 27 -27 28 29 -9
right_child=1 2 5 -5 -6 7 11 8 9 10 -12 12 -14 14 21 16 -18 18 -20 20 -22 -23 -24 -25 -26 26 -28 -29 -30 -31
leaf_value=1.3078916333198549 -11.69617233826564 -5.1911050415039064 -39.65051119232178 34.816761469841005 21.71575356145059 19.849890865999111 19.769663011460079 1.0601569459058238 -41.586147451400763 12.291447048652465 -22.484534850120546 -11.391541611905106 18.231267242431642 -41.997160616788001 -36.510703413827081 -18.971176080703739 -20.007068801843204 -3.2124947008761495 -44.796078082493381 28.025070307804988 -5.066892351706823 -0.37309677249751988 29.84493261013391 37.595761644272578 3.3740107218424478 -26.230962443791455 3.569664037173641 39.40271437014303 -16.48694823004983 33.555509667169481
leaf_weight=125 104 20 25 24 31 34 21 138 24 41 20 72 20 22 21 20 78 176 28 65 30 3840 53 21 87 122 1104 31 44 63
leaf_count=125 104 20 25 24 31 34 21 138 24 41 20 72 20 22 21 20 78 176 28 65 30 3840 53 21 87 122 1104 31 44 63
internal_value=-1.35101e-08 -0.131801 0.0608147 16.6314 5.3633 -0.0567828 -7.47584 0.11211 0.00078236 -11.1036 0.889486 -0.357546 -4.9518 0.159604 -0.573872 -7.19327 -5.26459 -1.65984 -8.92005 11.2191 17.575 0.115717 10.4292 2.45213 -4.38135 2.32829 0.604186 9.9868 6.26479 11.2453
internal_weight=6504 6348 6244 44 156 6200 138 6062 6028 85 61 113 92 5943 4441 419 397 319 204 115 95 4022 182 129 108 1502 1226 276 245 201
internal_count=6504 6348 6244 44 156 6200 138 6062 6028 85 61 113 92 5943 4441 419 397 319 204 115 95 4022 182 129 108 1502 1226 276 245 201
cat_boundaries=0 1 2 3
cat_threshold=1 1 4
is_linear=0
shrinkage=0.05


Tree=127
num_leaves=31
num_cat=6
split_feature=9 5 1 6 1 7 3 3 1 8 1 0 2 0 8 1 4 5 3 7 3 4 5 2 5 1 1 8 1 0
split_gain=1.78698e+06 1.03482e+07 1.09847e+07 1.58685e+07 1.56329e+07 1.88529e+07 1.8563e+07 1.73799e+07 1.52123e+07 1.31457e+07 2.21688e+07 1.10644e+07 1.72783e+07 1.09677e+07 1.04878e+07 1.00048e+07 9.48962e+06 9.04241e+06 7.12696e+06 6.9187e+06 6.8966e+06 6.25377e+06 6.05875e+06 1.0682e+07 8.30463e+06 5.36519e+06 7.12862e+06 1.26388e+07 7.14088e+06 7.03439e+06
threshold=2.5000000000000004 0.91597561503675351 17501.933333333338 0 19587.054166666672 1 24082.656050551508 19655.842330553034 19596.858333333334 2 18552.162500000002 71351.251783500033 49145.142846407085 56233.014181298153 3 18548.237500000007 0.60355339059327384 0.37940952255126048 25176.043808424602 4 26788.521953398133 0.37940952255126054 -0.70710678118654757 63396.015681308905 1.0000000180025095e-35 20602.530681818185 19785.258333333335 5 19613.229166666668 60445.34606413819
decision_type=2 2 2 1 2 1 2 2 2 1 2 2 2 2 1 2 2 2 2 1 2 2 2 2 2 2 2 1 2 2
left_child=1 2 3 -1 5 7 13 -4 -6 21 16 12 25 19 -5 -15 -11 22 -16 -7 -8 -9 -13 24 -24 26 28 -28 29 -10
right_child=-2 -3 4 14 8 6 20 9 11 10 -12 17 -14 15 18 -17 -18 -19 -20 -21 -22 -23 23 -25 -26 -27 27 -29 -30 -31
leaf_value=-37.044288109444288 -0.43721776441231652 -9.7378653510142197 66.396788630485545 27.678417933428729 -18.253595318742423 -13.352138170323991 48.061450157165531 36.607241596319739 -8.0965394527354135 48.196300198720849 -26.112191939353945 4.5379013943222333 39.495930317470005 -50.24053933885363 -1.7508919309576354 -4.8172266250306919 3.2520954847335819 14.846719181791267 -33.98980847358704 24.421355919404462 6.5385687828063972 15.033382381220996 -36.411153856374447 3.5901321614042239 -2.0257710113525391 -17.989175760227702 48.476838478675262 -0.36499942143758141 -13.215934996511422 14.833199542966383
leaf_weight=37 5088 177 20 27 92 27 20 78 47 23 38 53 42 27 120 22 24 47 20 22 20 59 59 47 25 23 26 27 51 116
leaf_count=37 5088 177 20 27 92 27 20 78 47 23 38 53 42 27 120 22 24 47 20 22 20 59 59 47 25 23 26 27 51 116
internal_value=-1.52441e-08 1.57102 3.18657 -7.41777 5.27671 13.3444 -1.4037 21.7544 0.596228 17.7326 2.2859 3.67648 9.52326 -13.1195 -0.853808 -29.8464 25.2461 -4.72667 -6.35645 3.60739 27.3 27.3163 -9.7264 -15.4975 -26.1774 5.18239 7.17844 23.5951 3.11262 8.22156
internal_weight=6504 1416 1239 204 1035 380 138 242 655 222 85 563 332 98 167 49 47 231 140 49 40 137 184 131 84 290 267 53 214 163
internal_count=6504 1416 1239 204 1035 380 138 242 655 222 85 563 332 98 167 49 47 231 140 49 40 137 184 131 84 290 267 53 214 163
cat_boundaries=0 1 2 3 4 5 6
cat_threshold=1 4 4 1 2 4
is_linear=0
shrinkage=0.05


Tree=128
num_leaves=31
num_cat=3
split_feature=3 5 2 1 4 2 0 8 1 1 5 3 1 1 1 1 1 1 1 0 5 8 4 1 1 1 0 3 8 9
split_gain=1.89604e+06 9.36699e+06 9.1678e+06 1.27378e+07 9.4064e+06 1.02722e+07 1.82876e+07 8.35995e+06 2.09136e+07 1.79702e+07 9.45121e+06 9.02378e+06 9.90191e+06 1.34262e+07 9.34685e+06 8.77338e+06 1.01426e+07 1.63155e+07 1.43255e+07 8.14571e+06 7.85829e+06 9.94756e+06 2.01034e+07 7.50406e+06 2.978e+07 2.58191e+07 9.73785e+06 8.27615e+06 2.00304e+07 1.53577e+07
threshold=22662.117511438799 -0.12940952255126037 43319.386962000026 17483.612878787881 -0.70710678118654735 41500.816868833332 61233.236304472106 0 17505.991666666672 17499.425000000007 -0.60355339059327384 27084.010415742552 19434.437500000004 18368.501515151522 19595.470833333336 19598.654166666671 19614.333333333339 20238.245833333338 20434.625000000004 60445.34606413819 0.91597561503675351 1 -1.0000000180025095e-35 19604.341666666671 19609.62272727273 19587.054166666672 64369.229707402243 21651.008289658188 2 4.5000000000000009
decision_type=2 2 2 2 2 2 2 1 2 2 2 2 2 2 2 2 2 2 2 2 2 1 2 2 2 2 2 2 1 2
left_child=2 7 4 -4 -1 -6 19 9 -9 -2 11 12 13 -11 -13 -10 -17 -18 -19 -7 -3 22 -22 25 -25 27 -26 28 -5 -29
right_child=1 20 3 23 5 6 -8 8 15 10 -12 14 -14 -15 -16 16 17 18 -20 -21 21 -23 -24 24 26 -27 -28 29 -30 -31
leaf_value=-8.6877655184630189 -30.300124568850908 3.8087359419691986 44.246793022155764 -23.255280715861218 1.1146316291731899 -20.594679217111498 -1.4029241410960929 33.513099438803543 -41.291664000352228 11.147617623113817 -7.8130640087758794 22.19310188293457 13.901017387827924 -39.925485298850326 -9.7474363541760987 14.586107020194715 -59.918993849981398 25.278242238362633 -21.06361700340554 -59.364216604232787 -61.656828628886835 -0.66115668625026558 -2.6558927172706244 60.516672495695268 26.078969652512498 -55.886928596496581 2.8894413555230454 -18.856481405474106 12.074644412916072 10.06083186644095
leaf_weight=330 54 985 20 47 2638 42 171 21 36 31 272 27 232 22 151 26 21 21 81 20 22 231 42 26 51 20 403 106 274 81
leaf_count=330 54 985 20 47 2638 42 171 21 36 31 272 27 232 22 151 26 21 21 81 20 22 231 42 26 51 20 403 106 274 81
internal_value=-5.08619e-09 -1.16394 0.626146 4.73414 -0.693135 0.225788 -9.8376 -4.80287 -13.7723 -2.46104 -0.415716 3.93003 9.4465 -10.0525 -4.90252 -19.1398 -13.7877 -19.7854 -11.5226 -33.101 1.66475 -5.49398 -22.9375 3.95016 8.4748 -0.163151 5.49443 2.0307 6.90173 -6.3308
internal_weight=6504 2275 4229 1028 3201 2871 233 995 206 789 735 463 285 53 178 185 149 123 102 62 1280 295 64 1008 480 528 454 508 321 187
internal_count=6504 2275 4229 1028 3201 2871 233 995 206 789 735 463 285 53 178 185 149 123 102 62 1280 295 64 1008 480 528 454 508 321 187
cat_boundaries=0 1 2 3
cat_threshold=4 1 2
is_linear=0
shrinkage=0.05


Tree=129
num_leaves=31
num_cat=8
split_feature=2 9 1 0 1 1 9 1 8 5 3 8 6 1 6 3 0 1 4 5 1 7 5 8 3 3 7 5 3 6
split_gain=1.75478e+06 1.67369e+06 5.44587e+06 4.34262e+06 4.6169e+06 8.37201e+06 8.45248e+06 8.11961e+06 8.82623e+06 9.3669e+06 7.92836e+06 6.40426e+06 6.21949e+06 5.90967e+06 5.67316e+06 5.76082e+06 5.38613e+06 5.04653e+06 5.36672e+06 4.96527e+06 4.79128e+06 4.47284e+06 4.22124e+06 8.25164e+06 3.90268e+06 7.5391e+06 5.46862e+06 4.88986e+06 3.67867e+06 1.04362e+07
threshold=13588.855936500004 7.5000000000000009 20233.275000000005 42890.444056500004 21734.8125 21657.233333333334 8.5000000000000018 20653.858333333334 0 -0.12940952255126037 17473.214995624006 1 2 22230.429166666672 3 17641.873186118686 68531.874499846293 21180.133333333335 -0.37940952255126059 0.60355339059327384 20672.245833333338 4 0.1294095225512602 5 18956.849326958985 24373.774939846135 6 0.37940952255126048 22088.176824426966 7
decision_type=2 2 2 2 2 2 2 2 1 2 2 1 1 2 1 2 2 2 2 2 2 1 2 1 2 2 1 2 2 1
left_child=-1 28 -3 -4 5 6 10 -8 9 -9 -5 13 -7 24 15 20 -13 19 -19 21 -10 -12 23 -14 -6 26 -26 -27 -2 -30
right_child=1 2 3 4 11 12 7 8 14 -11 17 16 22 -15 -16 -17 -18 18 -20 -21 -22 -23 -24 -25 25 27 -28 -29 29 -31
leaf_value=12.963561997046838 0.57170845009805971 23.707850004125525 24.165514335632324 36.903253402709957 -22.457744488349331 35.164342419306443 -21.927396938150579 36.651044319415917 -16.860168490202533 -1.5323297805256315 10.70123057968315 -1.8108774123653288 8.4581219318840244 16.986755241491856 -6.6066407296322387 30.881982403709777 -29.151547985298691 -15.4286018558577 4.6787158220692682 -2.5506186461916158 15.413398452427078 33.99676647892705 15.839549200186568 -27.845738086700443 29.341854316711427 -23.004597898971205 -0.76861518558702979 5.1672660628954574 22.744384917980287 -2.7570578137799555
leaf_weight=26 3153 27 20 20 26 24 55 29 23 36 87 31 72 39 377 21 43 51 95 51 23 27 89 20 25 43 38 24 41 1868
leaf_count=26 3153 27 20 20 26 24 55 29 23 36 87 31 72 39 377 21 43 51 95 51 23 27 89 20 25 43 38 24 41 1868
internal_value=1.52932e-09 -0.0520303 1.46752 1.03521 0.697292 2.13319 0.0455581 -3.67686 -1.7048 15.5033 6.38829 -5.17441 11.2475 -0.421858 -4.224 9.18277 -17.698 4.42591 -2.34507 10.4172 -0.723385 16.2186 8.07619 0.565978 -4.77401 -1.23726 11.18 -12.9132 -0.477097 -2.20936
internal_weight=6504 6478 1416 1389 1369 1100 895 564 509 65 331 269 205 195 444 67 74 311 146 165 46 114 181 92 156 130 63 67 5062 1909
internal_count=6504 6478 1416 1389 1369 1100 895 564 509 65 331 269 205 195 444 67 74 311 146 165 46 114 181 92 156 130 63 67 5062 1909
cat_boundaries=0 1 2 3 4 5 6 7 8
cat_threshold=1 4 2 1 4 4 4 1
is_linear=0
shrinkage=0.05


Tree=130
num_leaves=31
num_cat=5
split_feature=9 5 1 1 7 3 3 8 6 1 1 0 0 2 4 1 8 5 5 3 3 7 2 3 1 9 1 1 1 3
split_gain=1.78223e+06 9.04947e+06 9.83398e+06 1.47151e+07 1.7195e+07 1.66578e+07 1.60873e+07 1.82028e+07 1.44881e+07 1.33775e+07 1.31727e+07 9.62685e+06 9.22354e+06 1.51819e+07 9.16765e+06 9.15183e+06 8.89704e+06 7.89187e+06 8.22341e+06 6.77107e+06 6.26688e+06 6.23925e+06 5.87176e+06 5.43815e+06 5.23699e+06 7.83388e+06 2.33337e+07 2.35578e+07 2.29917e+07 5.16102e+07
threshold=2.5000000000000004 0.91597561503675351 17501.933333333338 19587.054166666672 0 24082.656050551508 22380.455764279788 1 2 18188.416666666668 19596.858333333334 56233.014181298153 71351.251783500033 49145.142846407085 0.25881904510252091 18548.237500000007 3 1.0000000180025095e-35 -0.5 28467.69557926006 26788.521953398133 4 43400.506164191655 25880.066658792028 17315.757954545457 3.5000000000000004 17451.616666666672 17523.445833333335 17679.104166666668 22088.176824426966
decision_type=2 2 2 2 1 2 2 1 1 2 2 2 2 2 2 2 1 2 2 2 2 1 2 2 2 2 2 2 2 2
left_child=1 2 8 4 6 11 9 -8 -1 -4 -5 21 13 -12 -9 -13 -10 18 -14 -20 -7 -6 -18 -19 -2 28 -27 -28 -26 -30
right_child=24 -3 3 10 5 20 7 14 16 -11 12 15 17 -15 -16 -17 22 23 19 -21 -22 -23 -24 -25 25 26 27 -29 29 -31
leaf_value=-35.262393477156358 18.566169132126703 -9.0065222027611593 63.254189191545755 -17.024371315085371 -12.732542883908309 45.78165134429932 23.748181079483032 15.870760326385501 25.597595430303503 16.886647905622208 4.651923718699094 -47.474879738136579 -0.23707857520081277 36.816496997787844 -26.791257409488452 -4.0309901831840929 3.5121641391283505 -9.8044901275634775 -34.965388183593753 -2.9148830487177921 6.1998317050933842 23.13824906105345 -17.070546386355446 18.85334754476742 2.2781799852848055 -47.940200126647952 49.9038214524587 0.22820016828812079 -8.7862326819808398 -75.942187352851036
leaf_weight=37 36 177 35 92 27 20 125 20 27 28 290 27 86 42 34 22 77 25 45 26 20 22 63 49 410 25 24 4291 270 32
leaf_count=37 36 177 35 92 27 20 125 20 27 28 290 27 86 42 34 22 77 25 45 26 20 22 63 49 410 25 24 4291 270 32
internal_value=-2.68755e-09 1.56893 3.07971 5.05733 12.8846 -1.20008 20.9164 13.2684 -6.95383 42.6464 0.516324 -12.2984 3.38265 8.72094 -10.9905 -27.9695 -0.681872 -4.28968 -10.6345 -23.2286 25.9907 3.37271 -5.75006 9.17165 -0.436636 -0.572048 0.225436 0.504496 -5.43312 -15.9021
internal_weight=6504 1416 1239 1035 380 138 242 179 204 63 655 98 563 332 54 49 167 231 157 71 40 49 140 74 5088 5052 4340 4315 712 302
internal_count=6504 1416 1239 1035 380 138 242 179 204 63 655 98 563 332 54 49 167 231 157 71 40 49 140 74 5088 5052 4340 4315 712 302
cat_boundaries=0 1 2 3 4 5
cat_threshold=4 4 1 1 2
is_linear=0
shrinkage=0.05


Tree=131
num_leaves=31
num_cat=2
split_feature=3 1 1 1 9 4 8 1 5 3 5 1 9 5 8 3 5 3 9 2 5 1 3 0 1 1 3 1 1 1
split_gain=1.6444e+06 7.21583e+06 1.53907e+07 4.21947e+07 1.54429e+07 1.25813e+07 1.04657e+07 1.28381e+07 8.79328e+06 8.99984e+06 8.04581e+06 7.72156e+06 7.55927e+06 7.47061e+06 7.24515e+06 6.26675e+06 6.10412e+06 6.07183e+06 1.5395e+07 9.47735e+06 5.73164e+06 5.3621e+06 5.93127e+06 4.7721e+06 4.93035e+06 5.06093e+06 1.03566e+07 8.09125e+06 7.98657e+06 1.68254e+07
threshold=23602.413946675308 17494.979166666668 18816.562500000004 19434.437500000004 2.5000000000000004 -0.37940952255126059 0 19587.054166666672 -0.12940952255126037 28175.34973113157 0.60355339059327384 17483.612878787881 6.5000000000000009 -0.5 1 25261.669647419763 0.25881904510252057 23336.472018454922 3.5000000000000004 49284.059872751226 0.60355339059327384 19609.62272727273 26477.828256431236 65660.297655000002 19607.187500000004 20007.720833333336 27154.17016125553 19751.383333333335 20430.054166666669 21233.400000000001
decision_type=2 2 2 2 2 2 1 2 2 2 2 2 2 2 1 2 2 2 2 2 2 2 2 2 2 2 2 2 2 2
left_child=17 11 4 -4 5 -3 7 15 9 12 -10 13 -8 -2 -6 -5 -7 -1 20 -20 -19 -12 -23 -9 -25 26 27 -26 -27 -30
right_child=1 2 3 6 14 16 8 23 10 -11 21 -13 -14 -15 -16 -17 -18 18 19 -21 -22 22 -24 24 25 28 -28 -29 29 -31
leaf_value=0.20121785091936628 -29.794706073403361 49.963994816371375 -72.633301889328735 39.861623245239258 -7.462738784511437 -1.5776466832842146 -42.277610610780265 -11.096742710053922 11.738613560662342 3.4796215738568992 10.99403568614613 -36.855913006817858 -15.142907331206581 3.1349355959501426 25.841311230659485 10.805284278260338 27.185156844212457 43.437235652699194 13.572505661319283 -24.041914315657184 11.523456192016603 -7.8349666478498934 -38.240224589472234 -7.2558693065643318 12.789795025080851 -10.010132108315041 -4.9586732661022861 48.008280381702242 20.061102415608094 -1.8375188115832151
leaf_weight=4529 24 35 21 25 89 35 42 100 67 35 22 27 66 61 20 72 39 34 34 33 24 53 23 175 73 152 68 21 113 392
leaf_count=4529 24 35 21 25 89 35 42 100 67 35 22 27 66 61 20 72 39 34 34 33 24 53 23 175 73 152 68 21 113 392
internal_value=2.59453e-08 -1.26099 -0.468282 -2.25017 11.9559 25.2637 -1.26415 0.860425 -9.47963 -18.5546 -1.61468 -13.5621 -25.6953 -6.16285 -1.3519 18.294 13.5811 0.501252 11.3721 -4.954 30.2315 -10.744 -17.0366 -0.685334 0.362092 1.98986 9.90518 20.6578 0.0381387 3.06257
internal_weight=6504 1850 1738 1520 218 109 1499 1191 308 143 165 112 108 85 109 97 74 4654 125 67 58 98 76 1094 994 819 162 94 657 505
internal_count=6504 1850 1738 1520 218 109 1499 1191 308 143 165 112 108 85 109 97 74 4654 125 67 58 98 76 1094 994 819 162 94 657 505
cat_boundaries=0 1 2
cat_threshold=4 4
is_linear=0
shrinkage=0.05


Tree=132
num_leaves=31
num_cat=3
split_feature=1 5 1 9 3 4 6 10 1 1 1 0 1 1 8 1 3 1 4 3 1 1 9 7 4 0 0 0 0 1
split_gain=1.56154e+06 3.90474e+06 1.90601e+06 1.39472e+07 1.52009e+07 5.99137e+06 5.74405e+06 7.30853e+06 7.63994e+06 5.63131e+06 6.56034e+06 8.08601e+06 4.48969e+06 3.83614e+06 9.96213e+06 1.14353e+07 1.14317e+07 4.23855e+06 1.54368e+07 1.19279e+07 8.30596e+06 3.26348e+07 1.62496e+07 1.68019e+07 2.6718e+07 1.11097e+07 1.21705e+07 9.63049e+06 7.7933e+06 3.96772e+06
threshold=16609.01666666667 -0.60355339059327384 17493.779166666667 3.5000000000000004 20041.714912913416 -0.91597561503675329 0 1.0000000180025095e-35 17477.004166666669 17483.612878787881 17315.757954545457 67376.367212652302 17491.069318181821 17497.700000000004 1 17496.920833333334 20964.40588294487 17502.866666666672 0.12940952255126045 21874.847449542594 17679.104166666668 17751.417424242427 3.5000000000000004 2 -0.60355339059327362 62342.655843 57914.183881627941 56337.463140666674 53123.928897863647 18188.416666666668
decision_type=2 2 2 2 2 2 1 2 2 2 2 2 2 2 1 2 2 2 2 2 2 2 2 1 2 2 2 2 2 2
left_child=1 -1 3 4 6 -6 -2 8 -8 10 -7 -12 -11 14 -4 16 -16 18 -15 -20 22 -22 23 24 -19 26 -26 28 -25 -23
right_child=2 -3 13 -5 5 9 7 -9 -10 12 11 -13 -14 17 15 -17 -18 20 19 -21 21 29 -24 27 25 -27 -28 -29 -30 -31
leaf_value=-8.017163803463891 -5.9353477668762213 19.906806751989549 -22.068861083984377 -33.153019987212289 12.691551462809246 -30.89551961898804 39.869415834971839 -3.8338278211396317 7.7206677812518496 -45.981167212399576 25.40293441252275 -16.159860891342163 -15.552488785319859 6.2818939684419073 32.430503456409163 50.197560281753539 -10.596052067530783 58.888509343465174 -44.432814992101569 -3.6678921306834504 -56.115357323793262 6.0635638750057961 46.413021322397086 -9.1661581711335618 -10.174074749784037 -18.687492786754262 38.452066483036162 -25.487487105690704 25.79283155822754 -0.26187182776923307
leaf_weight=21 35 31 20 36 21 20 42 29 33 22 22 25 27 85 26 20 38 30 38 34 26 260 26 44 22 33 31 49 25 5333
leaf_count=21 35 31 20 36 21 20 42 29 33 22 22 25 27 85 26 20 38 30 38 34 26 260 26 44 22 33 31 49 25 5333
internal_value=1.70387e-08 8.62982 -0.0695521 -3.8819 -0.0639251 -11.8834 11.5855 17.4819 25.724 -16.3323 -6.91108 3.29506 -29.2143 0.12417 9.64536 17.1964 6.88349 -0.03988 -8.14773 -25.1827 0.176642 -0.227627 8.91352 4.7469 18.2599 4.08718 18.2676 -8.53709 3.50014 0.0321767
internal_weight=6504 52 6452 312 276 137 139 104 75 116 67 47 49 6140 104 84 64 6036 157 72 5879 5619 260 234 116 86 53 118 69 5593
internal_count=6504 52 6452 312 276 137 139 104 75 116 67 47 49 6140 104 84 64 6036 157 72 5879 5619 260 234 116 86 53 118 69 5593
cat_boundaries=0 1 2 3
cat_threshold=1 2 4
is_linear=0
shrinkage=0.05


Tree=133
num_leaves=31
num_cat=4
split_feature=2 9 5 4 3 1 1 6 4 3 3 1 3 9 1 8 1 7 1 9 3 3 3 1 2 4 8 3 1 3
split_gain=1.59515e+06 1.56854e+06 6.4883e+06 7.81829e+06 7.41042e+06 1.16932e+07 9.07916e+06 8.09393e+06 7.26361e+06 9.97127e+06 8.09799e+06 1.3057e+07 7.09045e+06 6.64453e+06 8.81459e+06 7.44474e+06 1.29219e+07 6.75718e+06 6.37039e+06 1.31202e+07 6.24404e+06 1.26159e+07 9.00265e+06 6.57312e+06 5.87214e+06 5.8248e+06 5.76714e+06 1.39079e+07 7.11904e+06 8.50164e+06
threshold=13588.855936500004 5.5000000000000009 -0.12940952255126037 0.25881904510252091 17414.858562918645 20692.475000000002 20200.775000000005 0 -0.60355339059327362 21004.446763828495 18556.060553755651 20167.237500000003 20477.103012560332 7.5000000000000009 20679.108333333341 1 20658.583333333339 2 21035.450000000004 7.5000000000000009 24373.774939846135 21990.817839191564 27451.273072404285 20271.762500000001 34230.980613833337 0.91597561503675362 3 15494.649966284005 19170.850000000002 17473.214995624006
decision_type=2 2 2 2 2 2 2 1 2 2 2 2 2 2 2 1 2 1 2 2 2 2 2 2 2 2 1 2 2 2
left_child=-1 -2 3 13 5 24 8 -8 9 -6 -10 -12 18 20 15 -15 -17 -16 19 -9 21 23 -22 26 -4 -14 28 -28 -3 -30
right_child=1 2 4 -5 6 -7 7 12 10 -11 11 -13 25 14 17 16 -18 -19 -20 -21 22 -23 -24 -25 -26 -27 27 -29 29 -31
leaf_value=12.359864667745738 -0.74569273714292983 10.254536606715277 -27.548077156504647 2.4553550725281239 -30.279368286132815 10.073286646907613 13.803780784028952 2.3579154109954836 42.90287247385298 9.5110253514470298 7.1396729749957402 46.671007171630862 1.1611040045009104 -14.253525377356489 19.383643484115602 3.8883224875240003 43.758495626141951 -8.5756127921392302 4.1064267938787289 -31.318247076038457 9.7570643846090732 -38.125399658527776 -16.199857749171176 -24.975830731789273 -1.6166871828191423 14.84685817138217 -22.677852439880372 30.801892095996489 0.76188443374633796 -37.893359057108562
leaf_weight=26 3598 26 61 600 20 59 132 55 28 74 127 25 731 23 24 59 31 217 66 61 77 47 59 48 34 87 20 31 25 33
leaf_count=26 3598 26 61 600 20 59 132 55 28 74 127 25 731 23 24 59 31 217 66 61 77 47 59 48 34 87 20 31 25 33
internal_value=-5.03785e-09 -0.0496074 0.820016 -1.75995 3.00307 -7.40959 4.14357 2.16682 12.3103 1.04498 18.1933 13.6415 0.63074 -5.27271 -0.388721 11.1336 17.6214 -5.79129 -8.29507 -15.3511 -9.99657 -15.0185 -1.50366 -9.0839 -18.2674 2.61668 -3.43344 9.82944 -11.4859 -21.2316
internal_weight=6504 6478 2880 1320 1560 154 1406 1132 274 94 180 152 1000 720 354 113 90 241 182 116 366 230 136 183 95 818 135 51 84 58
internal_count=6504 6478 2880 1320 1560 154 1406 1132 274 94 180 152 1000 720 354 113 90 241 182 116 366 230 136 183 95 818 135 51 84 58
cat_boundaries=0 1 2 3 4
cat_threshold=1 2 1 4
is_linear=0
shrinkage=0.05


Tree=134
num_leaves=31
num_cat=4
split_feature=9 5 1 6 1 7 3 1 8 3 1 4 0 0 2 8 1 5 3 3 0 1 1 5 0 3 2 4 3 1
split_gain=1.58845e+06 8.27984e+06 8.50313e+06 1.26839e+07 1.22827e+07 1.52189e+07 1.72708e+07 1.62e+07 1.48406e+07 1.39004e+07 1.16384e+07 8.56943e+06 8.29196e+06 8.10451e+06 1.37709e+07 7.78475e+06 7.75115e+06 7.04804e+06 5.75821e+06 5.50162e+06 5.49869e+06 6.60226e+06 8.98825e+06 9.2494e+06 8.29834e+06 4.99786e+06 4.97426e+06 5.92919e+06 9.27608e+06 2.10304e+07
threshold=2.5000000000000004 0.91597561503675351 17502.866666666672 0 19587.054166666672 1 22380.455764279788 18188.416666666668 2 24082.656050551508 19596.858333333334 0.78656609248549325 56233.014181298153 71351.251783500033 49145.142846407085 3 18548.237500000007 0.37940952255126048 16777.896053797496 26788.521953398133 73114.860157276227 19614.333333333339 19609.62272727273 -0.70710678118654757 82971.065687075767 25176.043808424602 48077.227691166685 1.0000000180025095e-35 19453.160321201904 20271.762500000001
decision_type=2 2 2 1 2 1 2 2 1 2 2 2 2 2 2 1 2 2 2 2 2 2 2 2 2 2 2 2 2 2
left_child=1 2 3 -1 5 6 7 -4 -8 12 -6 -10 18 14 26 -5 -14 20 -7 -11 -15 22 23 -22 -25 -17 27 -12 29 -29
right_child=-2 -3 4 15 10 9 8 -9 11 19 13 -13 16 17 -16 25 -18 -19 -20 -21 21 -23 -24 24 -26 -27 -28 28 -30 -31
leaf_value=-31.575343612432484 -0.41221527502126698 -8.634578476248489 68.963949807484951 22.831712805430097 -15.817877749774766 -11.601143331187112 21.419412629699707 16.082632623400009 5.4985380577318601 42.218648185729982 17.944617357736902 -35.978899936676029 -43.796243498060441 -32.993317627906798 35.126054352521898 -1.3782848326365154 -3.814855748956854 13.452579553076561 23.034477043151856 5.1321962738037108 15.47526845889432 -28.879086649894717 19.390523313864684 -33.152171469897759 1.1292816069818312 -28.375598199963573 -17.308146969477335 -45.448760495867049 8.2432938112728831 20.742952662422546
leaf_weight=40 5088 177 30 30 92 28 125 28 33 20 79 20 27 20 42 120 22 47 21 20 28 25 39 41 31 20 24 28 138 21
leaf_count=40 5088 177 30 30 92 28 125 28 33 20 79 20 27 20 42 120 22 47 21 20 28 25 39 41 31 20 24 28 138 21
internal_value=3.07873e-08 1.48118 2.92629 -6.24271 4.79751 12.0268 19.7395 43.435 12.0185 -1.16316 0.669656 -10.1533 -11.3014 3.36389 8.36788 -0.282087 -25.8454 -3.82799 3.24269 23.6754 -8.24205 -5.2236 -0.969017 -8.90924 -18.3921 -5.23504 4.49255 6.45953 1.60755 -17.0809
internal_weight=6504 1416 1239 210 1029 374 236 58 178 138 655 53 98 563 332 170 49 231 49 40 184 164 139 100 72 140 290 266 187 49
internal_count=6504 1416 1239 210 1029 374 236 58 178 138 655 53 98 563 332 170 49 231 49 40 184 164 139 100 72 140 290 266 187 49
cat_boundaries=0 1 2 3 4
cat_threshold=1 4 4 1
is_linear=0
shrinkage=0.05


Tree=135
num_leaves=31
num_cat=2
split_feature=3 4 2 3 0 1 1 0 4 7 0 0 0 3 0 5 9 1 0 4 9 0 3 2 5 3 7 1 1 0
split_gain=1.5653e+06 8.23484e+06 8.37421e+06 8.44352e+06 7.43533e+06 9.49088e+06 1.22068e+07 1.2493e+07 7.40202e+06 1.34125e+07 8.45881e+06 7.40453e+06 7.31311e+06 7.31131e+06 6.86441e+06 6.58285e+06 6.44632e+06 2.03368e+07 6.55605e+06 6.4657e+06 1.15182e+07 1.10287e+07 6.35098e+06 6.14986e+06 7.88323e+06 8.43176e+06 8.56591e+06 8.92536e+06 5.90819e+06 5.65957e+06
threshold=18502.524601906178 -0.78656609248549303 35104.966121208352 16289.153133173919 55448.089057333353 17505.991666666672 19237.950000000004 54506.000779166665 0.91597561503675362 0 54506.000779166665 52913.345731490561 53664.030421793403 15623.910963666031 55272.193200817921 -0.98296291314453399 3.5000000000000004 17679.104166666668 56592.441907333334 -0.37940952255126059 5.5000000000000009 57800.862429364868 17414.858562918645 44748.658809666675 0.1294095225512602 16833.334503767339 1 18913.854166666675 19146.212500000005 48446.704004154708
decision_type=2 2 2 2 2 2 2 2 2 1 2 2 2 2 2 2 2 2 2 2 2 2 2 2 2 2 1 2 2 2
left_child=1 23 8 -4 5 -2 7 12 10 -10 29 13 -7 -11 -12 -6 17 -5 -19 21 22 -18 -21 24 25 26 27 -1 -9 -3
right_child=4 2 3 16 15 6 -8 28 9 11 14 -13 -14 -15 -16 -17 19 18 -20 20 -22 -23 -24 -25 -26 -27 -28 -29 -30 -31
leaf_value=-4.7249231020609539 -39.560005013147993 -0.68072567298285558 39.222229221888952 15.020828437805177 -11.349942580101983 -4.9398169744582408 -28.572123496098953 2.269741302728653 10.915830158737471 -17.601957711865825 -38.160657468049429 6.0119218631224207 31.826124549225757 -50.609811318438993 -1.854102872212728 0.25049330960384009 -23.651004454668833 -49.804053230285646 -12.592736520438359 52.383017422841945 7.0479048914538174 12.701776801215278 21.093957494388931 15.748543331540866 -22.362723853588108 12.381589732170106 1.1733170367422558 -39.933341354793974 -27.882663530291936 6.7459333107117718
leaf_weight=36 24 536 21 64 126 21 44 32 53 62 23 22 38 23 30 4158 34 20 29 23 167 54 55 29 75 60 84 36 33 492
leaf_count=36 24 536 21 64 126 21 44 32 53 62 23 22 38 23 30 4158 34 20 29 23 167 54 55 29 75 60 84 36 33 492
internal_value=-1.95887e-08 1.15236 2.53146 8.23869 -0.522117 -10.1482 -5.94651 2.08194 0.383776 -9.65341 1.86939 -19.8419 18.7399 -26.5335 -17.6098 -0.090696 6.77982 -3.53927 -27.781 10.2815 14.457 -1.34362 30.3202 -6.20856 -8.39673 -3.54742 -9.67397 -22.3291 -13.0384 2.87367
internal_weight=6504 2028 1708 467 4476 192 168 124 1241 160 1081 107 59 85 53 4284 446 113 49 333 245 88 78 320 291 216 156 72 65 1028
internal_count=6504 2028 1708 467 4476 192 168 124 1241 160 1081 107 59 85 53 4284 446 113 49 333 245 88 78 320 291 216 156 72 65 1028
cat_boundaries=0 1 2
cat_threshold=2 4
is_linear=0
shrinkage=0.05


Tree=136
num_leaves=31
num_cat=1
split_feature=3 3 0 1 5 3 2 0 7 5 0 3 9 1 2 2 3 4 1 1 5 2 1 1 1 1 1 9 1 4
split_gain=1.49662e+06 4.94339e+06 4.81466e+06 5.85214e+06 3.77988e+06 2.67655e+06 3.32493e+06 3.01879e+06 2.61828e+06 1.21974e+07 1.66144e+07 1.23935e+07 6.25413e+06 1.13144e+07 1.05455e+07 1.20015e+07 9.07192e+06 7.24353e+06 5.90875e+06 9.55532e+06 6.71061e+06 5.3799e+06 7.27132e+06 6.41411e+06 8.86347e+06 6.31613e+06 5.63834e+06 5.29075e+06 1.4119e+07 4.08001e+06
threshold=9447.6797004382988 10867.40664542691 42890.444056500004 18145.554166666672 -0.78656609248549325 11913.969310749244 24621.747477541674 45024.618656225895 0 -0.37940952255126015 60518.27442637999 16994.693249211672 1.5000000000000002 19611.112500000003 36337.579297166667 33785.58561383334 20314.289634861907 0.37940952255126054 19613.229166666668 20646.287500000002 -0.78656609248549325 39029.125370806076 19170.850000000002 17501.095833333336 20421.645833333339 21887.366666666672 20732.300000000007 5.5000000000000009 18913.854166666675 0.78656609248549325
decision_type=2 2 2 2 2 2 2 2 1 2 2 2 2 2 2 2 2 2 2 2 2 2 2 2 2 2 2 2 2 2
left_child=4 -2 3 -3 -1 6 -4 -7 9 10 11 18 13 -11 15 27 -15 21 20 -20 -9 22 -16 -23 -25 26 -26 28 29 -14
right_child=1 2 5 -5 -6 7 -8 8 -10 12 -12 -13 14 16 17 -17 -18 -19 19 -21 -22 23 -24 24 25 -27 -28 -29 -30 -31
leaf_value=0.96237917528152472 -10.930215730575416 -3.4327858924865726 -23.552478846797239 33.188467498620348 20.466918003943661 13.574702244288313 -0.8440552473068238 -21.038775192366707 0.33677861477860899 39.305934047698976 42.53047730763754 -29.623078812085666 -2.6991666335325974 17.058374290466311 -16.980735399412072 14.573588977541243 -30.564929771423341 -34.890460058358997 34.105887398352991 -7.1051758202639492 14.550607519883378 10.5593915167309 21.974282394409183 -29.358322173621918 -10.112749842939706 -26.60492568588257 23.906286076137 -24.663223743438721 29.388557455937072 -30.449604260479965
leaf_weight=125 104 20 27 24 31 41 40 27 5387 20 30 26 26 20 23 84 20 39 39 22 26 21 25 90 29 25 21 41 24 27
leaf_count=125 104 20 27 24 31 41 40 27 5387 20 30 26 26 20 23 84 20 39 39 22 26 21 25 90 29 25 21 41 24 27
internal_value=1.85234e-10 -0.118899 0.061174 16.5424 4.83828 -0.0557898 -9.99521 0.0527934 -0.0382109 -2.90356 8.76352 1.52775 -6.61085 8.59979 -8.5322 0.128698 -6.75328 -14.9406 8.63232 19.2429 -3.57983 -11.6157 3.30834 -15.467 -18.7795 -6.08481 4.17525 -10.1541 -2.42847 -16.8362
internal_weight=6504 6348 6244 44 156 6200 67 6133 6092 705 170 140 535 60 475 202 40 273 114 61 53 234 48 186 165 75 50 118 77 53
internal_count=6504 6348 6244 44 156 6200 67 6133 6092 705 170 140 535 60 475 202 40 273 114 61 53 234 48 186 165 75 50 118 77 53
cat_boundaries=0 1
cat_threshold=1
is_linear=0
shrinkage=0.05


Tree=137
num_leaves=31
num_cat=3
split_feature=2 9 5 4 1 2 10 4 6 5 4 3 1 1 9 7 0 1 1 1 9 3 3 8 1 3 2 2 9 1
split_gain=1.44304e+06 1.50911e+06 6.00817e+06 6.87808e+06 6.82108e+06 6.7384e+06 1.21826e+07 8.39784e+06 7.36708e+06 1.05819e+07 9.43648e+06 7.05211e+06 6.98154e+06 6.74669e+06 9.1555e+06 6.38237e+06 8.22534e+06 6.23323e+06 6.2283e+06 1.09193e+07 6.11331e+06 9.01816e+06 7.06863e+06 8.63111e+06 8.93929e+06 5.42056e+06 5.21395e+06 6.02576e+06 5.58484e+06 1.25816e+07
threshold=13588.855936500004 5.5000000000000009 -0.12940952255126037 0.25881904510252091 19163.162500000006 34617.549578166676 1.0000000180025095e-35 0.91597561503675362 0 0.78656609248549303 0.12940952255126045 23208.128202063202 20217.095833333336 19198.104166666672 7.5000000000000009 1 50626.154350000303 20710.675000000003 20653.858333333334 20681.966666666671 6.5000000000000009 20677.729386114919 12884.62846946177 2 19178.175000000007 23749.951172220768 65847.304557000025 61898.177199296304 2.5000000000000004 19237.950000000004
decision_type=2 2 2 2 2 2 2 2 1 2 2 2 2 2 2 1 2 2 2 2 2 2 2 1 2 2 2 2 2 2
left_child=-1 26 3 20 -4 6 15 8 9 17 11 13 -11 -10 -15 -6 -17 -7 -18 -20 21 22 -3 24 -24 -13 27 28 -2 -30
right_child=1 2 4 -5 5 7 -8 -9 10 12 -12 25 -14 14 -16 16 18 -19 19 -21 -22 -23 23 -25 -26 -27 -28 -29 29 -31
leaf_value=11.755830860137941 2.0955956188298495 -28.283937728405 24.730569626944408 2.2768617075880369 -38.181969859383322 -28.584041168815215 22.707679758753098 13.299760847970061 -10.968570293829991 32.193290195465089 -3.1802494955992482 -16.931061911582947 -1.5282788666811857 25.926228617409528 6.7933140595156445 -32.710182981137876 14.734889194700452 -4.8782906262962911 -37.640070044476055 10.096780714035035 -2.3116488583330757 -27.314711083033508 10.485569661458335 24.663779975628032 -28.444751525747364 4.591518785055082 24.111260023571198 -12.676598463058472 -0.25635136923890545 -10.047941881823192
leaf_weight=26 1286 24 35 600 22 57 28 190 26 20 327 32 66 118 133 27 36 54 23 25 540 68 30 29 29 341 21 105 1784 402
leaf_count=26 1286 24 35 600 22 57 28 190 26 20 327 32 66 118 133 27 36 54 23 25 540 68 30 29 29 341 21 105 1784 402
internal_value=3.01758e-08 -0.047183 0.805806 -1.67687 2.90653 2.40565 -7.26838 3.54753 1.96923 -6.85136 3.74779 7.23313 6.31395 13.2766 15.7881 -13.5791 -8.70289 -17.0515 -0.986263 -12.7771 -4.97165 -12.9516 -4.23121 2.32862 -8.64967 2.74508 -0.729954 -0.875793 -0.518913 -2.057
internal_weight=6504 6478 2880 1320 1560 1525 161 1364 1174 197 977 650 86 277 251 133 111 111 84 48 720 180 112 88 59 373 3598 3577 3472 2186
internal_count=6504 6478 2880 1320 1560 1525 161 1364 1174 197 977 650 86 277 251 133 111 111 84 48 720 180 112 88 59 373 3598 3577 3472 2186
cat_boundaries=0 1 2 3
cat_threshold=2 4 4
is_linear=0
shrinkage=0.05


Tree=138
num_leaves=31
num_cat=3
split_feature=3 4 2 3 4 7 8 0 0 0 1 1 4 7 1 1 0 2 1 1 3 1 0 2 5 1 1 1 1 0
split_gain=1.56285e+06 6.81446e+06 9.12345e+06 1.36299e+07 6.88986e+06 1.16595e+07 7.40299e+06 1.05226e+07 7.01885e+06 8.69653e+06 7.3366e+06 1.45927e+07 1.00834e+07 7.27395e+06 6.67674e+06 6.50775e+06 6.42018e+06 1.06945e+07 9.82946e+06 1.45137e+07 9.71647e+06 2.33198e+07 6.98349e+06 9.6453e+06 1.11902e+07 9.75953e+06 6.93869e+06 1.1075e+07 1.09339e+07 6.21918e+06
threshold=18556.060553755651 -0.70710678118654735 35104.966121208352 18083.586750082086 0.91597561503675362 0 1 51439.421820333351 53664.030421793403 48446.704004154708 18564.037500000002 18291.229166666668 0.12940952255126045 2 20646.287500000002 17523.445833333335 57327.910610166669 39029.125370806076 19146.212500000005 17505.991666666672 20677.729386114919 19345.729166666672 58534.263873850148 39518.251565227249 0.98296291314453421 19237.950000000004 19261.966666666671 19730.95416666667 19222.716287878793 61233.236304472106
decision_type=2 2 2 2 2 1 1 2 2 2 2 2 2 1 2 2 2 2 2 2 2 2 2 2 2 2 2 2 2 2
left_child=1 -1 3 4 8 -6 7 -7 9 13 11 12 -11 14 15 -3 17 18 19 -2 26 -22 23 24 25 -18 28 -28 -20 -24
right_child=16 2 -4 -5 5 6 -8 -9 -10 10 -12 -13 -14 -15 -16 -17 22 -19 20 -21 21 -23 29 -25 -26 -27 27 -29 -30 -31
leaf_value=-5.0750793340777562 -21.165525676182341 19.835295227299568 8.5926676572433536 -39.669535155523391 10.462117524416943 -21.752732228069775 -33.6525960138109 21.771037484492577 -10.706899059459728 35.100093592007958 13.418456684245545 -22.478138639489 -0.40244582116603855 -4.4856285285466431 34.461338624500094 -2.9247401314552386 -34.956965219406861 -36.833447163193313 -11.650273493358068 16.196760357960617 -64.136439605712894 2.8801604200292519 -5.9604449871724299 27.136704781272194 35.525933274768647 3.0205948835131768 -47.3026056432724 -6.2892244562026001 22.292182771019313 0.35660662241126823
leaf_weight=363 35 46 448 21 53 41 45 21 93 30 294 49 60 370 21 99 21 27 49 101 25 27 440 55 21 87 20 93 46 3403
leaf_count=363 35 46 448 21 53 41 45 21 93 30 294 49 60 370 21 99 21 27 49 101 25 27 440 55 21 87 20 93 46 3403
internal_value=1.56334e-08 1.14082 2.47516 0.270303 0.956667 -8.71591 -18.2153 -7.01081 2.41393 3.6732 8.94331 -0.522106 11.4317 -0.584179 8.11182 4.29568 -0.526573 -6.38639 -4.31046 6.58147 -10.0078 -29.3394 0.0889484 9.60467 2.12977 -4.36393 -5.17487 -13.5482 4.78502 -0.366657
internal_weight=6504 2054 1691 1243 1222 160 107 62 1062 969 433 139 90 536 166 145 4450 423 396 136 260 52 4027 184 129 108 208 113 95 3843
internal_count=6504 2054 1691 1243 1222 160 107 62 1062 969 433 139 90 536 166 145 4450 423 396 136 260 52 4027 184 129 108 208 113 95 3843
cat_boundaries=0 1 2 3
cat_threshold=2 4 1
is_linear=0
shrinkage=0.05


Tree=139
num_leaves=31
num_cat=0
split_feature=3 2 1 2 0 4 4 5 4 1 5 1 1 1 0 1 3 0 3 4 1 5 0 3 1 9 3 0 3 1
split_gain=1.55937e+06 7.8442e+06 1.1681e+07 7.84595e+06 1.3978e+07 8.69131e+06 7.79648e+06 6.76176e+06 6.67767e+06 6.59738e+06 6.53881e+06 6.18158e+06 2.49748e+07 2.29138e+07 8.74775e+06 7.57739e+06 1.00721e+07 1.68658e+07 1.25062e+07 9.86753e+06 8.95716e+06 7.42166e+06 1.13476e+07 1.60334e+07 1.67511e+07 7.59823e+06 5.9677e+06 5.88539e+06 5.86461e+06 1.31827e+07
threshold=22662.117511438799 43319.386962000026 17483.612878787881 41500.816868833332 61233.236304472106 -0.25881904510252113 -0.70710678118654735 -0.12940952255126037 0.78656609248549325 18913.854166666675 -0.37940952255126015 19604.341666666671 19609.62272727273 19587.054166666672 64369.229707402243 18543.879166666669 21874.847449542594 65453.69474540979 21391.274423540322 0.12940952255126045 19261.966666666671 -0.5 66735.115649138301 21651.008289658188 19211.495833333338 4.5000000000000009 22751.147210221159 58534.263873850148 22272.336827037605 19831.041666666668
decision_type=2 2 2 2 2 2 2 2 2 2 2 2 2 2 2 2 2 2 2 2 2 2 2 2 2 2 2 2 2 2
left_child=1 3 -3 6 5 -5 9 8 -2 -1 -6 13 -13 15 -14 16 17 19 -19 -4 21 -17 23 24 -23 -24 -9 -28 29 -16
right_child=7 2 11 4 10 -7 -8 26 -10 -11 -12 12 14 -15 28 20 -18 18 -20 -21 -22 22 25 -25 -26 -27 27 -29 -30 -31
leaf_value=0.72019556028801102 -2.1767506248289998 42.20572593688965 -5.2446809259620872 -11.153464295729151 -12.703730396077603 -42.026991549432282 0.96221946214994392 -19.014164472307481 -12.661732057103499 -15.481335790838514 5.3585363882301502 55.382205937458927 24.50428653417849 -52.61138158798218 -32.189466625054678 -24.492031383514405 -7.3163054784138994 61.873900345393594 12.686998012134184 30.562636111332822 25.910297116388875 -7.1387001822976508 -28.336401954064002 -16.346182900286735 38.169523710363052 1.3063709284808187 26.440475650628407 1.4382378139486576 13.93697323866866 2.6558215221605805
leaf_weight=114 808 20 74 53 79 40 2638 35 187 140 137 26 51 20 30 45 66 28 24 26 24 34 52 47 51 37 24 1221 88 285
leaf_count=114 808 20 74 53 79 40 2638 35 187 140 137 26 51 20 30 45 66 28 24 26 24 34 52 47 51 37 24 1221 88 285
internal_value=3.60701e-10 0.56784 4.36774 -0.652496 -8.22553 -24.4324 0.156656 -1.05556 -4.14729 -8.20978 -1.24757 3.61698 7.72361 -0.116319 4.99427 1.95042 8.99359 16.0755 39.1723 4.06522 -3.34411 -5.98361 -2.21492 7.08833 20.0462 -16.013 1.34778 1.92021 2.52526 -0.662777
internal_weight=6504 4229 1028 3201 309 93 2892 2275 995 254 216 1008 480 528 454 508 218 152 52 100 290 266 221 132 85 89 1280 1245 403 315
internal_count=6504 4229 1028 3201 309 93 2892 2275 995 254 216 1008 480 528 454 508 218 152 52 100 290 266 221 132 85 89 1280 1245 403 315
is_linear=0
shrinkage=0.05


Tree=140
num_leaves=31
num_cat=4
split_feature=1 8 3 6 3 1 2 2 5 9 0 2 1 5 2 9 1 1 6 3 5 7 1 9 1 1 3 1 9 2
split_gain=1.48011e+06 6.82169e+06 3.59321e+06 5.75369e+06 4.72141e+06 3.67851e+06 2.85149e+06 3.79154e+06 7.90737e+06 5.72892e+06 7.17248e+06 3.77362e+06 2.90155e+06 2.75699e+06 2.52868e+06 2.39479e+06 2.38706e+06 6.10013e+06 7.0827e+06 5.4385e+06 5.06281e+06 4.2776e+06 1.6091e+07 1.53553e+07 1.29363e+07 5.23818e+06 4.51832e+06 4.97439e+06 1.07536e+07 7.1821e+06
threshold=21965.104166666668 0 17641.873186118686 1 24030.331899106797 22213.291666666668 65847.304557000025 61898.177199296304 0.1294095225512602 1.5000000000000002 82971.065687075767 61118.248046443521 19617.820833333335 -0.70710678118654757 63396.015681308905 7.5000000000000009 20444.575000000001 20417.916666666668 2 25726.045016914093 0.1294095225512602 3 21834.804166666672 8.5000000000000018 20679.108333333341 21887.366666666672 11913.969310749244 21192.020833333339 7.5000000000000009 43319.386962000026
decision_type=2 1 2 1 2 2 2 2 2 2 2 2 2 2 2 2 2 2 1 2 2 1 2 2 2 2 2 2 2 2
left_child=6 -2 -3 4 -4 15 7 11 9 10 -9 16 -8 -11 -15 -6 17 -1 -19 20 -20 22 23 -18 -25 26 -23 29 -29 -28
right_child=1 2 3 -5 5 -7 12 8 -10 13 -12 -13 -14 14 -16 -17 21 18 19 -21 -22 25 -24 24 -26 -27 27 28 -30 -31
leaf_value=-0.080524719668441408 -20.691987964510918 18.219373973210654 17.199336939272673 -12.069051094893572 0.34747167704056725 13.96271987301963 26.094329910278322 -48.381925030946732 11.156117045879364 -16.980003804173965 -12.269779597527602 14.246146193146707 4.0090315917442592 -10.140191207108675 9.8722502626870821 -16.504624299745302 30.933344957496548 -37.770471863519582 14.581961169113985 -23.08674546480179 -11.945600422450475 -20.053887006971571 -25.095832803738972 -19.035230911970139 30.214794960021973 14.43954741674311 -0.8636858732022088 -22.076050323699462 -0.22782531527336689 9.6356807593037104
leaf_weight=4334 48 24 46 91 49 28 20 20 48 29 44 48 58 27 38 37 79 21 37 32 35 27 28 40 20 68 406 66 384 272
leaf_count=4334 48 24 46 91 49 28 20 20 48 29 44 48 58 27 38 37 79 21 37 32 35 27 28 40 20 68 406 66 384 272
internal_value=8.04603e-09 -3.29955 -0.263775 -2.03109 3.678 -1.77797 0.172424 0.0510148 -6.61687 -12.0163 -23.5548 0.283944 9.67193 -4.16021 1.55939 -6.90285 0.169363 -0.394598 -11.2842 -5.93595 1.68662 1.9785 9.48466 16.4505 -2.61856 0.953539 0.159558 0.64339 -3.43223 3.34845
internal_weight=6504 323 275 251 160 114 6181 6103 206 158 64 5897 78 94 65 86 5849 4459 125 104 72 1390 167 139 60 1223 1155 1128 450 678
internal_count=6504 323 275 251 160 114 6181 6103 206 158 64 5897 78 94 65 86 5849 4459 125 104 72 1390 167 139 60 1223 1155 1128 450 678
cat_boundaries=0 1 2 3 4
cat_threshold=1 4 1 1
is_linear=0
shrinkage=0.05


Tree=141
num_leaves=31
num_cat=4
split_feature=3 0 7 0 2 3 5 0 1 5 8 1 0 0 3 3 4 2 3 4 7 9 1 9 8 0 0 2 3 2
split_gain=1.4195e+06 5.90054e+06 9.79669e+06 8.2601e+06 1.15367e+07 1.01869e+07 6.22691e+06 6.45856e+06 1.12547e+07 1.13383e+07 8.29463e+06 1.22973e+07 6.13873e+06 8.54587e+06 2.00966e+07 9.37335e+06 5.80787e+06 7.35859e+06 1.26542e+07 7.01265e+06 1.05592e+07 6.74578e+06 1.28591e+07 1.20641e+07 6.65947e+06 9.4669e+06 5.9184e+06 5.70525e+06 5.86705e+06 5.68461e+06
threshold=18556.060553755651 57327.910610166669 0 56592.441907333334 37281.135431750008 21045.582769170294 -0.98296291314453399 58534.263873850148 17515.808333333338 0.98296291314453421 1 19907.125000000004 59428.244180166679 59052.443059333353 20752.578564511579 20395.844495093614 -0.5 35104.966121208352 18083.586750082086 0.91597561503675362 2 3.5000000000000004 17679.104166666668 5.5000000000000009 3 51439.421820333351 54389.189271580304 36251.86903283334 20634.60150400101 35714.764260141477
decision_type=2 2 1 2 2 2 2 2 2 2 1 2 2 2 2 2 2 2 2 2 1 2 2 2 1 2 2 2 2 2
left_child=16 2 -2 4 5 27 -3 8 -8 10 11 -10 13 15 -15 -9 -1 18 19 26 -21 22 -19 -23 25 -22 -18 28 29 -4
right_child=1 6 3 -5 -6 -7 7 12 9 -11 -12 -13 -14 14 -16 -17 17 21 -20 20 24 23 -24 -25 -26 -27 -28 -29 -30 -31
leaf_value=-3.4734444111185208 -38.605818141590468 -11.179045361530882 -7.3413831665780807 -18.711895300000908 21.313027145385746 -38.27411088489351 32.710450337572802 26.001098314921066 -44.237092833085498 32.620820881311708 18.465744304656983 -0.53579142610232033 0.36224291476210513 -48.501676355089465 14.32788558959961 -12.691700638665095 3.8498884943316902 13.155054715963511 -37.793609837123327 9.9236524811330842 -20.723010194592362 27.774608802795413 -24.82555820758526 5.5586810567440139 -32.008666782379152 20.559703136341913 -14.15501928726832 9.8596122476789692 -31.641041946411136 20.06754941073331
leaf_weight=521 22 119 135 80 50 21 41 24 22 26 30 60 3605 35 20 45 929 52 21 53 41 89 39 195 45 21 48 72 21 22
leaf_count=521 22 119 135 80 50 21 41 24 22 26 30 60 3605 35 20 45 929 52 21 53 41 89 39 195 45 21 48 72 21 22
internal_value=-1.79191e-08 -0.501842 -6.11952 -4.33722 -0.754752 -4.8263 0.0882436 0.431337 9.70882 2.875 -4.03028 -12.2605 -0.0140025 -10.9524 -25.6546 0.766664 1.08724 2.63722 0.665901 1.37624 -8.32704 8.72466 -3.12235 12.5207 -17.3671 -6.74016 2.96531 -2.01668 -6.82058 -3.50064
internal_weight=6504 4450 423 401 321 271 4027 3908 179 138 112 82 3729 124 55 69 2054 1533 1158 1137 160 375 91 284 107 62 977 250 178 157
internal_count=6504 4450 423 401 321 271 4027 3908 179 138 112 82 3729 124 55 69 2054 1533 1158 1137 160 375 91 284 107 62 977 250 178 157
cat_boundaries=0 1 2 3 4
cat_threshold=1 4 2 4
is_linear=0
shrinkage=0.05


Tree=142
num_leaves=31
num_cat=1
split_feature=3 1 4 3 5 3 1 9 1 3 3 1 4 0 1 1 4 4 1 4 3 1 1 7 1 3 4 3 4 1
split_gain=1.40709e+06 1.48344e+06 7.19261e+06 6.26438e+06 7.33545e+06 2.64902e+06 2.63117e+06 1.75994e+07 1.55964e+07 1.19132e+07 9.04882e+06 4.59005e+06 3.75849e+06 3.47792e+06 3.77803e+06 9.51616e+06 6.93295e+06 4.46815e+06 3.39915e+06 1.36801e+07 1.0556e+07 7.53244e+06 3.04692e+07 1.54361e+07 1.94183e+07 1.28982e+07 1.26065e+07 1.59822e+07 8.91099e+06 6.56098e+06
threshold=30908.467491710664 17315.757954545457 0.78656609248549325 23926.064530930329 -0.60355339059327384 8399.1068652846079 17493.779166666667 3.5000000000000004 17477.004166666669 17214.477336719799 24030.331899106797 17483.612878787881 -0.78656609248549303 37687.857399636378 17497.700000000004 17496.920833333334 0.25881904510252091 -0.5 17502.866666666672 0.12940952255126045 21874.847449542594 17679.104166666668 17879.841666666671 0 17509.145833333339 22031.539729966524 -0.70710678118654735 23105.948963543899 0.12940952255126045 18188.416666666668
decision_type=2 2 2 2 2 2 2 2 2 2 2 2 2 2 2 2 2 2 2 2 2 2 2 1 2 2 2 2 2 2
left_child=1 2 3 4 -1 -3 7 8 10 -10 -7 -11 -13 -8 15 16 17 -15 19 -16 -21 23 -23 -20 26 28 -25 -28 -26 -24
right_child=-2 5 -4 -5 -6 6 13 -9 9 11 -12 12 -14 14 18 -17 -18 -19 21 20 -22 22 29 24 25 -27 27 -29 -30 -31
leaf_value=0.10786543899112278 -11.83924464416504 8.643099258112354 -18.028014234559876 -13.604552192273349 27.009686935359039 45.623250293731694 -20.319634119669598 -46.002927176157641 25.752109832763672 2.8528554836908979 2.204694912830989 -5.4445090850194298 -29.031685839201277 -1.8522715220848722 6.4556852951282409 37.137022455533348 -17.221571275976398 28.987647977082631 -10.745890291366313 -42.004901061186928 -3.4119442434871901 -42.710011137099492 8.3432431856791194 32.08107546851749 27.648145771026613 6.2326103210449224 -31.6649295317821 23.31033115386963 65.915092303835124 -0.32068502031428414
leaf_weight=45 25 86 28 23 58 24 21 24 20 24 24 24 57 24 82 24 31 23 72 37 34 42 228 21 32 31 39 20 29 5252
leaf_count=45 25 86 28 23 58 24 21 24 20 24 24 24 57 24 82 24 31 23 72 37 34 42 228 21 32 31 39 20 29 5252
internal_value=-3.5034e-09 0.0456831 4.89433 9.98818 15.2565 -0.0723708 -0.192507 -5.879 -0.312676 -9.61571 23.914 -16.3524 -22.0429 -0.00709847 0.0637474 9.60472 1.13324 13.2396 -0.100669 -7.45635 -23.5238 0.0945132 -0.285367 8.69165 16.8283 32.4944 -1.18779 -13.0292 45.8406 0.039785
internal_weight=6504 6479 154 126 103 6325 6239 197 173 125 48 105 81 6042 6021 102 78 47 5919 153 71 5766 5522 244 172 92 80 59 61 5480
internal_count=6504 6479 154 126 103 6325 6239 197 173 125 48 105 81 6042 6021 102 78 47 5919 153 71 5766 5522 244 172 92 80 59 61 5480
cat_boundaries=0 1
cat_threshold=2
is_linear=0
shrinkage=0.05


Tree=143
num_leaves=31
num_cat=4
split_feature=8 1 1 1 1 5 5 2 3 3 9 6 1 9 4 0 8 2 5 7 1 4 4 2 4 3 4 2 2 1
split_gain=1.36106e+06 8.69284e+06 6.04004e+06 1.46623e+07 1.56254e+07 1.09892e+07 9.18548e+06 1.01541e+07 8.01386e+06 9.29976e+06 7.10624e+06 1.69074e+07 1.77019e+07 1.56931e+07 1.7272e+07 1.44602e+07 2.47956e+07 1.35557e+07 1.47402e+07 1.34041e+07 1.90388e+07 1.62243e+07 1.09209e+07 1.5398e+07 1.04102e+07 9.62937e+06 8.41141e+06 7.97338e+06 1.1903e+07 9.75368e+06
threshold=0 22126.670833333334 20176.562500000004 20425.750000000004 20581.299999999999 -0.5 0.60355339059327384 50122.367123215663 27542.051378997374 26626.813042387497 4.5000000000000009 1 18188.416666666668 5.5000000000000009 -1.0000000180025095e-35 53838.49388466667 2 38811.95820683334 0.78656609248549303 3 18354.39166666667 0.12940952255126045 -1.0000000180025095e-35 44844.408808683416 -1.0000000180025095e-35 23208.128202063202 0.25881904510252091 43590.351580179107 41374.404631833335 17879.841666666671
decision_type=1 2 2 2 2 2 2 2 2 2 2 1 2 2 2 2 1 2 2 1 2 2 2 2 2 2 2 2 2 2
left_child=-1 2 8 6 5 -5 7 -4 9 10 17 24 -13 14 -14 16 -16 19 27 -2 26 -22 23 -20 -12 -24 -21 28 -19 -29
right_child=1 -3 3 4 -6 -7 -8 -9 -10 -11 11 12 13 -15 15 -17 -18 18 22 20 21 -23 25 -25 -26 -27 -28 29 -30 -31
leaf_value=0.50157220185325502 39.120153752714401 -22.077833096186321 36.889016783415386 -54.025361955910924 2.4613070658537062 -10.172136878967287 -0.73800248456001283 3.9644150879647997 25.457225830078126 -32.160305447048607 -60.879718052257196 21.918067537035263 -33.63015171237614 3.171279055870468 3.99549432182312 26.878033985410418 -59.702700944380332 2.9617869202683611 -9.9503587491810332 2.9297085867987742 40.308814743848956 4.8517818047018615 -20.28126798093319 -59.394623811783333 -14.146905429546649 19.275939697265628 -21.43003979032002 19.264257869609565 -26.786465000687986 -1.9619627563920741
leaf_weight=4392 32 48 67 20 520 50 50 36 25 27 22 56 92 161 50 28 22 82 32 81 52 85 40 31 26 25 63 86 57 146
leaf_count=4392 32 48 67 20 520 50 50 36 25 27 22 56 92 161 50 28 22 82 32 81 52 85 40 31 26 25 63 86 57 146
internal_value=-9.67613e-09 -1.04304 -0.553861 3.05269 -0.524126 -22.7016 16.8456 25.3814 -2.58238 -3.12326 -2.50545 -7.49291 -4.19825 -8.34135 -17.9952 -3.611 -15.4678 0.301526 -4.81499 8.45853 4.96681 18.3099 -19.4453 -34.2801 -35.5661 -5.06696 -7.72768 0.232662 -9.23714 5.90638
internal_weight=6504 2112 2064 743 590 70 153 103 1321 1296 1269 457 409 353 192 100 72 812 499 313 281 137 128 63 48 65 144 371 139 232
internal_count=6504 2112 2064 743 590 70 153 103 1321 1296 1269 457 409 353 192 100 72 812 499 313 281 137 128 63 48 65 144 371 139 232
cat_boundaries=0 1 2 3 4
cat_threshold=4 2 2 1
is_linear=0
shrinkage=0.05


Tree=144
num_leaves=31
num_cat=6
split_feature=9 5 1 6 1 7 4 8 1 8 3 1 0 5 3 3 1 3 2 0 8 0 1 7 5 3 3 3 3 2
split_gain=1.34004e+06 7.17222e+06 7.99934e+06 1.13642e+07 1.04623e+07 1.29987e+07 1.2858e+07 1.95922e+07 1.76762e+07 1.67218e+07 1.27511e+07 9.82326e+06 9.18442e+06 6.8393e+06 9.03241e+06 8.49565e+06 1.15851e+07 1.66022e+07 1.02288e+07 9.40839e+06 6.51863e+06 6.2489e+06 7.19624e+06 6.22978e+06 5.3798e+06 5.20169e+06 5.11502e+06 4.93413e+06 4.79378e+06 4.56834e+06
threshold=2.5000000000000004 0.91597561503675351 17501.933333333338 0 19587.054166666672 1 1.0000000180025095e-35 2 18157.095833333336 3 24082.656050551508 19596.858333333334 62939.635599522953 0.1294095225512602 27084.010415742552 23156.784737210928 19609.62272727273 19523.447470290575 32694.718901249846 60518.27442637999 4 56233.014181298153 18548.237500000007 5 -0.5 24693.414404309813 16777.896053797496 27264.570400088818 26788.521953398133 43400.506164191655
decision_type=2 2 2 1 2 1 2 1 2 1 2 2 2 2 2 2 2 2 2 2 1 2 2 1 2 2 2 2 2 2
left_child=1 2 3 -1 5 6 8 -8 -4 -10 21 -6 -9 15 -15 16 17 -13 -18 -20 -5 26 -23 -21 25 -17 -7 -26 -12 -22
right_child=-2 -3 4 20 11 10 7 12 9 -11 28 13 -14 14 -16 24 18 -19 19 23 29 22 -24 -25 27 -27 -28 -29 -30 -31
leaf_value=-31.415529181506187 -0.37861366786484452 -8.0544215768744039 61.268503524317886 21.705163464722812 -14.48730334095333 -12.231550117049899 -27.265872764587403 44.474959369659423 31.209265409666916 -21.80958683013916 39.941838188171388 -0.0025325502668108262 9.4808228486378994 6.6954633414155182 41.149400147937598 -23.872977352142335 28.830496664047242 56.056024021148687 -37.177446683247886 -14.406400055544717 3.0424725673415445 -40.789208532262734 -2.2655408729206434 21.619567653111048 -31.010557556152346 4.3462702965468507 20.412416857764835 -6.7810849118740002 5.323258008956909 -15.11258537504408
leaf_weight=37 5088 177 33 27 92 28 31 25 58 20 20 28 75 202 21 20 20 25 24 28 77 27 22 21 38 89 21 47 20 63
leaf_count=37 5088 177 33 27 92 28 31 25 58 20 20 28 75 202 21 20 20 25 24 28 77 27 22 21 38 89 21 47 20 63
internal_value=1.31709e-08 1.36044 2.70542 -6.34391 4.48906 11.089 18.0723 7.46331 30.5928 17.6147 -1.15704 0.660073 18.2294 3.13531 9.94 -1.32777 7.78296 26.4402 -2.84965 -11.5291 -0.78912 -10.8671 -23.4929 1.0333 -8.1843 -0.831573 1.75872 -17.6131 22.6325 -5.1273
internal_weight=6504 1416 1239 204 1035 380 242 131 111 78 138 655 100 563 223 340 146 53 93 73 167 98 49 49 194 109 49 85 40 140
internal_count=6504 1416 1239 204 1035 380 242 131 111 78 138 655 100 563 223 340 146 53 93 73 167 98 49 49 194 109 49 85 40 140
cat_boundaries=0 1 2 3 4 5 6
cat_threshold=1 4 1 4 1 4
is_linear=0
shrinkage=0.05


Tree=145
num_leaves=31
num_cat=1
split_feature=3 3 3 9 5 8 1 1 5 3 1 1 1 1 1 1 1 3 2 1 2 0 4 4 2 1 0 3 9 1
split_gain=1.33766e+06 7.00571e+06 5.87292e+06 7.77738e+06 6.28922e+06 6.31548e+06 1.43122e+07 1.3164e+07 8.43916e+06 8.64577e+06 8.79275e+06 1.15135e+07 7.43199e+06 6.97975e+06 8.42499e+06 1.45847e+07 1.14559e+07 5.88626e+06 5.73057e+06 1.02599e+07 6.3088e+06 1.19296e+07 7.90305e+06 6.36037e+06 6.18741e+06 7.49369e+06 6.65959e+06 6.10019e+06 8.24709e+06 9.26662e+06
threshold=22662.117511438799 22610.492374998368 22751.147210221159 6.5000000000000009 -0.12940952255126037 0 17505.991666666672 17499.425000000007 -0.60355339059327384 27084.010415742552 19434.437500000004 18368.501515151522 21445.600000000002 19598.654166666671 19614.333333333339 20238.245833333338 20434.625000000004 24373.774939846135 43319.386962000026 17483.612878787881 41500.816868833332 61233.236304472106 -0.25881904510252113 -0.70710678118654735 44190.380012000001 19226.379166666669 63498.027680087769 20889.941653184174 4.5000000000000009 19153.016287878792
decision_type=2 2 2 2 2 1 2 2 2 2 2 2 2 2 2 2 2 2 2 2 2 2 2 2 2 2 2 2 2 2
left_child=1 18 3 -2 5 7 -7 -4 9 10 11 -9 -11 -8 -15 -16 -17 -10 20 -20 23 22 -22 -1 25 -21 -27 -26 -29 -30
right_child=2 -3 4 -5 -6 6 13 8 17 12 -12 -13 -14 14 15 16 -18 -19 19 24 21 -23 -24 -25 27 26 -28 28 29 -31
leaf_value=-7.4970435701955971 -34.705174373758254 26.915883983612062 -25.362551332403115 5.2490835643949971 1.7616592313869892 28.678078474998472 -36.311123847961426 10.774289395732266 -20.583075944197674 2.2738760518276786 14.232434158080393 -37.175296783447266 -20.322855833464981 14.652402371626634 -54.609393455868684 24.053549593970889 -17.440893891751767 -2.8253842208499003 39.110928878784186 -1.0714078590518139 -9.7678068808789522 -1.0115561654170355 -39.2080112195015 0.78795261705740638 6.722837760829627 45.564079492742366 13.737843363101668 -9.5318385178844149 22.461125518725471 -0.71381238260759206
leaf_weight=254 29 25 54 21 1245 20 34 31 60 127 224 21 51 26 21 21 80 210 20 61 53 216 40 2633 319 22 65 216 52 253
leaf_count=254 29 25 54 21 1245 20 34 31 60 127 224 21 51 26 21 21 80 210 20 61 53 216 40 2633 319 22 65 216 52 253
internal_value=-1.08842e-08 0.525926 -0.977645 -17.9244 -0.596819 -3.59305 -11.4703 -1.5478 0.228437 4.39142 9.93256 -8.58997 -4.20047 -15.8822 -11.1891 -16.6963 -8.81334 -6.77154 0.368992 3.65608 -0.667735 -7.45796 -22.4303 0.0590337 2.93837 12.365 21.7859 1.27749 -2.05661 3.23732
internal_weight=6504 4229 2275 50 2225 980 202 778 724 454 276 52 178 182 148 122 101 270 4204 1008 3196 309 93 2887 988 148 87 840 521 305
internal_count=6504 4229 2275 50 2225 980 202 778 724 454 276 52 178 182 148 122 101 270 4204 1008 3196 309 93 2887 988 148 87 840 521 305
cat_boundaries=0 1
cat_threshold=4
is_linear=0
shrinkage=0.05


Tree=146
num_leaves=31
num_cat=1
split_feature=3 0 4 5 9 9 3 5 5 2 2 1 3 2 3 1 1 4 1 9 2 9 6 1 3 3 0 3 3 5
split_gain=1.27628e+06 7.11415e+06 1.07902e+07 6.40341e+06 5.87517e+06 2.5071e+07 2.60512e+07 1.24277e+07 9.73972e+06 1.10671e+07 1.43745e+07 8.24834e+06 1.06482e+07 7.71559e+06 1.22883e+07 7.18379e+06 8.81797e+06 1.3366e+07 1.411e+07 1.94596e+07 1.24584e+07 1.14528e+07 1.72254e+07 1.25474e+07 1.2627e+07 1.11081e+07 1.07533e+07 1.62056e+07 1.24314e+07 1.06484e+07
threshold=19780.655842890224 65350.315839364404 -0.91597561503675329 -0.98296291314453399 4.5000000000000009 3.5000000000000004 21651.008289658188 0.91597561503675351 0.60355339059327384 44643.474051333345 47503.149048551633 19219.670833333337 20436.154817490064 41253.907321989267 21004.446763828495 19614.333333333339 18537.133333333335 -0.78656609248549303 17679.104166666668 2.5000000000000004 41044.07014635302 1.5000000000000002 0 19596.858333333334 23105.948963543899 21317.322463603134 68244.663425366205 23275.687505323778 23646.950939898587 -0.70710678118654757
decision_type=2 2 2 2 2 2 2 2 2 2 2 2 2 2 2 2 2 2 2 2 2 2 1 2 2 2 2 2 2 2
left_child=1 -1 -3 -2 5 7 8 15 9 11 -11 -7 -13 14 -10 16 17 26 20 -20 25 23 29 -18 -25 -19 -5 -28 -29 -23
right_child=3 2 -4 4 -6 6 -8 -9 13 10 -12 12 -14 -15 -16 -17 21 18 19 -21 -22 22 -24 24 -26 -27 27 28 -30 -31
leaf_value=0.42868272534287266 -12.240252438762733 1.5018290693109686 42.129314583998465 37.456489946765281 1.5736378793252364 -9.2601060120955747 -51.165410776571797 -10.281960034987023 4.6693266789118448 21.564360310236616 -23.751234990074522 -21.333886444000971 -71.685489218575626 17.820197885686703 -41.978875389099123 -11.021138273772372 -15.444590734286482 -6.9771122741699223 4.9542242140997033 -58.245284639555841 -8.1982283408331771 44.304963328288153 -16.701391781700984 25.331668859288314 1.337248882282986 37.504687944054602 -23.534784041813442 50.298535639899121 2.7918810844421387 15.514998192315574
leaf_weight=2478 114 44 26 31 2091 23 44 232 48 30 42 21 21 44 20 93 83 25 21 29 223 39 36 69 267 32 35 21 40 182
leaf_count=2478 114 44 26 31 2091 23 44 232 48 30 42 21 21 44 20 93 83 25 21 29 223 39 36 69 267 32 35 21 40 182
internal_value=-2.42514e-10 0.872731 16.592 -0.562113 -0.215599 -2.35226 -15.6985 0.329796 -9.43121 -18.3723 -4.86974 -33.3291 -46.5097 1.5057 -9.05073 2.33789 3.43444 -1.93037 -7.23502 -31.7015 -2.86601 7.06125 15.3711 1.96427 6.26467 17.9951 11.8534 3.5857 19.1466 20.5956
internal_weight=6504 2548 70 3956 3842 1751 293 1458 249 137 72 65 42 112 68 1226 1133 457 330 50 280 676 257 419 336 57 127 96 61 221
internal_count=6504 2548 70 3956 3842 1751 293 1458 249 137 72 65 42 112 68 1226 1133 457 330 50 280 676 257 419 336 57 127 96 61 221
cat_boundaries=0 1
cat_threshold=4
is_linear=0
shrinkage=0.05


Tree=147
num_leaves=31
num_cat=5
split_feature=1 8 3 6 3 2 3 6 2 2 5 9 0 2 1 5 2 0 1 1 1 1 0 4 1 6 1 3 0 7
split_gain=1.22663e+06 5.65232e+06 3.19675e+06 5.64117e+06 2.91405e+06 6.32394e+06 3.56802e+06 3.92689e+06 2.54624e+06 3.33295e+06 6.80513e+06 4.87445e+06 6.39344e+06 3.19554e+06 2.63002e+06 2.32818e+06 2.24368e+06 2.10979e+06 2.0801e+06 5.46595e+06 1.11469e+07 1.09465e+07 1.42935e+07 1.13756e+07 1.39498e+07 6.65543e+06 2.54723e+07 7.38858e+06 8.70993e+06 5.80851e+06
threshold=21965.104166666668 0 17641.873186118686 1 28467.69557926006 58194.621124977995 24030.331899106797 2 65847.304557000025 61898.177199296304 0.1294095225512602 1.5000000000000002 82971.065687075767 61118.248046443521 19617.820833333335 -0.70710678118654757 63396.015681308905 73973.030017533209 20444.575000000001 20200.775000000005 20211.433333333338 20102.408333333336 55018.732628166668 -0.60355339059327362 20176.562500000004 3 20421.645833333339 14942.52297533327 48672.568955916679 4
decision_type=2 1 2 1 2 2 2 1 2 2 2 2 2 2 2 2 2 2 2 2 2 2 2 2 2 1 2 2 2 1
left_child=8 17 -3 -4 5 6 7 -5 9 13 11 12 -11 18 -10 -13 -17 -2 19 21 29 -1 -23 24 -24 26 -22 28 -27 -21
right_child=1 2 3 4 -6 -7 -8 -9 14 10 -12 15 -14 -15 -16 16 -18 -19 -20 20 25 22 23 -25 -26 27 -28 -29 -30 -31
leaf_value=-0.31424290483255968 -6.9493228480929421 17.193278503417968 -21.173265110362664 16.284694920415465 -16.245665688948201 25.415465065285012 -8.7774830741882326 -4.1589786410331726 24.768753986358647 -45.301760683059697 10.2783779039979 -15.752549007021148 -11.207139678434892 13.108959668874741 3.7422062586093774 -9.7363609313964847 9.1145792685056986 -28.080245297043412 1.8440065255696827 -42.636851066589358 30.442534329341012 -11.273805681540042 30.64175988656503 32.475412846654656 -17.497369654038376 -7.6558542956476634 -34.803568231491816 -7.2033551359142862 35.85809286366338 -13.119458129882814
leaf_weight=3722 21 24 33 46 22 27 75 48 20 20 48 29 44 48 58 27 38 27 1390 25 52 49 27 80 34 23 21 353 23 50
leaf_count=3722 21 24 33 46 22 27 75 48 20 20 48 29 44 48 58 27 38 27 1390 25 52 49 27 80 34 23 21 353 23 50
internal_value=-4.49309e-08 -3.00376 -0.240409 -1.90737 1.00902 2.94577 -0.644061 5.84537 0.156967 0.0422401 -6.20941 -11.2184 -21.8617 0.260629 9.13363 -3.97183 1.28419 -18.8355 0.155189 -0.371265 -5.05282 0.283339 11.9896 20.0741 3.81011 -2.20762 11.6731 -4.7472 14.1011 -22.9586
internal_weight=6504 323 275 251 218 196 169 94 6181 6103 206 158 64 5897 78 94 65 48 5849 4459 547 3912 190 141 61 472 73 399 46 75
internal_count=6504 323 275 251 218 196 169 94 6181 6103 206 158 64 5897 78 94 65 48 5849 4459 547 3912 190 141 61 472 73 399 46 75
cat_boundaries=0 1 2 3 4 5
cat_threshold=1 2 4 1 2
is_linear=0
shrinkage=0.05


Tree=148
num_leaves=31
num_cat=3
split_feature=3 1 4 3 3 3 3 8 1 1 1 1 1 5 5 2 6 4 3 1 3 4 0 3 1 9 2 1 1 6
split_gain=1.26917e+06 1.34281e+06 6.44509e+06 5.36602e+06 5.72005e+06 2.89712e+06 2.40168e+06 2.17961e+06 1.75358e+07 7.28853e+06 6.13729e+06 1.16181e+07 1.38624e+07 9.75985e+06 8.43148e+06 8.58925e+06 7.66669e+06 2.17369e+07 2.23832e+07 6.80273e+06 1.63649e+07 1.116e+07 1.88959e+07 9.02266e+06 8.34724e+06 9.46645e+06 7.25833e+06 8.1337e+06 1.34047e+07 2.06652e+07
threshold=30908.467491710664 17315.757954545457 0.60355339059327384 24030.331899106797 10432.223890258634 22031.539729966524 8399.1068652846079 0 17491.069318181821 22017.554166666672 20176.562500000004 20425.750000000004 20581.299999999999 -0.5 0.60355339059327384 50122.367123215663 1 -0.25881904510252113 16777.896053797496 19614.333333333339 27542.051378997374 -1.0000000180025095e-35 61758.219189585936 26215.629407962679 19751.383333333335 5.5000000000000009 53496.92553991927 17507.070833333339 17679.104166666668 2
decision_type=2 2 2 2 2 2 2 1 2 2 2 2 2 2 2 2 1 2 2 2 2 2 2 2 2 2 2 2 2 1
left_child=1 2 3 4 -1 -6 -3 -8 -9 10 16 14 13 -13 15 -12 17 -10 -19 20 23 24 -23 26 -21 -26 27 -18 29 -29
right_child=-2 6 -4 -5 5 -7 7 8 9 -11 11 12 -14 -15 -16 -17 19 18 -20 21 -22 22 -24 -25 25 -27 -28 28 -30 -31
leaf_value=-7.2770479474748884 -11.244051315307617 8.2296839741773393 -12.61169521689415 -12.80207680180669 28.45345416867508 6.119682159423828 0.45341271939089645 -39.491193606058758 -44.91127787859012 -18.747891984241349 34.163066743380988 -50.473894500732428 2.7884797526350118 -9.1462634944915777 -1.4451780099868774 3.8815566658973695 -12.782065169016521 -29.330422504131612 35.095771115166798 4.9182818798791796 45.077715530395508 12.313957293239641 -40.90928195771717 -23.861571989059449 -45.593906183021012 -7.8196086013758634 25.476666859218057 -10.357876719599185 -0.41880223568996056 52.194255213583666
leaf_weight=21 25 86 40 20 53 20 4261 30 39 56 67 20 505 50 50 36 114 26 28 21 20 81 21 40 43 27 28 23 622 31
leaf_count=21 25 86 40 20 53 20 4261 30 39 56 67 20 505 50 50 36 114 26 28 21 20 81 21 40 43 27 28 23 622 31
internal_value=-1.51857e-08 0.0433865 4.65649 10.7155 15.7192 22.3346 -0.0689325 -0.183323 -1.55498 -0.970743 -0.444569 3.15631 -0.101928 -20.9542 15.4013 23.5792 -2.69667 -16.4672 4.07575 -1.50091 0.367401 -10.0002 1.35623 -0.674797 -22.7295 -31.0238 0.459031 -0.42767 1.65576 25.5517
internal_weight=6504 6479 154 114 94 73 6325 6239 1978 1948 1892 728 575 70 153 103 1164 93 54 1071 878 193 102 858 91 70 818 790 676 54
internal_count=6504 6479 154 114 94 73 6325 6239 1978 1948 1892 728 575 70 153 103 1164 93 54 1071 878 193 102 858 91 70 818 790 676 54
cat_boundaries=0 1 2 3
cat_threshold=4 2 4
is_linear=0
shrinkage=0.05


Tree=149
num_leaves=31
num_cat=3
split_feature=9 5 4 3 1 1 7 1 3 3 5 3 4 3 0 3 1 0 8 3 0 4 8 3 1 1 2 2 9 1
split_gain=1.22672e+06 6.50669e+06 1.24783e+07 9.09663e+06 5.86639e+06 1.67374e+07 1.119e+07 1.19524e+07 1.51119e+07 1.06253e+07 7.22364e+06 1.19495e+07 8.61834e+06 7.66446e+06 6.62211e+06 1.03895e+07 1.26901e+07 9.45306e+06 5.95833e+06 5.83859e+06 1.00111e+07 5.6161e+06 1.2301e+07 1.66441e+07 6.73886e+06 1.86727e+07 6.42519e+06 6.3809e+06 5.41565e+06 5.18662e+06
threshold=2.5000000000000004 -0.70710678118654757 1.0000000180025095e-35 16777.896053797496 19570.983333333337 19600.241666666669 0 17515.808333333338 19989.367311169004 22703.779705803765 0.1294095225512602 27451.273072404285 -0.60355339059327362 21317.322463603134 62342.655843 23105.948963543899 19612.591666666671 82971.065687075767 1 20314.289634861907 60647.829716333341 -0.60355339059327362 2 25112.764903707441 17505.991666666672 17879.841666666671 45074.969641666685 43319.386962000026 1.5000000000000002 17406.837500000005
decision_type=2 2 2 2 2 2 1 2 2 2 2 2 2 2 2 2 2 2 1 2 2 2 1 2 2 2 2 2 2 2
left_child=1 2 29 -3 6 9 7 8 -5 -6 14 12 13 -12 -7 16 -16 -17 -14 -20 -21 26 23 -23 27 -26 -8 -24 -11 -1
right_child=-2 3 -4 4 5 10 21 -9 -10 28 11 -13 18 -15 15 17 -18 -19 19 20 -22 22 24 -25 25 -27 -28 -29 -30 -31
leaf_value=-6.7684495244707383 -0.36225122493111866 -25.359377098083499 -2.2151981978766666 1.4163703918457031 -45.39291703360422 -33.379924068450933 -7.102766866683961 17.787855225342973 -46.806639501452452 -17.666214196349298 43.172956484014342 41.219790699170986 -23.135612811361042 7.2910947467969809 43.313806152343751 -22.97621753089356 -9.2096362570057746 8.072711443289732 -23.471712875366212 38.179041557312011 0.036261613194535421 -43.968696839721119 -16.516888704564838 15.382510942220689 54.992230694110575 6.9460518208178845 24.36034991547119 14.998116947042531 6.4279693394899375 19.699913433881907
leaf_weight=21 5088 36 177 33 28 20 20 26 32 86 22 23 28 46 23 66 23 39 20 20 123 27 36 21 26 91 86 29 32 156
leaf_count=21 5088 36 177 33 28 20 20 26 32 86 22 23 28 46 23 66 23 39 20 20 123 27 36 21 26 91 86 29 32 156
internal_value=-2.14179e-08 1.30165 7.1722 -0.655202 0.211611 -2.98053 4.68958 -10.8636 -22.3242 -17.7027 1.76438 6.68106 3.61392 18.8999 -6.34384 -2.76291 17.0521 -11.4438 -1.82822 1.83194 5.37092 8.9019 4.5135 -18.0025 10.4518 17.623 18.4239 -2.45635 -11.1322 16.5596
internal_weight=6504 1416 354 1062 1026 599 427 91 65 146 453 282 259 68 171 151 46 105 191 163 143 336 230 48 182 117 106 65 118 177
internal_count=6504 1416 354 1062 1026 599 427 91 65 146 453 282 259 68 171 151 46 105 191 163 143 336 230 48 182 117 106 65 118 177
cat_boundaries=0 1 2 3
cat_threshold=2 1 1
is_linear=0
shrinkage=0.05


Tree=150
num_leaves=31
num_cat=1
split_feature=1 5 8 1 1 1 1 5 5 3 3 3 0 4 3 4 1 1 1 1 5 0 1 1 1 1 9 1 1 3
split_gain=1.19828e+06 3.22206e+06 1.49755e+06 6.40349e+06 5.61626e+06 1.09667e+07 1.21001e+07 8.82274e+06 7.60941e+06 7.83212e+06 6.87393e+06 6.87889e+06 5.31752e+06 5.02752e+06 1.62878e+07 9.82294e+06 1.48684e+07 1.26966e+07 1.83933e+07 1.56372e+07 1.78577e+07 1.87079e+07 1.47544e+07 1.00275e+07 1.58628e+07 1.37029e+07 8.75947e+06 8.04781e+06 7.69929e+06 6.94139e+06
threshold=16609.01666666667 -0.37940952255126015 0 22126.670833333334 20176.562500000004 20425.750000000004 20581.299999999999 -0.5 0.60355339059327384 25176.043808424602 27542.051378997374 26626.813042387497 73335.470115568198 0.91597561503675362 17380.192498966568 -0.25881904510252113 19751.383333333335 19605.335606060613 19590.695833333335 19198.104166666672 0.78656609248549303 62342.655843 18913.854166666675 17498.425000000003 17315.757954545457 17523.445833333335 5.5000000000000009 18557.520833333336 19221.367803030309 19927.8236823562
decision_type=2 2 1 2 2 2 2 2 2 2 2 2 2 2 2 2 2 2 2 2 2 2 2 2 2 2 2 2 2 2
left_child=1 -1 -2 4 10 8 7 -7 9 -6 11 13 -5 15 -15 16 17 18 19 20 22 -22 23 24 -4 29 -18 -27 -21 -25
right_child=2 -3 3 12 5 6 -8 -9 -10 -11 -12 -13 -14 14 -16 -17 26 -19 -20 28 21 -23 -24 25 -26 27 -28 -29 -30 -31
leaf_value=-4.8864512186784017 0.46374515325539295 20.005864719244151 18.324704288301014 -1.8665019491444466 29.395788526244282 -47.955491714477546 2.2544346565008162 -8.6619905564785 -1.3548064670562745 -4.8266982441856747 23.221423370361329 -28.221265439633971 -35.179304595947265 -36.072610935957535 -0.49499929018109762 3.1998768493287963 -43.754478965661463 20.043655553230874 -45.298614338466102 44.619227924346923 -13.073308756237939 -71.827471294403082 -31.404804229736328 15.887488412857056 -36.945672584982482 -8.5946525207881272 -5.8407396774291991 25.892037818545386 7.5794161411041916 51.963952865600589
leaf_weight=26 4376 26 21 23 82 20 520 50 50 21 25 27 25 46 107 547 39 52 28 20 42 20 37 40 34 87 25 21 47 20
leaf_count=26 4376 26 21 23 82 20 520 50 50 21 25 27 25 46 107 547 39 52 28 20 42 20 37 40 34 87 25 21 47 20
internal_value=-5.49308e-09 7.55971 -0.0609276 -1.16689 -0.739665 2.72066 -0.372718 -19.8887 14.6494 22.4184 -2.74046 -3.25558 -19.2169 -2.70888 -11.1915 -1.50717 -6.33786 -3.25296 -6.15805 -3.34074 -7.91355 -32.0263 -2.1636 2.68808 -15.8424 8.75462 -28.9444 -1.88891 18.6361 27.913
internal_weight=6504 52 6452 2076 2028 743 590 70 153 103 1285 1260 48 1233 153 1080 533 469 417 389 322 62 260 223 55 168 64 108 67 60
internal_count=6504 52 6452 2076 2028 743 590 70 153 103 1285 1260 48 1233 153 1080 533 469 417 389 322 62 260 223 55 168 64 108 67 60
cat_boundaries=0 1
cat_threshold=4
is_linear=0
shrinkage=0.05


Tree=151
num_leaves=31
num_cat=4
split_feature=3 0 0 0 0 3 0 8 5 1 1 7 1 1 4 3 5 4 1 7 1 2 5 0 3 1 1 6 9 2
split_gain=1.23612e+06 6.00531e+06 8.0979e+06 9.59184e+06 1.13417e+07 9.48192e+06 8.34154e+06 5.3498e+06 9.57231e+06 9.27558e+06 2.72535e+07 4.61727e+07 2.85164e+07 2.55927e+07 1.35176e+07 1.31462e+07 1.78421e+07 1.15047e+07 1.11334e+07 2.01823e+07 1.01413e+07 8.41785e+06 9.4158e+06 7.54188e+06 7.27065e+06 7.01031e+06 9.41195e+06 6.78212e+06 1.68702e+07 1.19461e+07
threshold=18502.524601906178 55448.089057333353 55143.83724058362 54878.250022110042 54506.000779166665 19453.160321201904 53838.49388466667 0 0.60355339059327384 18188.416666666668 19153.016287878792 1 19234.579166666674 18150.687500000004 0.91597561503675362 17321.313053806236 1.0000000180025095e-35 1.0000000180025095e-35 20091.895833333336 2 17679.104166666668 33385.631532333347 -0.5 54878.250022110042 16544.084729035731 18548.237500000007 19231.125000000004 3 4.5000000000000009 35220.89168893997
decision_type=2 2 2 2 2 2 2 1 2 2 2 1 2 2 2 2 2 2 2 1 2 2 2 2 2 2 2 1 2 2
left_child=7 2 3 4 5 -2 -7 8 -1 13 11 -11 15 20 27 24 -17 18 19 -14 -9 22 -19 -23 -12 -10 -27 28 -13 -29
right_child=1 -3 -4 -5 -6 6 -8 9 25 10 12 14 17 -15 -16 16 -18 21 -20 -21 -22 23 -24 -25 -26 26 -28 29 -30 -31
leaf_value=-5.2352836254048079 -24.846010037126213 -0.076259208095097356 -32.51616281078708 25.284795014754586 -32.844476750022487 -12.793572976854113 22.509634289822799 12.591314728244855 -6.5428455605798836 -71.761386858622231 18.821795900585581 26.610510345458984 3.0795293908370169 66.298906402587889 -43.564290046691895 15.725938166641606 64.714233084285965 9.6560472026337756 -0.48053659032892304 -46.408049672444662 -15.896729542658882 39.888684399922688 -9.9496212122094541 9.3637310460556389 -7.0187152347049198 43.839104493459068 7.9223331313384211 0.7530151430765788 -27.724354438781742 -35.23627569444718
leaf_weight=589 29 4284 31 23 38 27 44 157 49 30 103 50 38 20 21 41 34 115 135 45 39 24 131 129 37 24 76 90 20 31
leaf_count=589 29 4284 31 23 38 27 44 157 49 30 103 50 38 20 21 41 34 115 135 45 39 24 131 129 37 24 76 90 20 31
internal_value=-1.20599e-08 -0.463979 -9.11499 -4.60917 -9.5915 -0.755369 9.08447 1.02405 -2.3712 2.96645 1.06506 -13.7033 5.36068 12.4206 -5.48757 21.0419 37.934 -0.103594 -9.34042 -23.7511 6.92278 4.94309 -0.78437 14.152 11.9925 8.95058 16.5424 -1.30112 11.0863 -8.46738
internal_weight=6504 4476 192 161 138 100 71 2028 738 1290 1074 242 832 216 212 215 75 617 218 83 196 399 246 153 140 149 100 191 70 121
internal_count=6504 4476 192 161 138 100 71 2028 738 1290 1074 242 832 216 212 215 75 617 218 83 196 399 246 153 140 149 100 191 70 121
cat_boundaries=0 1 2 3 4
cat_threshold=2 2 1 4
is_linear=0
shrinkage=0.05


Tree=152
num_leaves=31
num_cat=4
split_feature=3 1 9 9 1 3 5 3 4 4 8 3 0 0 0 9 9 1 1 3 5 3 1 4 7 1 4 5 6 6
split_gain=1.16774e+06 1.23959e+06 1.90168e+07 8.78378e+06 4.95186e+06 6.44336e+06 4.89672e+06 5.16875e+06 4.13829e+06 3.42261e+06 3.19301e+06 2.44212e+06 2.81152e+06 2.00667e+06 3.07867e+06 1.79668e+06 1.65439e+06 1.03192e+07 1.16557e+07 1.08129e+07 1.00136e+07 7.70523e+06 2.95687e+07 1.25884e+07 1.025e+07 8.81201e+06 1.68514e+07 8.59317e+06 8.49944e+06 7.40758e+06
threshold=30908.467491710664 17483.612878787881 3.5000000000000004 2.5000000000000004 17491.069318181821 22272.336827037605 0.1294095225512602 23926.064530930329 0.37940952255126054 0.25881904510252091 0 8399.1068652846079 37687.857399636378 39539.52726475001 40543.413127000014 4.5000000000000009 4.5000000000000009 18315.529166666674 18157.095833333336 23105.948963543899 0.25881904510252057 16385.88009252958 19146.212500000005 -1.0000000180025095e-35 1 19146.212500000005 -1.0000000180025095e-35 -0.78656609248549325 2 3
decision_type=2 2 2 2 2 2 2 2 2 2 1 2 2 2 2 2 2 2 2 2 2 2 2 2 1 2 2 2 1 1
left_child=1 2 3 6 5 -3 8 -8 10 -5 -1 -6 -13 15 -15 -14 -16 18 19 29 -20 22 28 24 -24 26 -23 -26 -19 -18
right_child=-2 4 -4 9 11 -7 7 -9 -10 -11 -12 12 13 14 16 -17 17 21 20 -21 -22 25 23 -25 27 -27 -28 -29 -30 -31
leaf_value=-6.774244679104199 -10.785393005371095 -1.5489029362797737 -31.956635931766399 15.478910288214685 8.7656661299210565 -37.726344432830807 25.153200211280435 -1.5186150270349841 -18.150864951269966 40.765557363758916 16.654683369856613 -18.34553694270906 20.274425655862562 -19.207705688476565 -1.0170259849740935 0.046159921373639792 -7.9206887817382814 -18.609814934503465 40.722681161264582 -24.600568949381511 6.6134849695058975 -2.8894631131490076 -27.03740093244447 4.4401148649873639 -27.353605686534536 0.51432017154874998 43.369098467145648 9.5262062545333599 -60.689694178955897 21.504143503362485
leaf_weight=33 25 32 33 32 79 20 39 34 35 23 26 21 23 21 2487 21 35 21 48 30 39 45 72 287 22 2747 35 56 28 55
leaf_count=33 25 32 33 32 79 20 39 34 35 23 26 21 23 21 2487 21 35 21 48 30 39 45 72 287 22 2747 35 56 28 55
internal_value=-8.81606e-09 0.0416167 3.45842 8.72282 -0.0983712 -15.4633 3.01517 12.7307 -4.52988 26.0533 3.55037 0.0310806 -0.0821694 -0.0190056 -0.0966628 10.62 -0.0298521 0.66762 11.4981 1.39572 25.4324 -0.00907912 -5.82471 -1.69495 -13.4334 0.990708 17.3487 -0.875792 -42.6555 10.0612
internal_weight=6504 6479 255 222 6224 52 167 73 94 55 59 6172 6093 6072 6028 44 6007 3520 207 120 87 3313 486 437 150 2827 80 78 49 90
internal_count=6504 6479 255 222 6224 52 167 73 94 55 59 6172 6093 6072 6028 44 6007 3520 207 120 87 3313 486 437 150 2827 80 78 49 90
cat_boundaries=0 1 2 3 4
cat_threshold=4 4 2 2
is_linear=0
shrinkage=0.05


Tree=153
num_leaves=31
num_cat=4
split_feature=3 0 0 0 0 3 8 5 1 1 7 1 1 3 5 4 4 1 7 1 2 5 1 9 3 0 1 1 6 9
split_gain=1.17931e+06 5.50938e+06 7.32972e+06 8.60086e+06 1.02017e+07 8.68643e+06 4.76594e+06 8.49482e+06 8.32172e+06 2.42264e+07 4.11888e+07 2.57952e+07 2.2095e+07 1.18838e+07 1.60985e+07 1.18336e+07 1.00147e+07 9.91689e+06 1.77839e+07 9.26287e+06 7.68492e+06 8.48083e+06 7.71151e+06 1.22615e+07 6.55043e+06 6.59979e+06 6.43257e+06 8.51502e+06 6.20792e+06 1.50705e+07
threshold=18502.524601906178 55448.089057333353 55143.83724058362 54878.250022110042 54506.000779166665 19989.367311169004 0 0.60355339059327384 18188.416666666668 19153.016287878792 1 19234.579166666674 18150.687500000004 17321.313053806236 1.0000000180025095e-35 0.91597561503675362 1.0000000180025095e-35 20091.895833333336 2 17679.104166666668 33385.631532333347 -0.5 19617.820833333335 5.5000000000000009 16544.084729035731 52217.393224000014 18548.237500000007 19231.125000000004 3 4.5000000000000009
decision_type=2 2 2 2 2 2 1 2 2 2 1 2 2 2 2 2 2 2 1 2 2 2 2 2 2 2 2 2 1 2
left_child=6 2 3 4 5 -2 7 -1 12 10 -10 13 19 24 -15 28 17 18 -13 -8 21 -18 -22 -24 25 -11 -9 -28 29 -12
right_child=1 -3 -4 -5 -6 -7 8 26 9 11 15 16 -14 14 -16 -17 20 -19 -20 -21 22 -23 23 -25 -26 -27 27 -29 -30 -31
leaf_value=-4.9024578041354347 -13.852591152702059 -0.081826223876852511 -31.002894407703032 23.855120667167334 -31.223800918930454 15.834676250544462 12.097575330418671 -6.3800948006766189 -67.72663122256597 11.470174285842152 25.309544571876529 2.8530882559324571 61.84983940124512 14.962479526240651 61.495592947567211 -40.757855760483523 9.0302460879864892 -0.37049808316760596 -43.601083933512371 -15.128731395036747 -13.998644915223123 -9.5765716021297536 53.00317658923921 11.309405172954907 -6.6521076820992135 42.88517532348633 41.696942353248602 7.5343747791491058 -8.0709288281842699 -26.045528221130372
leaf_weight=589 56 4284 31 23 38 44 157 49 30 82 50 38 20 41 34 21 115 135 45 39 22 131 21 110 37 21 24 76 121 20
leaf_count=589 56 4284 31 23 38 44 157 49 30 82 50 38 20 41 34 21 115 135 45 39 22 131 21 110 37 21 24 76 121 20
internal_value=2.19226e-08 -0.453192 -8.7393 -4.45252 -9.17046 -0.790193 1.00024 -2.20438 2.83358 1.03261 -12.8914 5.08264 11.7884 19.9969 36.0575 -5.13175 -0.114376 -8.73233 -22.3329 6.6801 4.59418 -0.878263 13.393 17.9931 11.393 17.8752 8.46117 15.7334 -1.21474 10.6367
internal_weight=6504 4476 192 161 138 100 2028 738 1290 1074 242 832 216 215 75 212 617 218 83 196 399 246 153 131 140 103 149 100 191 70
internal_count=6504 4476 192 161 138 100 2028 738 1290 1074 242 832 216 215 75 212 617 218 83 196 399 246 153 131 140 103 149 100 191 70
cat_boundaries=0 1 2 3 4
cat_threshold=2 2 1 4
is_linear=0
shrinkage=0.05


Tree=154
num_leaves=31
num_cat=2
split_feature=3 2 5 6 1 3 0 5 5 0 5 7 5 0 3 2 9 1 3 2 4 9 1 1 2 1 1 1 1 4
split_gain=1.17017e+06 3.77503e+06 3.62813e+06 2.68048e+06 2.38648e+06 3.71144e+06 1.37122e+06 6.35639e+06 4.80794e+06 4.42452e+06 1.87498e+06 1.58862e+06 8.99015e+06 1.50591e+07 1.05219e+07 5.84155e+06 8.47909e+06 9.19697e+06 8.35138e+06 7.37568e+06 6.26767e+06 6.18711e+06 1.12979e+07 4.88407e+06 4.65819e+06 5.63512e+06 5.04946e+06 6.57939e+06 4.91347e+06 4.65117e+06
threshold=9447.6797004382988 20574.646844833343 -0.78656609248549325 0 19831.041666666668 6588.6173625935926 42890.444056500004 -0.9159756150367534 -0.70710678118654757 43312.049806833333 -0.98296291314453399 1 -0.37940952255126015 60518.27442637999 16994.693249211672 36251.86903283334 1.5000000000000002 19611.112500000003 20314.289634861907 33785.58561383334 0.37940952255126054 5.5000000000000009 18816.562500000004 18157.095833333336 39029.125370806076 19170.850000000002 17501.095833333336 20421.645833333339 21887.366666666672 -0.25881904510252113
decision_type=2 2 2 1 2 2 2 2 2 2 2 1 2 2 2 2 2 2 2 2 2 2 2 2 2 2 2 2 2 2
left_child=2 -2 3 -1 5 -5 7 10 -9 -8 -3 12 13 14 29 19 17 -17 -19 21 24 22 23 -14 25 -18 -26 -28 -29 -11
right_child=1 6 -4 4 -6 -7 9 8 -10 11 -12 -13 15 -15 -16 16 20 18 -20 -21 -22 -23 -24 -25 26 -27 27 28 -30 -31
leaf_value=14.108765833718437 -16.721058820275697 30.837650324702267 19.589896845048475 9.1974294247834578 11.466784704299201 -14.85429600769619 -20.690112986931435 -20.169567812340603 11.065607891299509 18.165423227706047 10.474496430617114 0.27358648426451754 5.2037390375137331 39.542695515950527 -28.158152365684511 35.08393333435059 -14.200136582747749 16.404124965667727 -29.28882323265076 12.595773269756732 -31.643093576431273 -22.551693252237833 24.39299862831831 -26.914003352461194 9.2826360702514652 20.093096836090091 -25.863206797705757 3.2379417057037352 -23.910177097320556 -0.5440893280372191
leaf_weight=28 34 20 31 23 21 53 26 28 22 53 26 5455 20 30 26 20 23 20 20 83 40 41 32 29 21 25 90 50 25 89
leaf_count=28 34 20 31 23 21 53 26 28 22 53 26 5455 20 30 26 20 23 20 20 83 40 41 32 29 21 25 90 50 25 89
internal_value=9.10356e-09 -0.105135 4.27819 0.480889 -3.45293 -7.57548 -0.0156607 5.91443 -6.42609 -0.107216 19.328 -0.0207888 -2.19965 6.91168 1.08471 -5.54666 -9.62463 7.39975 -6.44235 1.09744 -13.3526 -6.7252 1.28574 -13.8047 -10.226 3.66092 -13.8097 -16.7488 -5.81143 6.43904
internal_weight=6504 6348 156 125 97 76 6314 96 50 6218 46 6192 737 198 168 539 334 60 40 205 274 122 81 49 234 48 186 165 75 142
internal_count=6504 6348 156 125 97 76 6314 96 50 6218 46 6192 737 198 168 539 334 60 40 205 274 122 81 49 234 48 186 165 75 142
cat_boundaries=0 1 2
cat_threshold=1 1
is_linear=0
shrinkage=0.05


Tree=155
num_leaves=31
num_cat=5
split_feature=9 5 1 6 1 1 7 3 1 3 3 3 8 1 0 2 2 0 5 3 0 8 7 4 0 1 1 4 3 3
split_gain=1.12888e+06 5.765e+06 6.5753e+06 9.40485e+06 9.92354e+06 8.94368e+06 1.05892e+07 1.35456e+07 1.23496e+07 1.19594e+07 9.82966e+06 9.11492e+06 9.91676e+06 7.94471e+06 7.26258e+06 9.20172e+06 8.30331e+06 7.97615e+06 1.01846e+07 5.64879e+06 5.81791e+06 4.97584e+06 4.89693e+06 4.72487e+06 4.70968e+06 6.11545e+06 4.58968e+06 7.5381e+06 8.28675e+06 9.84345e+06
threshold=2.5000000000000004 0.91597561503675351 17504.437500000004 0 17483.612878787881 19587.054166666672 1 22380.455764279788 18188.416666666668 23389.702318315027 24082.656050551508 24743.287908519629 2 19590.695833333335 71351.251783500033 49145.142846407085 48077.227691166685 72509.063108916671 1.0000000180025095e-35 28322.859494397697 76879.190548928062 3 4 0.78656609248549325 56233.014181298153 18548.237500000007 20602.530681818185 1.0000000180025095e-35 19453.160321201904 23749.951172220768
decision_type=2 2 2 1 2 2 1 2 2 2 2 2 1 2 2 2 2 2 2 2 2 1 1 2 2 2 2 2 2 2
left_child=1 2 3 4 -1 6 7 8 -4 -9 24 -11 -13 -7 15 16 26 -16 19 20 -19 -5 23 -21 -8 -26 27 -15 -29 -30
right_child=-2 -3 5 21 -6 13 10 9 -10 11 -12 12 -14 14 17 -17 -18 18 -20 22 -22 -23 -24 -25 25 -27 -28 28 29 -31
leaf_value=-3.074496105739049 -0.34750543646792642 -7.1922065028236748 60.822533495672815 18.077907034556073 -52.286441879272459 -28.280424715125044 1.7268301808104223 -26.47975690841675 14.268579925809588 43.653889029958975 20.178522196412089 16.377534210240398 -17.501271890710903 20.641044392903648 -35.080208463668825 25.645286576564498 -23.566874369868529 -0.65169641133901246 13.5355514076021 26.887036204338074 -25.558811393380168 -4.3610733292784012 -16.711505155977996 -5.1924278259277346 -36.139959321198646 -0.62683163158256905 -17.097145448412217 -16.829828813340932 19.142078859260284 -6.6218959374214297
leaf_weight=21 5088 177 29 30 20 23 49 20 28 23 40 108 27 75 20 52 27 37 72 24 64 140 23 22 27 22 21 45 83 67
leaf_count=21 5088 177 29 30 20 23 49 20 28 23 40 108 27 75 20 52 27 37 72 24 64 140 23 22 27 22 21 45 83 67
internal_value=-1.31703e-08 1.24866 2.4545 -5.58534 -27.0803 4.1047 10.2848 16.7407 37.9539 9.94766 -0.708794 14.5587 9.60177 0.585329 1.63582 6.14614 2.9576 -4.7337 -2.22573 -8.90109 -16.4344 -0.401253 2.12595 11.5447 -9.23423 -20.1953 5.41863 7.16986 1.98863 7.63417
internal_weight=6504 1416 1239 211 41 1028 373 235 57 178 138 158 135 655 632 370 318 262 242 170 101 170 69 46 98 49 291 270 195 150
internal_count=6504 1416 1239 211 41 1028 373 235 57 178 138 158 135 655 632 370 318 262 242 170 101 170 69 46 98 49 291 270 195 150
cat_boundaries=0 1 2 3 4 5
cat_threshold=1 4 4 1 4
is_linear=0
shrinkage=0.05


Tree=156
num_leaves=31
num_cat=0
split_feature=3 5 0 4 9 9 3 5 5 0 3 1 2 5 3 3 3 2 1 1 2 3 1 1 1 3 3 1 4 2
split_gain=1.14899e+06 5.96678e+06 5.73345e+06 9.21804e+06 5.31957e+06 2.26778e+07 2.34534e+07 1.02343e+07 8.91532e+06 1.16769e+07 2.18993e+07 1.12761e+07 8.36536e+06 1.68321e+07 6.51862e+06 1.29049e+07 9.64764e+06 7.94957e+06 6.87522e+06 6.39267e+06 6.11371e+06 7.25161e+06 6.10199e+06 7.52711e+06 1.19234e+07 2.50192e+07 1.35006e+07 1.06939e+07 7.11498e+06 1.1237e+07
threshold=19780.655842890224 -0.98296291314453399 65350.315839364404 -0.91597561503675329 4.5000000000000009 3.5000000000000004 21651.008289658188 0.91597561503675351 0.78656609248549303 61352.551396128059 20129.212056289016 19226.379166666669 47503.149048551633 -0.5 23482.126532906303 22224.406675165923 21352.320186235022 44844.408808683416 17512.470833333336 19222.716287878793 42192.957115708341 20789.29974032475 19614.333333333339 18537.133333333335 17679.104166666668 24693.414404309813 21874.847449542594 18543.879166666669 -0.78656609248549303 41044.07014635302
decision_type=2 2 2 2 2 2 2 2 2 2 2 2 2 2 2 2 2 2 2 2 2 2 2 2 2 2 2 2 2 2
left_child=2 -2 -1 -4 5 7 8 22 9 10 -7 -12 13 -11 15 16 18 -16 -9 -15 21 -10 23 24 28 26 -26 -25 -3 -30
right_child=1 4 3 -5 -6 6 -8 14 20 12 11 -13 -14 19 17 -17 -18 -19 -20 -21 -22 -23 -24 27 25 -27 -28 -29 29 -31
leaf_value=0.4294339904799544 -11.80631293162965 13.079633654566374 0.99215679602189499 38.543483822162337 1.5036779478819449 8.0894515817815602 -48.577303214506671 -45.780468788146976 10.537246554427677 -30.253682608831497 -26.318476009368897 -78.192194366455084 -22.511909575689408 5.9718597412109382 26.062732006254652 -51.005069144566853 11.833250179141761 -7.4142695719735672 -4.8185365949358259 45.029799871444709 27.940721929640997 -25.404403985064963 -10.170999345856329 30.631227404572243 -11.141144756837326 20.808716979980471 -63.481980487278534 4.8635482532482763 17.467344377751939 -7.4089042317172344
leaf_weight=2478 114 102 44 26 2091 22 44 20 36 21 20 22 42 22 21 24 32 114 21 20 21 23 93 43 22 25 28 633 57 223
leaf_count=2478 114 102 44 26 2091 22 44 20 36 21 20 22 42 22 21 24 32 114 21 20 21 23 93 43 22 25 28 633 57 223
internal_value=-2.00439e-08 -0.533348 0.82807 14.9398 -0.198856 -2.23198 -14.9252 0.318857 -8.97866 -15.4881 -32.3223 -53.4904 -5.22715 6.29603 -9.31106 -19.1985 -8.74157 -2.20674 -24.8 24.5709 4.77243 -3.47391 2.14116 3.15178 -1.80483 -20.0318 -40.452 6.50262 1.77376 -2.34481
internal_weight=6504 3956 2548 70 3842 1751 293 1458 249 169 64 42 105 63 232 97 73 135 41 42 80 59 1226 1133 457 75 50 676 382 280
internal_count=6504 3956 2548 70 3842 1751 293 1458 249 169 64 42 105 63 232 97 73 135 41 42 80 59 1226 1133 457 75 50 676 382 280
is_linear=0
shrinkage=0.05


Tree=157
num_leaves=31
num_cat=6
split_feature=3 1 1 1 7 6 3 4 3 3 7 4 1 6 0 5 1 7 9 7 3 1 1 1 2 1 0 0 3 4
split_gain=1.09435e+06 1.26934e+06 2.34501e+07 9.09278e+06 1.99613e+07 1.22396e+07 7.11173e+06 1.15244e+07 6.81492e+06 6.80584e+06 7.60145e+06 1.75444e+07 1.26982e+07 1.01074e+07 1.00111e+07 8.74749e+06 7.35528e+06 6.82684e+06 6.62133e+06 6.17029e+06 5.83892e+06 8.42462e+06 8.9945e+06 5.13873e+06 5.00644e+06 6.61334e+06 5.56262e+06 3.48365e+06 3.40446e+06 3.27604e+06
threshold=30908.467491710664 17679.104166666668 17751.417424242427 17509.145833333339 0 1 22031.539729966524 0.12940952255126045 19750.358280652104 23926.064530930329 2 -1.0000000180025095e-35 17406.837500000005 3 58002.819306598416 0.78656609248549303 17483.612878787881 4 2.5000000000000004 5 22925.486291134552 17494.979166666668 17501.095833333336 17493.779166666667 35104.966121208352 17494.979166666668 40543.413127000014 56996.029021684248 15978.981661856824 -0.78656609248549303
decision_type=2 2 2 2 1 1 2 2 2 2 1 2 2 1 2 2 2 1 2 1 2 2 2 2 2 2 2 2 2 2
left_child=1 3 -3 5 27 8 7 -6 24 10 14 13 18 -12 -7 19 -15 -11 -13 -14 23 -22 -23 -16 26 -26 -1 -5 -21 -18
right_child=-2 2 -4 4 6 9 -8 -9 -10 17 11 12 15 16 20 -17 29 -19 -20 28 21 22 -24 -25 25 -27 -28 -29 -30 -31
leaf_value=-3.0973982162475586 -10.440979370117189 -47.611695421659029 -0.016147976403558958 -1.2078284119114731 16.69513183985001 30.473793933266087 6.0160476807625072 57.537877667334776 -36.98286909880462 -2.308426808008627 -8.4083867311477665 -9.4787294819241481 2.2206827054152618 6.3489541349872471 12.215474323034286 -47.225599199533463 52.422382500058134 -32.065247867418371 28.965707397460939 -12.477599974473318 -4.2793858327363665 46.526253567801582 3.9764220859693449 -20.092476558685306 -17.635186836936256 19.295329885129576 -36.451920669555669 -26.894066654552116 -40.04431008157276 25.380593550205234
leaf_weight=25 25 26 5573 33 39 57 31 31 27 119 32 21 37 31 20 24 21 23 24 24 38 27 23 32 22 27 25 22 21 24
leaf_count=25 25 26 5573 33 39 57 31 31 27 119 32 21 37 31 20 24 21 23 24 24 38 27 23 32 22 27 25 22 21 24
internal_value=2.21364e-08 0.0402878 -0.237167 1.80559 12.7548 -0.553636 25.9533 34.7826 -14.7164 2.4305 5.40711 -0.22303 -11.2286 15.1644 12.8092 -20.6759 25.0898 -7.12819 11.025 -12.9052 5.61714 13.4665 26.9533 -7.66634 -8.64377 2.71428 -19.7747 -11.4823 -25.3421 38.0001
internal_weight=6504 6479 5599 880 156 724 101 70 126 598 456 259 151 108 197 106 76 142 45 82 140 88 50 52 99 49 50 55 45 45
internal_count=6504 6479 5599 880 156 724 101 70 126 598 456 259 151 108 197 106 76 142 45 82 140 88 50 52 99 49 50 55 45 45
cat_boundaries=0 1 2 3 4 5 6
cat_threshold=2 1 4 4 4 2
is_linear=0
shrinkage=0.05


Tree=158
num_leaves=31
num_cat=2
split_feature=3 2 5 6 1 3 0 5 5 0 1 7 5 0 3 2 9 1 3 2 4 9 1 1 2 1 1 1 1 1
split_gain=1.02316e+06 3.31299e+06 3.21123e+06 2.39974e+06 2.15702e+06 3.32199e+06 1.29646e+06 5.7024e+06 4.29261e+06 4.11894e+06 1.88457e+06 1.49937e+06 7.85977e+06 1.33377e+07 9.30658e+06 5.3315e+06 7.64597e+06 8.00871e+06 7.37204e+06 6.74426e+06 5.81697e+06 5.5404e+06 1.02785e+07 4.30514e+06 4.21608e+06 5.09276e+06 4.26135e+06 5.77295e+06 4.41572e+06 4.62461e+06
threshold=9447.6797004382988 20574.646844833343 -0.78656609248549325 0 19831.041666666668 6588.6173625935926 42890.444056500004 -0.9159756150367534 -0.70710678118654757 43312.049806833333 19217.645833333339 1 -0.37940952255126015 60518.27442637999 16994.693249211672 36337.579297166667 1.5000000000000002 19611.112500000003 20314.289634861907 33785.58561383334 0.37940952255126054 5.5000000000000009 18816.562500000004 18157.095833333336 39029.125370806076 19170.850000000002 17501.095833333336 20421.645833333339 21887.366666666672 20732.300000000007
decision_type=2 2 2 1 2 2 2 2 2 2 2 1 2 2 2 2 2 2 2 2 2 2 2 2 2 2 2 2 2 2
left_child=2 -2 3 -1 5 -5 7 10 -9 -8 -3 12 13 14 -11 19 17 -17 -19 21 24 22 23 -14 25 -18 -26 -28 29 -29
right_child=1 6 -4 4 -6 -7 9 8 -10 11 -12 -13 15 -15 -16 16 20 18 -20 -21 -22 -23 -24 -25 26 -27 27 28 -30 -31
leaf_value=13.322444343566895 -15.66422571294448 27.732003717422486 18.405591317146058 8.6550149171248716 10.890156818571546 -14.09983998064725 -19.962906243250924 -18.922865990230019 10.590965032577515 5.9341886406213469 7.4142612366449274 0.2658615544700601 4.5825970268249518 37.091803805033372 -26.603652176490201 32.81736313819885 -13.518169104534648 15.531601171493532 -27.3986847782135 11.959029450870696 -30.607254034433613 -21.427397686097681 23.170059700310233 -25.571592011945 8.0545350965999418 19.083004172444344 -24.396865366299949 -9.9753039294275752 -22.771669212341308 20.834129932948525
leaf_weight=28 34 25 31 23 21 53 26 28 22 142 21 5455 20 30 26 20 23 20 20 84 39 41 32 29 21 25 90 29 25 21
leaf_count=28 34 25 31 23 21 53 26 28 22 142 21 5455 20 30 26 20 23 20 20 84 39 41 32 29 21 25 90 29 25 21
internal_value=3.493e-08 -0.0983095 4.00044 0.427964 -3.29415 -7.2135 -0.0144892 5.75167 -5.93678 -0.103513 18.4565 -0.0201244 -2.13689 6.38239 0.89857 -5.26642 -9.17763 6.98343 -5.93354 1.05608 -12.7295 -6.45087 1.12985 -13.2638 -9.74989 3.46161 -13.1593 -15.8593 -5.61412 2.96466
internal_weight=6504 6348 156 125 97 76 6314 96 50 6218 46 6192 737 198 168 539 333 60 40 206 273 122 81 49 234 48 186 165 75 50
internal_count=6504 6348 156 125 97 76 6314 96 50 6218 46 6192 737 198 168 539 333 60 40 206 273 122 81 49 234 48 186 165 75 50
cat_boundaries=0 1 2
cat_threshold=1 1
is_linear=0
shrinkage=0.05


Tree=159
num_leaves=31
num_cat=3
split_feature=3 1 1 1 9 4 2 8 4 1 1 5 8 0 5 5 3 1 3 3 3 9 2 0 3 2 1 7 1 3
split_gain=1.01066e+06 4.33432e+06 1.08011e+07 3.46686e+07 1.13197e+07 8.93895e+06 6.45903e+06 6.43554e+06 7.44508e+06 6.91305e+06 5.80829e+06 5.6021e+06 5.38638e+06 4.63097e+06 4.55016e+06 7.23867e+06 4.49974e+06 1.51288e+07 7.15419e+06 4.40901e+06 4.26823e+06 1.1482e+07 7.83058e+06 5.47295e+06 4.02629e+06 3.94123e+06 3.89283e+06 4.98088e+06 4.93152e+06 9.83461e+06
threshold=23602.413946675308 17494.979166666668 18816.562500000004 19434.437500000004 2.5000000000000004 -1.0000000180025095e-35 50550.011112000015 0 -0.78656609248549303 19587.054166666672 17483.612878787881 -0.5 1 65660.297655000002 0.78656609248549303 -0.12940952255126037 27154.17016125553 19611.895833333336 26626.813042387497 25261.669647419763 23336.472018454922 3.5000000000000004 49284.059872751226 64159.839990803775 23749.951172220768 60338.486673932101 19607.187500000004 2 20007.720833333336 27154.17016125553
decision_type=2 2 2 2 2 2 2 1 2 2 2 2 1 2 2 2 2 2 2 2 2 2 2 2 2 2 2 1 2 2
left_child=20 10 4 -4 5 -3 -7 9 -9 19 11 -2 14 -11 15 -6 18 -18 -10 -5 -1 23 -23 -22 -15 -19 27 -26 29 -28
right_child=1 2 3 7 12 6 -8 8 16 13 -12 -13 -14 24 -16 -17 17 25 -20 -21 21 22 -24 -25 26 -27 28 -29 -30 -31
leaf_value=0.14141033568980285 -24.569100212802493 38.830712214383219 -65.665034076145716 31.576339958190921 -1.5633696844411453 24.69686209699687 -6.8597296037981597 6.4081059971371221 -12.023169227941146 -10.697753131151201 -30.72510487591779 3.9466157975744025 22.087254123687746 -20.086038680698564 11.976811508337658 -36.825654185901989 34.255375744047619 -33.847444295287133 -42.542398279363461 7.2043974749743942 46.965689086914068 12.248132789836212 -21.942560747897986 14.651886021463495 -9.7383087376473654 -2.4578289794921879 21.06833281180133 11.826275009458715 0.59059732717069446 -4.0077822173342987
leaf_weight=4529 24 44 21 25 43 34 31 74 151 100 27 61 20 23 24 22 21 20 22 72 20 34 33 38 142 20 92 33 636 68
leaf_count=4529 24 44 21 25 43 34 31 74 151 100 27 61 20 23 24 22 21 20 22 72 20 34 33 38 142 20 92 33 636 68
internal_value=3.28747e-08 -0.988575 -0.374207 -1.86695 10.0339 21.4275 9.6468 -0.973181 -7.4155 0.692843 -10.5223 -4.10488 -1.35964 -0.441453 -6.6286 -13.4983 -11.7871 -0.110534 -15.9042 13.4858 0.392966 9.50734 -4.59206 25.7946 0.590368 -18.1526 1.08013 -5.67184 2.56454 10.411
internal_weight=6504 1850 1738 1520 218 109 65 1499 308 1191 112 85 109 1094 89 65 234 61 173 97 4654 125 67 58 994 40 971 175 796 160
internal_count=6504 1850 1738 1520 218 109 65 1499 308 1191 112 85 109 1094 89 65 234 61 173 97 4654 125 67 58 994 40 971 175 796 160
cat_boundaries=0 1 2 3
cat_threshold=4 4 4
is_linear=0
shrinkage=0.05


Tree=160
num_leaves=31
num_cat=2
split_feature=3 1 2 5 1 2 2 2 1 9 2 0 9 1 9 9 1 3 5 0 4 8 0 8 3 0 0 0 9 9
split_gain=994900 3.06521e+06 4.78196e+06 3.89394e+06 2.78898e+06 2.07794e+06 5.40601e+06 3.08491e+06 2.36503e+06 1.3772e+06 2.78964e+06 1.82676e+06 1.5739e+06 1.34684e+06 1.73582e+07 7.55471e+06 4.61473e+06 5.42882e+06 4.0749e+06 4.92787e+06 3.84258e+06 3.73145e+06 2.50272e+06 2.33821e+06 2.0599e+06 2.33897e+06 1.8326e+06 2.62164e+06 1.69089e+06 1.56779e+06
threshold=28608.4605494977 21965.104166666668 65847.304557000025 -0.37940952255126015 21445.600000000002 63396.015681308905 62703.365406165824 63868.49300740561 20091.895833333336 7.5000000000000009 60338.486673932101 81868.543435204163 1.5000000000000002 17483.612878787881 3.5000000000000004 2.5000000000000004 17491.069318181821 22272.336827037605 0.1294095225512602 62013.158172333344 0.37940952255126054 0 58534.263873850148 1 8399.1068652846079 37687.857399636378 39539.52726475001 40543.413127000014 4.5000000000000009 3.5000000000000004
decision_type=2 2 2 2 2 2 2 2 2 2 2 2 2 2 2 2 2 2 2 2 2 1 2 1 2 2 2 2 2 2
left_child=5 2 3 9 -4 6 13 -7 -9 10 -2 -12 -13 14 15 18 17 -15 20 22 23 -17 -20 -1 -18 -26 28 -28 -27 -29
right_child=1 -3 4 -5 -6 7 -8 8 -10 -11 11 12 -14 16 -16 21 24 -19 19 -21 -22 -23 -24 -25 25 26 27 29 -30 -31
leaf_value=-4.9168358464394855 -28.674261874244326 -18.085711854298911 18.704491334389417 12.058355074882508 -1.770115197938064 23.9938816243952 -21.15730633576711 -8.9617598851521816 10.500620877259486 -0.74206962585449221 4.0477527596733784 -22.14736720275879 -4.576746315222521 -2.0904696717858315 -30.088880804813272 39.738101212183636 8.1177074278457262 -35.297822799682613 11.099294991493226 -2.4237866848707199 -16.881119324266912 13.287271183331809 35.813319033668158 15.4152403317965 -16.667636167435418 19.580460457179857 -17.662670090084983 -1.2262149527538622 -0.043221373785109748 0.58387614465317439
leaf_weight=31 21 30 39 25 29 22 30 27 37 33 22 25 26 32 33 24 79 20 20 32 34 30 21 26 21 23 21 1715 21 3955
leaf_count=31 21 30 39 25 29 22 30 27 37 33 22 25 26 32 33 24 79 20 20 32 34 30 21 26 21 23 21 1715 21 3955
internal_value=-2.96869e-08 -3.09299 -1.04853 -5.97907 9.97267 0.12364 0.0160224 7.8421 2.28993 -9.52974 -12.6148 -7.99492 -13.1898 0.119509 3.70645 8.82226 -0.0334253 -14.8625 3.48122 12.2809 -3.57784 25.0432 23.7577 4.35744 0.0987278 -0.0113311 0.0496597 -0.0289307 10.2146 0.0363795
internal_weight=6504 250 220 152 68 6254 6168 86 64 127 94 73 51 6138 251 218 5887 52 164 73 91 54 41 57 5835 5756 5735 5691 44 5670
internal_count=6504 250 220 152 68 6254 6168 86 64 127 94 73 51 6138 251 218 5887 52 164 73 91 54 41 57 5835 5756 5735 5691 44 5670
cat_boundaries=0 1 2
cat_threshold=4 4
is_linear=0
shrinkage=0.05


Tree=161
num_leaves=31
num_cat=5
split_feature=3 1 1 1 7 6 3 4 3 4 6 7 0 7 9 9 1 3 1 3 3 0 5 2 1 3 0 1 3 1
split_gain=1.00778e+06 1.15416e+06 2.12934e+07 8.17319e+06 1.79178e+07 1.11531e+07 6.66444e+06 1.02467e+07 6.30336e+06 6.2239e+06 1.32867e+07 1.0243e+07 1.44242e+07 8.48709e+06 7.49857e+06 7.33679e+06 1.67726e+07 1.27977e+07 6.61729e+06 5.5694e+06 1.57495e+07 2.0511e+07 3.96584e+06 3.74104e+06 5.79835e+06 5.00313e+06 3.15434e+06 2.69342e+06 3.46426e+06 3.6198e+06
threshold=30908.467491710664 17679.104166666668 17751.417424242427 17509.145833333339 0 1 22031.539729966524 0.12940952255126045 20041.714912913416 -0.37940952255126059 2 3 54119.268705382616 4 2.5000000000000004 2.5000000000000004 17483.612878787881 23686.369670335695 17406.837500000005 17989.580444969844 21317.322463603134 60518.27442637999 0.25881904510252057 35104.966121208352 17494.979166666668 11664.542168402599 56996.029021684248 17501.095833333336 24195.693601173767 17495.937500000004
decision_type=2 2 2 2 1 1 2 2 2 2 1 1 2 1 2 2 2 2 2 2 2 2 2 2 2 2 2 2 2 2
left_child=1 3 -3 5 26 8 7 -6 23 10 13 12 -11 27 -12 16 18 19 -13 -17 -21 -22 -19 25 -25 -1 -5 28 29 -7
right_child=-2 2 -4 4 6 9 -8 -9 -10 11 14 15 -14 -15 -16 17 -18 22 -20 20 21 -23 -24 24 -26 -27 -28 -29 -30 -31
leaf_value=-5.4723693716114967 -10.019491485595704 -45.369396209716797 -0.015295466854459783 -1.083435156851104 16.099178480490661 9.4082888465661281 5.3073165893554695 54.611411445371566 -39.041013735816591 -5.0161307245492939 8.1918392753601079 -7.3272996655965263 -52.771851784842355 -19.127858207100317 44.045288297108243 40.421371161419415 -47.614320015907289 0.65057595081818409 22.18919468181474 -12.808360195159914 51.585310870722722 -6.048183454000033 -24.860289001464846 -19.183673195216965 13.729108984023334 -37.517886134556363 -25.525483894348145 -7.7814727089621805 -5.8504745483398439 33.230229412991065
leaf_weight=29 25 26 5573 33 39 52 31 31 21 64 25 59 21 38 35 23 21 39 28 37 38 26 25 23 32 21 22 22 22 23
leaf_count=29 25 26 5573 33 39 52 31 31 21 64 25 59 21 38 35 23 21 39 28 37 38 26 25 23 32 21 22 22 22 23
internal_value=-1.57961e-08 0.0386614 -0.225906 1.72197 12.1028 -0.514781 24.6074 33.1546 -14.0344 2.33382 9.09284 -1.5158 -16.8146 1.44436 29.1064 2.87744 -7.50846 8.84381 2.17226 18.2159 13.1592 28.1717 -9.31461 -9.03302 -0.0344181 -18.9315 -10.8603 8.01364 11.596 16.7137
internal_weight=6504 6479 5599 880 156 724 101 70 126 598 217 381 85 157 60 296 108 188 87 124 101 64 64 105 55 50 55 119 97 75
internal_count=6504 6479 5599 880 156 724 101 70 126 598 217 381 85 157 60 296 108 188 87 124 101 64 64 105 55 50 55 119 97 75
cat_boundaries=0 1 2 3 4 5
cat_threshold=2 1 4 1 4
is_linear=0
shrinkage=0.05


Tree=162
num_leaves=31
num_cat=3
split_feature=9 5 4 3 1 1 1 8 3 1 3 0 7 1 3 1 5 8 3 3 5 3 1 1 0 1 0 1 3 1
split_gain=1.00232e+06 5.41556e+06 9.98226e+06 7.78691e+06 5.16901e+06 1.16069e+07 8.76431e+06 7.04093e+06 5.5638e+06 4.36138e+06 1.39705e+07 1.2128e+07 8.81252e+06 9.93093e+06 1.18763e+07 7.58276e+06 9.07764e+06 7.30287e+06 5.76057e+06 8.94541e+06 8.19141e+06 6.08582e+06 5.74861e+06 8.41409e+06 9.34977e+06 7.30892e+06 5.59162e+06 5.56611e+06 5.43148e+06 5.39553e+06
threshold=2.5000000000000004 -0.70710678118654757 1.0000000180025095e-35 16777.896053797496 20602.530681818185 19785.258333333335 19614.333333333339 0 24082.656050551508 18690.645833333336 20168.005754415968 60904.192126833346 1 17515.808333333338 19989.367311169004 19600.241666666669 0.78656609248549303 2 23105.948963543899 27451.273072404285 0.1294095225512602 28608.4605494977 17507.070833333339 18157.095833333336 61042.454143363087 17483.612878787881 66617.101337621265 18557.520833333336 25638.695520840254 19577.379166666669
decision_type=2 2 2 2 2 2 2 1 2 2 2 2 1 2 2 2 2 1 2 2 2 2 2 2 2 2 2 2 2 2
left_child=1 2 -1 -3 5 6 9 -7 -8 12 -11 -12 13 14 -5 16 17 -13 26 -20 21 -21 25 24 -24 -14 -17 -25 -29 -18
right_child=-2 3 -4 4 -6 7 8 -9 -10 10 11 15 22 -15 -16 18 29 -19 19 20 -22 -23 23 27 -26 -27 -28 28 -30 -31
leaf_value=14.928547647174469 -0.32744720583626385 -23.465322817696467 -1.8638551364510747 2.2682433821938255 -23.242849694127624 42.658522277832034 -36.309151401886574 6.7302894528706876 -6.1278228437578361 -31.369262770602582 36.381641249223193 -27.710392623394728 9.6908075468106709 18.857607843478522 -40.48171678557992 3.3974348143295003 -8.1429346499235731 2.4618613481521607 -6.5525342352438294 -17.467846565246585 40.40397134260698 18.922123004551288 6.876493552879051 -16.125828214125203 45.152642548389927 -16.548280776174447 36.566739145914717 -3.1476822872161865 28.916339983258929 -40.105319887591946
leaf_weight=177 5088 36 177 33 23 25 26 30 37 38 22 24 88 24 32 27 23 122 149 20 22 27 27 22 39 38 24 25 28 31
leaf_count=177 5088 36 177 33 23 25 26 30 37 38 22 24 88 24 32 27 23 122 149 20 22 27 27 22 39 38 24 25 28 31
internal_value=1.50529e-08 1.17659 6.53235 -0.608662 0.193326 0.730746 -0.564803 23.0613 -18.5836 0.717891 -2.16155 0.0989287 4.99661 -8.62899 -18.7779 -1.60303 -8.97627 -2.49796 3.87893 0.339909 15.2236 3.43703 9.53847 16.4739 29.4942 1.77743 19.0065 5.01596 13.7918 -26.4917
internal_weight=6504 1416 354 1062 1026 1003 948 55 63 885 529 491 356 89 65 469 200 146 269 218 69 47 267 141 66 126 51 75 53 54
internal_count=6504 1416 354 1062 1026 1003 948 55 63 885 529 491 356 89 65 469 200 146 269 218 69 47 267 141 66 126 51 75 53 54
cat_boundaries=0 1 2 3
cat_threshold=4 2 1
is_linear=0
shrinkage=0.05


Tree=163
num_leaves=31
num_cat=5
split_feature=3 1 1 1 7 6 3 4 3 3 7 4 0 9 6 1 1 3 0 0 3 7 5 1 3 3 0 0 3 1
split_gain=970499 1.0281e+06 1.92836e+07 6.9731e+06 1.5288e+07 1.00688e+07 6.40626e+06 9.28286e+06 5.89089e+06 5.58384e+06 6.02208e+06 1.50248e+07 1.59036e+07 7.55081e+06 2.38143e+07 1.11288e+07 8.32563e+06 1.05193e+07 1.15125e+07 9.11385e+06 6.69461e+06 5.27895e+06 5.26425e+06 4.76886e+06 4.34871e+06 3.64404e+06 3.59614e+06 3.3791e+06 6.32599e+06 3.44354e+06
threshold=30908.467491710664 17679.104166666668 17751.417424242427 17509.145833333339 0 1 22031.539729966524 0.12940952255126045 19750.358280652104 23926.064530930329 2 -0.25881904510252113 53664.030421793403 2.5000000000000004 3 17489.083333333339 17495.937500000004 21317.322463603134 60518.27442637999 58073.060697653818 19708.244062679627 4 0.1294095225512602 17501.933333333338 16696.600854042033 12234.145103318357 59052.443059333353 67035.256491876076 25261.669647419763 17483.612878787881
decision_type=2 2 2 2 1 1 2 2 2 2 1 2 2 2 1 2 2 2 2 2 2 1 2 2 2 2 2 2 2 2
left_child=1 3 -3 5 -5 8 7 -6 24 10 11 26 -13 15 16 -12 19 20 -19 -15 -18 27 -21 -20 25 -1 -7 29 -29 -11
right_child=-2 2 -4 4 6 9 -8 -9 -10 21 13 12 -14 14 -16 -17 17 18 23 22 -22 -23 -24 -25 -26 -27 -28 28 -30 -31
leaf_value=-5.460115373134613 -9.8324393005371107 -43.172015278155989 -0.011336422739284762 -9.9959202610362681 14.912239783849472 35.46691679239273 3.8431223100231544 51.568372714134959 -33.986913158275463 -0.58596343612670898 6.0971071832320272 -4.2926470428216659 -55.671034440994269 20.563551330566408 61.848936176818349 -32.459002780914311 13.824034664154054 49.488967343532678 24.238850843495339 -3.0624877866109212 -24.986878356933595 -28.319396292644996 -35.263379109989515 -7.4978020477294924 4.5690314161635586 -30.937436553955081 5.4830085039138794 18.646842361123941 -10.601895756191679 -28.421127033233645
leaf_weight=32 25 26 5573 55 39 20 31 31 27 25 85 61 20 24 23 24 25 33 29 30 20 23 22 20 42 25 20 38 36 20
leaf_count=32 25 26 5573 55 39 20 31 31 27 25 85 61 20 24 23 24 25 33 29 30 20 23 22 20 42 25 20 38 36 20
internal_value=-9.91303e-09 0.0379396 -0.211761 1.62666 11.2151 -0.43936 22.7657 31.1457 -13.285 2.26724 4.96341 -4.5973 -16.9787 8.41669 13.6299 -2.39231 8.16663 15.9998 26.6598 -4.92294 -3.42526 -6.39089 -16.6859 11.2851 -7.63899 -16.6344 20.475 -2.1526 4.41773 -12.9571
internal_weight=6504 6479 5599 880 156 724 101 70 126 598 456 121 81 335 226 109 203 127 82 76 45 142 52 49 99 57 40 119 74 45
internal_count=6504 6479 5599 880 156 724 101 70 126 598 456 121 81 335 226 109 203 127 82 76 45 142 52 49 99 57 40 119 74 45
cat_boundaries=0 1 2 3 4 5
cat_threshold=2 1 1 4 4
is_linear=0
shrinkage=0.05


Tree=164
num_leaves=31
num_cat=3
split_feature=9 5 4 3 1 1 4 3 7 1 3 5 3 4 3 0 3 1 0 3 3 1 8 4 3 1 1 8 3 1
split_gain=943457 4.81595e+06 8.95979e+06 6.99044e+06 4.79108e+06 1.3326e+07 8.56314e+06 2.46126e+07 6.90147e+06 7.83628e+06 1.05398e+07 6.1553e+06 9.66996e+06 6.94875e+06 6.49192e+06 6.20512e+06 8.1425e+06 1.06161e+07 8.18151e+06 4.44931e+06 8.75505e+06 1.33253e+07 4.42498e+06 1.23248e+07 1.22967e+07 7.84959e+06 1.32702e+07 1.10642e+07 4.3751e+06 4.36193e+06
threshold=2.5000000000000004 -0.70710678118654757 1.0000000180025095e-35 16777.896053797496 19570.983333333337 19600.241666666669 0.37940952255126054 25176.043808424602 0 17515.808333333338 20712.029149726561 0.1294095225512602 27451.273072404285 -0.60355339059327362 20712.029149726561 62342.655843 23533.66011257744 19612.591666666671 82971.065687075767 23749.951172220768 20314.289634861907 19612.591666666671 1 -0.78656609248549303 25112.764903707441 17501.095833333336 17515.808333333338 2 21045.582769170294 17406.837500000005
decision_type=2 2 2 2 2 2 2 2 1 2 2 2 2 2 2 2 2 2 2 2 2 2 1 2 2 2 2 1 2 2
left_child=1 2 29 -3 8 6 7 -6 9 10 -5 15 13 14 -13 -7 17 -17 -18 20 -15 -22 23 -10 -25 28 -27 -28 -24 -1
right_child=-2 3 -4 4 5 11 -8 -9 22 -11 -12 12 -14 19 -16 16 18 -19 -20 -21 21 -23 25 24 -26 26 27 -29 -30 -31
leaf_value=-7.2465097109476737 -0.31768659654032416 -22.198212258021037 -1.7624989652364267 -0.25806419472945369 -71.641916331377899 -32.088752140998842 -1.7087883910825177 -10.084402267106119 29.941918315887449 15.249439989603482 -41.115311785097475 41.005675320625308 37.17566657273666 -23.26253974914551 7.0997705221176153 39.094218382628071 -21.119637984862695 -8.4427218342820805 7.8480960968213216 -9.1317555392781902 35.905492703782187 -6.2793195479955433 -15.620128230487602 -37.065554364522299 12.149099063873292 42.012270650863655 15.192493115508038 -25.100760378837588 7.1958025435967885 17.026512376314553
leaf_weight=21 5088 36 177 38 22 20 62 62 20 26 27 20 23 20 48 23 65 24 39 96 36 39 34 30 22 40 115 20 55 156
leaf_count=21 5088 36 177 38 22 20 62 62 20 26 27 20 23 20 48 23 65 24 39 96 36 39 34 30 22 40 115 20 55 156
internal_value=2.99265e-08 1.14152 6.19208 -0.542003 0.217864 -2.66692 -15.8034 -26.2066 4.26467 -7.94983 -17.2295 1.56692 6.10549 3.34636 17.0721 -5.91774 -2.45138 14.82 -10.2567 -1.54029 6.13109 13.9694 7.57276 -3.41456 -16.244 10.5693 16.7178 9.22312 -1.5204 14.1467
internal_weight=6504 1416 354 1062 1026 599 146 84 427 91 65 453 282 259 68 171 151 47 104 191 95 75 336 72 52 264 175 135 89 177
internal_count=6504 1416 354 1062 1026 599 146 84 427 91 65 453 282 259 68 171 151 47 104 191 95 75 336 72 52 264 175 135 89 177
cat_boundaries=0 1 2 3
cat_threshold=2 1 4
is_linear=0
shrinkage=0.05


Tree=165
num_leaves=31
num_cat=2
split_feature=3 1 2 5 1 2 2 2 1 9 2 0 9 1 9 9 5 0 1 3 4 8 8 0 3 0 0 3 2 3
split_gain=948246 2.72192e+06 4.34555e+06 3.54288e+06 2.46571e+06 1.87413e+06 4.78132e+06 2.79892e+06 2.16008e+06 1.31863e+06 2.4194e+06 1.62638e+06 1.53293e+06 1.29436e+06 1.49203e+07 6.2577e+06 3.67968e+06 4.57464e+06 3.45369e+06 4.13969e+06 3.20554e+06 2.95384e+06 2.27259e+06 2.05395e+06 1.80121e+06 2.15144e+06 1.62821e+06 2.3969e+06 3.89724e+06 3.2503e+06
threshold=28608.4605494977 21965.104166666668 65847.304557000025 -0.37940952255126015 20389.929166666669 63396.015681308905 62703.365406165824 63868.49300740561 20091.895833333336 7.5000000000000009 60338.486673932101 81868.543435204163 1.5000000000000002 17483.612878787881 3.5000000000000004 2.5000000000000004 0.1294095225512602 62013.158172333344 17491.069318181821 22272.336827037605 0.37940952255126054 0 1 58534.263873850148 8399.1068652846079 37687.857399636378 39539.52726475001 12234.145103318357 25066.109309227279 12674.21517154202
decision_type=2 2 2 2 2 2 2 2 2 2 2 2 2 2 2 2 2 2 2 2 2 1 1 2 2 2 2 2 2 2
left_child=5 2 3 9 -4 6 13 -7 -9 10 -2 -12 -13 14 15 16 20 23 19 -15 22 -17 -1 -18 -20 -26 -27 -28 -29 -30
right_child=1 -3 4 -5 -6 7 -8 8 -10 -11 11 12 -14 18 -16 21 17 -19 24 -21 -22 -23 -24 -25 25 26 27 28 29 -31
leaf_value=-5.0893032412375172 -27.154625502086823 -17.147837705612183 23.6570418993632 11.411947084426881 3.0489885842546505 22.835773004185071 -19.893937047322595 -8.5908059190820776 10.009178076563655 -0.58126265785910869 3.4666368051008747 -21.638258491516115 -4.2978520393371582 -1.7097949502989651 -27.700193549647476 36.212549432118735 11.466599378585816 -2.2916097447276118 7.578800903090948 -30.707643361091613 -15.344424626406502 12.678639373779298 14.955418080549974 33.855458650134857 -15.99733311562311 9.6171550875360321 -5.4571775110845033 21.158295249938966 -14.697616009454471 0.17214078578141817
leaf_weight=31 21 30 21 25 47 22 30 27 37 33 22 25 26 32 33 24 20 32 79 20 34 30 26 21 21 44 197 22 37 5435
leaf_count=31 21 30 21 25 47 22 30 27 37 33 22 25 26 32 33 24 20 32 79 20 34 30 26 21 21 44 197 22 37 5435
internal_value=3.47602e-09 -3.0196 -1.09302 -5.79319 9.41324 0.120707 0.0185027 7.45087 2.16231 -9.18003 -12.1987 -7.89636 -12.7981 0.115826 3.6322 8.37517 3.51419 11.8762 -0.0340986 -12.8628 -3.19382 23.1382 4.0539 22.9341 0.0802276 -0.0226889 0.0358059 -0.0382724 0.156035 0.071596
internal_weight=6504 250 220 152 68 6254 6168 86 64 127 94 73 51 6138 251 218 164 73 5887 52 91 54 57 41 5835 5756 5735 5691 5494 5472
internal_count=6504 250 220 152 68 6254 6168 86 64 127 94 73 51 6138 251 218 164 73 5887 52 91 54 57 41 5835 5756 5735 5691 5494 5472
cat_boundaries=0 1 2
cat_threshold=4 4
is_linear=0
shrinkage=0.05


Tree=166
num_leaves=31
num_cat=3
split_feature=3 1 1 1 0 1 3 8 1 3 0 4 1 5 3 3 4 7 9 1 3 9 7 1 4 0 0 1 3 5
split_gain=977732 990822 4.56689e+06 1.05833e+07 1.26374e+07 1.02355e+07 9.98114e+06 8.32671e+06 1.47888e+07 7.45315e+06 7.55304e+06 6.70002e+06 8.53973e+06 6.60404e+06 6.01256e+06 5.75726e+06 6.67576e+06 5.21092e+06 4.67444e+06 4.21242e+06 1.4705e+07 8.23024e+06 6.88962e+06 4.40119e+06 5.63818e+06 6.40776e+06 8.33039e+06 1.66346e+07 1.53267e+07 9.65023e+06
threshold=30908.467491710664 20438.316666666669 20200.775000000005 20102.408333333336 55018.732628166668 20211.433333333338 23438.544449234036 0 20425.750000000004 14942.52297533327 48672.568955916679 -0.60355339059327362 20176.562500000004 0.60355339059327384 20595.376116464529 22337.552080766665 0.60355339059327384 1 6.5000000000000009 20077.850000000006 19027.176112165795 6.5000000000000009 2 19612.591666666671 0.78656609248549325 79609.812060706186 56909.096152439968 19831.041666666668 24373.774939846135 -0.70710678118654757
decision_type=2 2 2 2 2 2 2 1 2 2 2 2 2 2 2 2 2 1 2 2 2 2 1 2 2 2 2 2 2 2
left_child=1 2 3 19 -5 17 11 9 13 10 -7 12 -6 14 -9 16 18 -4 -11 21 -21 23 -23 -1 25 26 29 28 -28 -25
right_child=-2 -3 5 4 6 7 -8 8 -10 15 -12 -13 -14 -15 -16 -17 -18 -19 -20 20 -22 22 -24 24 -26 -27 27 -29 -30 -31
leaf_value=-0.06699430621880037 -9.869013641357423 1.0176363043220691 -40.393102928161625 -10.612079049616444 31.020714891873872 -7.6481779679008159 -9.5753285628098705 45.827102920532234 -18.813562286527535 -18.636679724454879 32.872997084907865 34.243847227749761 -9.5040338076077973 -0.48561527252197267 15.693753415711072 -2.6000896375969145 -3.6313147690336587 -12.435308517456056 -46.045603788466678 18.806807022094727 -36.184119021508003 3.7046037516751138 27.116349891821546 -16.633465795163755 6.3942430517077451 16.820447140648252 -47.473936794544095 8.56497273700578 -4.7920455036741316 13.399342822128872
leaf_weight=3348 25 1846 25 49 26 23 26 25 38 60 23 73 26 35 49 163 59 50 21 20 31 91 48 54 70 21 58 35 33 53
leaf_count=3348 25 1846 25 49 26 23 26 25 38 60 23 73 26 35 49 163 59 50 21 20 31 91 48 54 70 21 58 35 33 53
internal_value=1.24237e-08 0.0380808 -0.352219 0.23635 11.4514 -4.5392 18.6111 -1.93607 8.04598 -6.14054 12.6124 24.4739 10.7583 17.4099 25.8739 -8.98753 -16.4243 -21.7546 -25.7427 -0.344441 -14.619 -0.153414 11.7892 -0.605491 -6.16996 -9.63254 -12.0167 -20.729 -31.9959 -1.7574
internal_weight=6504 6479 4633 4062 200 571 151 496 147 349 46 125 52 109 74 303 140 75 81 3862 51 3811 139 3672 324 254 233 126 91 107
internal_count=6504 6479 4633 4062 200 571 151 496 147 349 46 125 52 109 74 303 140 75 81 3862 51 3811 139 3672 324 254 233 126 91 107
cat_boundaries=0 1 2 3
cat_threshold=4 2 4
is_linear=0
shrinkage=0.05


Tree=167
num_leaves=31
num_cat=3
split_feature=9 1 1 8 5 5 4 2 0 3 3 1 7 1 1 3 3 8 4 1 1 0 9 1 3 1 3 3 3 0
split_gain=925566 4.59455e+06 5.91932e+06 1.22381e+07 7.19378e+06 6.06598e+06 8.78517e+06 8.54523e+06 1.28687e+07 3.09108e+07 5.87415e+06 5.85258e+06 1.0621e+07 1.19369e+07 8.73694e+06 1.27822e+07 1.01401e+07 7.88003e+06 7.07282e+06 9.75067e+06 2.05052e+07 9.73535e+06 7.05143e+06 6.05488e+06 5.36284e+06 5.33844e+06 1.16565e+07 7.0117e+06 5.57219e+06 4.89227e+06
threshold=2.5000000000000004 20602.530681818185 19785.258333333335 0 -0.12940952255126037 -0.70710678118654757 1.0000000180025095e-35 40868.395504912864 56803.847811000007 19892.69927881255 16060.941128441218 18690.645833333336 1 18552.162500000002 19602.145833333339 22610.492374998368 20477.103012560332 2 0.91597561503675362 17507.070833333339 18039.387500000001 74135.130729052587 1.5000000000000002 16749.816666666669 21112.778427910416 19611.895833333336 24373.774939846135 23867.232180293682 27773.305019283547 53838.49388466667
decision_type=2 2 2 1 2 2 2 2 2 2 2 2 1 2 2 2 2 1 2 2 2 2 2 2 2 2 2 2 2 2
left_child=1 2 5 -4 -5 6 -1 8 29 -10 -8 12 18 24 15 -13 -16 -17 19 23 -21 -22 -19 -9 -14 27 -27 -18 -29 -7
right_child=-2 -3 3 4 -6 7 10 11 9 -11 -12 14 13 -15 16 17 25 22 -20 20 21 -23 -24 -25 -26 26 -28 28 -30 -31
leaf_value=14.802820338046912 -0.31466006792484308 -18.22825904627641 39.236682282724693 -22.873739926020306 18.5123109908331 -10.993167054653169 -18.760228804538126 22.090616738796236 -77.325863127274943 1.2700931680613552 3.6471418928912307 -42.506978812584514 -8.8554154120385657 12.511203562778732 27.837393626006872 -26.753607556555007 24.163613590441255 -9.6846064581454385 -8.1381575864904061 59.647691796042707 -8.4814602267357611 36.262557373046882 10.317733801765876 -5.4528913133549244 -43.767116975784305 -36.680984847886222 1.4905682069914681 -6.2203337688072056 15.798634812235832 12.423786469509729
leaf_weight=165 5088 30 31 21 21 54 38 32 22 29 127 26 22 36 37 36 38 103 34 33 31 20 77 53 22 28 70 102 40 38
leaf_count=165 5088 30 31 21 21 54 38 32 22 29 127 26 22 36 37 36 38 103 34 33 31 20 77 53 22 28 70 102 40 38
internal_value=-2.87474e-08 1.13064 1.54967 15.4075 -2.18071 0.779201 6.64474 -1.1899 -12.4886 -32.634 -1.51334 0.73356 6.58872 -8.84115 -2.24132 -9.38579 3.24744 -5.39898 12.6695 16.8556 28.9369 9.06521 -1.12805 4.91643 -26.3113 -0.0253206 -9.41559 5.08716 -0.0178074 -1.32095
internal_weight=6504 1416 1386 73 42 1313 330 983 143 51 165 840 283 80 557 242 315 216 203 169 84 51 180 85 44 278 98 180 142 92
internal_count=6504 1416 1386 73 42 1313 330 983 143 51 165 840 283 80 557 242 315 216 203 169 84 51 180 85 44 278 98 180 142 92
cat_boundaries=0 1 2 3
cat_threshold=4 4 1
is_linear=0
shrinkage=0.05


Tree=168
num_leaves=31
num_cat=2
split_feature=3 0 7 0 1 1 9 8 3 1 1 0 2 1 1 1 9 4 9 1 4 3 9 1 1 2 4 5 1 2
split_gain=965847 4.35835e+06 1.44419e+07 7.47055e+06 6.30198e+06 4.7048e+06 1.34228e+07 9.97909e+06 9.77543e+06 2.44674e+07 9.0433e+06 1.97702e+07 6.1033e+06 9.08055e+06 1.23906e+07 5.53476e+06 4.97865e+06 4.15355e+06 6.79551e+06 1.61702e+07 1.3899e+07 1.34873e+07 9.6299e+06 1.61381e+07 1.7921e+07 9.40828e+06 1.18256e+07 7.4774e+06 1.14545e+07 1.61205e+07
threshold=18502.524601906178 57914.183881627941 0 58534.263873850148 19715.770833333339 19146.212500000005 3.5000000000000004 1 20595.376116464529 19345.729166666672 17507.070833333339 56337.463140666674 35504.457727412933 19261.966666666671 19222.716287878793 19226.379166666669 6.5000000000000009 -0.60355339059327362 3.5000000000000004 17498.425000000003 0.12940952255126045 16889.389546719274 4.5000000000000009 17451.616666666672 19234.579166666674 37375.808857833348 -1.0000000180025095e-35 0.60355339059327384 19223.979166666668 30521.891937416665
decision_type=2 2 1 2 2 2 2 1 2 2 2 2 2 2 2 2 2 2 2 2 2 2 2 2 2 2 2 2 2 2
left_child=17 2 -2 4 -3 6 10 -8 12 -10 -4 -12 13 14 -7 -14 -17 -1 19 -19 21 -21 23 -20 27 26 -24 28 29 -25
right_child=1 3 5 -5 -6 8 7 -9 9 -11 11 -13 15 -15 -16 16 -18 18 22 20 -22 -23 25 24 -26 -27 -28 -29 -30 -31
leaf_value=-3.1863208344986567 -39.027596717045228 23.530167278455153 9.5485526003927568 -0.22226690298051241 -0.19814964883467731 -18.824524879455566 39.746416748894589 -3.6238339356013705 -54.471628509868282 1.4562832459807398 5.7088458344743067 -49.977960082462857 -10.610157203674317 -21.893322689571079 34.241931815580891 21.997546669474822 -3.7489937935556683 11.37419839167999 -28.756006847728386 12.202940964404448 -21.213528300332026 -32.762581689017161 -13.58400796068846 19.575946059226993 -28.263590603783019 16.447046865162097 2.5021893311118664 36.257709192346645 34.570777452909027 -18.982119377647958
leaf_weight=475 29 62 53 3853 51 22 36 21 33 48 37 28 33 63 22 57 28 118 22 81 143 21 137 80 21 95 688 54 52 41
leaf_count=475 29 62 53 3853 51 22 36 21 33 48 37 28 33 63 22 57 28 118 22 81 143 21 137 80 21 95 688 54 52 41
internal_value=-1.15278e-08 -0.410131 -4.76101 0.149362 12.8209 -2.69505 3.84393 23.7679 -6.43466 -21.3292 -5.78036 -18.2793 -1.07264 -9.72053 7.7087 6.76909 13.5163 0.905201 2.15663 -3.83183 -11.1556 2.94533 3.98337 12.2861 15.9269 1.5467 -0.169094 20.015 14.945 6.51082
internal_weight=6504 4476 510 3966 113 481 175 57 306 81 118 65 225 107 44 118 85 2028 1553 363 245 102 1190 270 248 920 825 227 173 121
internal_count=6504 4476 510 3966 113 481 175 57 306 81 118 65 225 107 44 118 85 2028 1553 363 245 102 1190 270 248 920 825 227 173 121
cat_boundaries=0 1 2
cat_threshold=1 4
is_linear=0
shrinkage=0.05


Tree=169
num_leaves=31
num_cat=2
split_feature=3 3 5 5 9 1 1 8 9 9 1 1 1 3 1 1 9 9 2 2 9 8 1 1 1 1 3 0 1 9
split_gain=940780 5.76473e+06 4.80715e+06 5.01011e+06 7.41515e+06 4.87046e+06 6.69896e+06 7.63381e+06 5.7833e+06 5.22617e+06 1.07106e+07 2.95147e+07 1.11033e+07 5.08606e+06 8.51338e+06 4.98784e+06 1.29839e+07 4.14735e+06 4.08341e+06 7.28775e+06 6.17763e+06 8.08792e+06 5.91814e+06 7.26372e+06 1.36925e+07 1.31298e+07 6.93691e+06 2.08425e+07 7.45034e+06 6.53516e+06
threshold=22662.117511438799 22610.492374998368 -0.12940952255126037 -0.5 8.5000000000000018 21309.620833333338 21887.366666666672 0 7.5000000000000009 3.5000000000000004 19730.95416666667 19225.141666666666 20167.237500000003 24610.785403644 20438.316666666669 17498.425000000003 1.5000000000000002 7.5000000000000009 43319.386962000026 44190.380012000001 2.5000000000000004 1 18543.879166666669 19604.341666666671 19577.379166666669 19609.62272727273 21429.229817327363 65453.69474540979 18291.229166666668 2.5000000000000004
decision_type=2 2 2 2 2 2 2 1 2 2 2 2 2 2 2 2 2 2 2 2 2 1 2 2 2 2 2 2 2 2
left_child=1 18 3 4 5 8 -7 17 9 15 11 -11 -12 -14 -15 -2 -17 -8 -1 20 -20 -22 26 24 -24 -25 27 29 -28 -21
right_child=2 -3 -4 -5 -6 6 7 -9 -10 10 12 -13 13 14 -16 16 -18 -19 19 22 21 -23 23 25 -26 -27 28 -29 -30 -31
leaf_value=-0.57643838248242429 -13.743333995800752 24.379839010238648 1.2065373990032822 -9.0267444096113518 23.582570240415379 -19.724650154343571 22.149600613911947 -25.631875306909734 14.81200766881307 0.79838761549729576 28.630825000339087 -71.630295770818535 -30.108245849609375 -12.235735564761692 25.282742618379139 -2.1603789659416153 24.081251305964457 -2.7193509879865143 35.857324407994746 26.352002920423235 -15.068778726032802 15.33407469534874 -4.0232668459415439 39.195599524180096 -46.071970839727499 1.0264123139174088 9.0468698069453239 53.00835263888041 -20.817198722593247 -7.0900207757949829
leaf_weight=3196 39 25 1280 285 29 83 30 22 60 39 27 22 20 54 21 159 67 38 25 21 28 100 248 24 21 368 64 30 31 48
leaf_count=3196 39 25 1280 285 29 83 30 22 60 39 27 22 20 54 21 159 67 38 25 21 28 100 248 24 21 368 64 30 31 48
internal_value=-6.69567e-09 0.441058 -0.819883 -3.42674 -1.17885 -2.2333 -9.47916 -0.0305397 0.234291 -1.71808 -8.21669 -25.3234 0.336682 -7.70481 -1.73056 2.76964 5.61922 8.25225 0.298701 3.07345 13.1236 8.68345 1.27499 -0.978619 -7.30588 3.3633 8.95355 18.2154 -0.698247 3.08799
internal_weight=6504 4229 2275 995 710 681 173 90 508 448 183 61 122 95 75 265 226 68 4204 1008 153 128 855 661 269 392 194 99 95 69
internal_count=6504 4229 2275 995 710 681 173 90 508 448 183 61 122 95 75 265 226 68 4204 1008 153 128 855 661 269 392 194 99 95 69
cat_boundaries=0 1 2
cat_threshold=4 2
is_linear=0
shrinkage=0.05


Tree=170
num_leaves=31
num_cat=7
split_feature=1 1 1 0 8 1 3 3 5 1 3 3 3 0 8 3 1 7 4 5 1 9 7 4 7 1 4 8 6 3
split_gain=936493 4.13563e+06 9.51859e+06 1.13006e+07 9.12379e+06 1.15284e+07 7.17053e+06 6.33539e+06 7.29554e+06 6.10649e+06 8.662e+06 6.74568e+06 6.123e+06 6.37087e+06 5.24608e+06 5.10034e+06 1.00946e+07 4.99482e+06 7.71504e+06 4.22142e+06 3.86306e+06 8.09026e+06 9.73403e+06 8.02087e+06 7.74416e+06 1.57544e+07 1.09245e+07 9.93665e+06 1.11117e+07 1.04506e+07
threshold=20438.316666666669 20200.775000000005 20102.408333333336 50626.154350000303 0 20425.750000000004 23438.544449234036 25176.043808424602 0.60355339059327384 20221.150000000001 14942.52297533327 13760.266708748344 22337.552080766665 61758.219189585936 1 21317.322463603134 20137.350000000002 2 0.60355339059327384 0.1294095225512602 21192.020833333339 8.5000000000000018 3 -1.0000000180025095e-35 4 20669.650000000005 -0.25881904510252113 5 6 17266.213343683274
decision_type=2 2 2 2 1 2 2 2 2 2 2 2 2 2 1 2 2 1 2 2 2 2 1 2 1 2 2 1 1 2
left_child=1 2 -1 -4 9 7 14 8 -6 17 11 -11 13 -12 15 16 -5 -3 -19 -16 21 22 23 -2 27 26 -26 28 29 -23
right_child=20 4 3 6 5 -7 -8 -9 -10 10 12 -13 -14 -15 19 -17 -18 18 -20 -21 -22 24 -24 -25 25 -27 -28 -29 -30 -31
leaf_value=-0.3671101926773841 8.8046301545767953 -33.791369135239549 -22.988407663865523 36.277940346854074 31.119003309283343 -17.764250045073663 -9.2676247816819419 -7.1853780181319626 0.98048445178616428 -2.8501272548328749 -10.315220469236374 36.768194330306279 -1.537961923095488 -39.865186182657879 22.626006121862503 41.062765998840334 -2.2679296377933387 -21.648175124724705 9.4062953058878573 -7.0297401555946895 -1.1594687056766901 -11.615976742335729 5.3264863133761615 45.992103497735386 -12.664482442232279 -0.21868843766283397 -61.151375162033816 11.212842570964028 -25.919965097804862 35.706435279846197
leaf_weight=3879 29 34 22 35 57 38 26 27 31 22 76 21 155 24 21 35 33 60 30 28 998 28 360 29 26 121 21 170 48 20
leaf_count=3879 29 34 22 35 57 38 26 27 31 22 76 21 155 24 21 35 33 60 30 28 998 28 360 29 26 121 21 170 48 20
internal_value=2.8206e-08 -0.378272 0.181337 10.8185 -4.34809 6.11197 14.9968 14.0015 20.502 -8.14048 -4.26066 16.4984 -7.7612 -17.4072 19.1473 25.5542 17.5719 -17.4646 -11.2967 5.67987 0.951611 3.42445 8.38909 27.3984 -1.35717 -9.76141 -34.3288 3.95078 -8.90914 8.10169
internal_weight=6504 4654 4079 200 575 153 178 115 88 422 298 43 255 100 152 103 68 124 90 49 1850 852 418 58 434 168 47 266 96 48
internal_count=6504 4654 4079 200 575 153 178 115 88 422 298 43 255 100 152 103 68 124 90 49 1850 852 418 58 434 168 47 266 96 48
cat_boundaries=0 1 2 3 4 5 6 7
cat_threshold=4 4 2 1 4 2 1
is_linear=0
shrinkage=0.05


Tree=171
num_leaves=31
num_cat=5
split_feature=3 0 0 0 0 0 1 1 3 2 4 7 6 4 7 7 5 1 1 9 3 1 1 0 0 2 8 1 1 1
split_gain=958138 4.22742e+06 8.43509e+06 1.1534e+07 4.70098e+06 9.19236e+06 4.01286e+06 9.97265e+06 4.30375e+06 7.85725e+06 4.64534e+06 5.33022e+06 4.54955e+06 4.53701e+06 1.19215e+07 1.15577e+07 9.66473e+06 8.7091e+06 1.14938e+07 6.29915e+06 6.29012e+06 7.47419e+06 6.64919e+06 5.52193e+06 5.09934e+06 4.45585e+06 5.75519e+06 5.10014e+06 1.49412e+07 8.89631e+06
threshold=18502.524601906178 53838.49388466667 54389.189271580304 54878.250022110042 55143.83724058362 55448.089057333353 22001.545833333337 21734.8125 16626.071712668887 30872.559557621607 0.91597561503675362 0 1 -0.60355339059327362 2 3 0.60355339059327384 18913.854166666675 18516.758333333339 3.5000000000000004 12474.495990638281 20193.854166666672 19221.367803030309 52000.652156390184 57327.910610166669 31745.663660333339 4 19198.104166666672 19234.579166666674 17679.104166666668
decision_type=2 2 2 2 2 2 2 2 2 2 2 1 1 2 1 1 2 2 2 2 2 2 2 2 2 2 1 2 2 2
left_child=6 -2 -3 -4 -5 -6 7 8 10 -10 13 -12 -13 15 16 17 20 18 19 -1 21 -15 -22 -19 -17 -11 -27 29 -29 -28
right_child=1 2 3 4 5 -7 -8 -9 9 25 11 12 -14 14 -16 24 -18 23 -20 -21 22 -23 -24 -25 -26 26 27 28 -30 -31
leaf_value=-32.495995475695686 -15.324979144461611 23.523256840576998 -23.416053917672901 22.380175350023354 -27.413966880306123 -0.08845398922900416 21.667755243052611 -27.948163143793746 25.521310633122923 -17.972895095825194 11.222046653084135 -8.4019255572098963 -32.509870570046559 8.2202705171373154 5.146904385834933 9.6491764160139226 14.072127016129034 -48.150125399502848 29.508201293945316 2.3088075326039244 -46.059265840464633 -27.801971975962324 -11.237550871188825 -18.180563575146248 -16.681328955563632 20.615853071212769 6.5780988724983267 27.96403981080422 1.7565578061181146 -10.876240267676692
leaf_weight=26 47 37 54 23 31 4284 23 30 40 25 23 65 28 36 632 112 31 22 20 26 29 24 26 51 22 46 138 65 333 155
leaf_count=26 47 37 54 23 31 4284 23 30 40 25 23 65 28 36 632 112 31 22 20 26 29 24 26 51 22 46 138 65 333 155
internal_value=-2.59281e-08 -0.408491 -0.250199 -0.450476 -0.164598 -0.284767 0.901581 0.663365 1.09797 3.92072 -0.831989 -10.3301 -15.6602 0.210379 2.17207 -5.25984 -10.7053 -15.0429 -2.70421 -15.0936 -17.3845 -6.18863 -29.5981 -27.2125 5.32626 2.78683 3.49103 2.35102 6.03667 -2.65543
internal_weight=6504 4476 4429 4392 4338 4315 2028 2005 1975 802 1173 116 93 1057 778 279 146 145 72 52 115 60 55 73 134 762 737 691 398 293
internal_count=6504 4476 4429 4392 4338 4315 2028 2005 1975 802 1173 116 93 1057 778 279 146 145 72 52 115 60 55 73 134 762 737 691 398 293
cat_boundaries=0 1 2 3 4 5
cat_threshold=2 2 2 4 1
is_linear=0
shrinkage=0.05


Tree=172
num_leaves=31
num_cat=4
split_feature=9 1 1 5 3 7 4 3 9 5 1 1 1 0 4 1 7 6 1 1 4 8 1 5 3 4 3 3 0 0
split_gain=906775 6.93697e+06 1.2004e+07 8.51631e+06 7.92442e+06 9.06761e+06 6.33038e+06 5.90339e+06 2.27982e+07 2.68661e+07 1.36751e+07 2.32916e+07 2.34553e+07 1.43105e+07 2.2739e+07 1.35797e+07 3.10324e+07 1.59401e+07 1.32081e+07 1.2035e+07 1.3055e+07 1.83748e+07 1.66077e+07 1.18241e+07 1.11858e+07 1.11646e+07 1.0833e+07 9.7733e+06 9.42976e+06 8.85867e+06
threshold=4.5000000000000009 18315.529166666674 18157.095833333336 0.25881904510252057 23105.948963543899 0 0.60355339059327384 19780.655842890224 3.5000000000000004 -0.70710678118654757 18560.691666666669 19236.020833333336 19605.335606060613 60647.829716333341 0.37940952255126054 17679.104166666668 1 2 18543.879166666669 19223.979166666668 0.91597561503675362 3 18913.854166666675 -0.78656609248549325 21317.322463603134 -0.37940952255126059 9725.5047294310389 16696.600854042033 58279.807229810242 47480.638253416662
decision_type=2 2 2 2 2 1 2 2 2 2 2 2 2 2 2 2 1 1 2 2 2 1 2 2 2 2 2 2 2 2
left_child=7 2 4 -4 5 -2 -7 10 -9 -10 15 19 23 14 -14 -1 -17 29 -11 20 21 25 -23 -13 -20 -12 -19 -27 -21 -18
right_child=1 -3 3 -5 -6 6 -8 8 9 18 11 12 13 -15 -16 16 17 26 24 28 -22 22 -24 -25 -26 27 -28 -29 -30 -31
leaf_value=3.0303730326514802 -22.135706119645729 -0.028486440243656243 37.672065067291264 6.2161402567839019 -22.940914878845216 5.1758857844168684 36.252131155262823 0.096451967039477532 -54.908205372578394 25.172590103149417 -16.230786340501574 -5.1153417348861696 14.881741115658782 32.933795432555371 -49.650485525131231 -68.607750667225233 39.585951641627723 13.584998671213786 -6.8558965968020136 24.097919826743045 -26.976256656646729 73.154940087454662 16.601813978307387 -48.437866889105905 -32.121967804842988 -2.6532078981399536 -23.584102048606518 40.357783142089851 62.435384654998785 1.5060278761599746
leaf_weight=412 22 3405 48 39 30 57 23 1498 37 25 45 28 43 39 20 22 21 24 179 81 21 21 34 36 58 28 107 25 20 56
leaf_count=412 22 3405 48 39 30 57 23 1498 37 25 45 28 43 39 20 22 21 24 179 81 21 21 34 36 58 28 107 25 20 56
internal_value=2.104e-08 0.526298 9.15206 23.5711 -0.351428 6.29254 14.1103 -0.662258 -2.41963 -15.0253 2.25372 9.03277 -5.75705 9.13062 -5.60468 -2.40292 -12.1356 -6.16258 -9.393 17.9604 9.99128 15.0653 38.1948 -29.4843 -13.0392 2.08438 -16.7745 17.635 31.6895 11.8915
internal_weight=6504 3624 219 87 132 102 80 2880 1797 299 1083 441 166 102 63 642 230 208 262 275 174 153 55 64 237 98 131 53 101 77
internal_count=6504 3624 219 87 132 102 80 2880 1797 299 1083 441 166 102 63 642 230 208 262 275 174 153 55 64 237 98 131 53 101 77
cat_boundaries=0 1 2 3 4
cat_threshold=1 2 4 4
is_linear=0
shrinkage=0.05


Tree=173
num_leaves=31
num_cat=2
split_feature=8 1 4 1 1 1 5 2 3 9 0 3 0 2 4 9 1 1 1 1 2 4 1 5 1 9 0 6 1 2
split_gain=897151 5.33656e+06 4.62559e+06 4.28581e+06 7.78518e+06 1.01956e+07 7.86439e+06 6.65996e+06 1.12508e+07 6.07339e+06 5.89009e+06 5.28313e+06 5.70454e+06 9.79671e+06 1.3649e+07 8.53876e+06 1.55447e+07 7.28525e+06 1.01782e+07 6.28499e+06 1.34729e+07 8.70477e+06 9.77566e+06 9.36969e+06 1.62046e+07 8.09265e+06 9.0817e+06 8.32658e+06 7.97764e+06 9.19582e+06
threshold=0 22017.554166666672 0.37940952255126054 20176.562500000004 20425.750000000004 20581.299999999999 -0.5 35392.425405153088 19780.655842890224 6.5000000000000009 63837.201095552162 27542.051378997374 58652.020445263166 35104.966121208352 0.91597561503675362 4.5000000000000009 18354.39166666667 17193.595833333336 17494.979166666668 18291.229166666668 50822.729930941772 0.78656609248549325 19194.479166666668 -0.37940952255126015 19558.187500000004 2.5000000000000004 61563.127078166675 1 19602.145833333339 47273.608102308201
decision_type=1 2 2 2 2 2 2 2 2 2 2 2 2 2 2 2 2 2 2 2 2 2 2 2 2 2 2 1 2 2
left_child=-1 3 -3 11 7 6 -6 -5 -9 10 -10 12 13 14 15 16 -2 -14 -19 20 25 22 -21 -24 -25 26 -20 -27 -26 -30
right_child=1 2 -4 4 5 -7 -8 8 9 -11 -12 -13 17 -15 -16 -17 -18 18 19 21 -22 -23 23 24 28 27 -28 -29 29 -31
leaf_value=0.40721929092350362 -4.811218604208932 -28.072668734463782 1.137016545171323 -12.790902744640004 -44.40651565551758 2.4369442367460579 -7.3084340884238488 40.743045192294659 11.905440880003431 18.935435753398473 -26.008444557189947 20.63167640686035 17.343078427160943 7.2042952793934312 -32.380330660343169 -9.6688341118823526 24.852265526266663 -38.739561950683594 -14.084254746210007 -27.038135631879172 37.2625274181366 9.0372873595782703 -22.973534597669328 21.263788743452594 -40.143513793945317 -1.4702833012172156 29.413114193507603 -40.197777441273566 -20.100148415565492 8.6838577851382173
leaf_weight=4392 126 33 23 22 20 512 50 36 21 54 20 25 31 305 40 174 68 25 21 84 24 56 70 55 20 35 28 23 56 55
leaf_count=4392 126 33 23 22 20 512 50 36 21 54 20 25 31 305 40 174 68 25 21 84 24 56 70 55 20 35 28 23 56 55
internal_value=-7.45516e-10 -0.846831 -16.0758 -0.432033 2.6284 -0.0100285 -17.9079 12.6648 16.9398 7.91957 -6.58914 -2.13485 -2.57402 0.42561 -4.64179 -1.62673 5.58629 -6.24251 -7.56707 -6.08829 3.40526 -9.22884 -12.2374 -7.38088 -1.51268 -4.18889 10.7714 -16.8277 -11.0753 -5.8378
internal_weight=6504 2112 56 2056 735 582 70 153 131 95 41 1321 1296 713 408 368 194 583 552 527 131 396 340 256 186 107 49 58 131 111
internal_count=6504 2112 56 2056 735 582 70 153 131 95 41 1321 1296 713 408 368 194 583 552 527 131 396 340 256 186 107 49 58 131 111
cat_boundaries=0 1 2
cat_threshold=4 4
is_linear=0
shrinkage=0.05


Tree=174
num_leaves=31
num_cat=6
split_feature=3 9 1 1 5 3 7 4 3 4 7 1 5 1 5 7 4 7 10 1 1 1 7 1 1 1 1 4 8 1
split_gain=892202 914104 6.34776e+06 1.06462e+07 7.78202e+06 7.2991e+06 7.90283e+06 5.71772e+06 5.45332e+06 1.22996e+07 9.37813e+06 8.47567e+06 8.86593e+06 7.60512e+06 1.1249e+07 7.41121e+06 6.65706e+06 7.53213e+06 7.56116e+06 6.33663e+06 5.75434e+06 1.1296e+07 1.13949e+07 5.67234e+06 9.27478e+06 6.91955e+06 1.04357e+07 8.72602e+06 1.28516e+07 7.91894e+06
threshold=30908.467491710664 4.5000000000000009 18315.529166666674 18157.095833333336 0.25881904510252057 23105.948963543899 0 0.60355339059327384 16385.88009252958 -1.0000000180025095e-35 1 19163.162500000006 -0.5 19198.104166666672 0.60355339059327384 2 0.91597561503675362 3 1.0000000180025095e-35 20221.150000000001 18422.837500000005 19133.395833333336 4 20200.775000000005 20221.150000000001 20102.408333333336 20077.850000000006 -0.37940952255126059 5 19617.820833333335
decision_type=2 2 2 2 2 2 1 2 2 2 1 2 2 2 2 1 2 1 2 2 2 2 1 2 2 2 2 2 1 2
left_child=1 -1 3 5 -5 6 -3 -8 9 10 -4 12 -10 14 15 -13 17 18 -11 -12 -14 -22 -23 25 -25 26 27 29 -29 -15
right_child=-2 2 8 4 -6 -7 7 -9 11 16 19 13 20 23 -16 -17 -18 -19 -20 -21 21 22 -24 24 -26 -27 -28 28 -30 -31
leaf_value=-0.63107081571326495 -9.4274714126586918 -20.297520321065733 -24.925559414243239 35.874014910062151 5.804744721070314 -21.814230298995973 5.0494241312930459 34.583623289025347 -6.369252063740384 -21.795865444607205 -19.185391772420783 -11.848279364516095 -3.827365703582764 15.353939507224343 6.9824156019422752 -45.584407410798256 -11.59753670849633 8.9156302360141222 15.152876167297364 6.9944723901102099 53.475784807938794 40.705981365839648 -3.7719597929053834 -13.147442650162814 0.55352105451975397 13.986875650286676 -23.180900854813427 24.567717362732015 -2.0117949998780582 -13.237546981691006
leaf_weight=2863 25 22 103 48 39 30 57 23 44 45 38 41 20 33 45 27 82 223 20 59 26 24 36 132 1923 165 38 93 89 91
leaf_count=2863 25 22 103 48 39 30 57 23 44 45 38 41 20 33 45 27 82 223 20 59 26 24 36 132 1923 165 38 93 89 91
internal_value=1.59087e-08 0.036377 0.564835 8.81555 22.3947 -0.134332 6.24211 13.5405 0.0329222 -4.42855 -14.4185 0.932476 12.4982 0.284415 -12.4102 -25.2435 0.971435 4.5501 -10.427 -3.26156 20.33 25.9479 14.0192 0.843888 -0.326541 5.5693 1.53179 4.60069 11.57 -5.62852
internal_weight=6504 6479 3616 219 87 132 102 80 3397 570 200 2827 150 2677 113 68 370 288 65 97 106 86 60 2564 2055 509 344 306 182 124
internal_count=6504 6479 3616 219 87 132 102 80 3397 570 200 2827 150 2677 113 68 370 288 65 97 106 86 60 2564 2055 509 344 306 182 124
cat_boundaries=0 1 2 3 4 5 6
cat_threshold=1 4 4 2 2 4
is_linear=0
shrinkage=0.05


Tree=175
num_leaves=31
num_cat=4
split_feature=3 3 2 1 1 0 0 1 1 4 0 9 4 1 1 2 4 9 5 2 9 6 8 9 5 0 7 0 8 1
split_gain=861811 6.23751e+06 3.94862e+06 6.72069e+06 1.19824e+07 4.22699e+06 1.09529e+07 3.84205e+06 9.26516e+06 3.84759e+06 7.82908e+06 7.33652e+06 1.71491e+07 1.43492e+07 1.00308e+07 1.11282e+07 1.2093e+07 1.04442e+07 8.82544e+06 7.73653e+06 1.17828e+07 1.30566e+07 9.33338e+06 7.41541e+06 7.0934e+06 7.78193e+06 6.59652e+06 6.70423e+06 5.71387e+06 5.33502e+06
threshold=18378.004498391369 18309.930745627837 35504.457727412933 19261.966666666671 19222.716287878793 54389.189271580304 54878.250022110042 22001.545833333337 21696.658333333336 -0.78656609248549303 60140.999651390222 3.5000000000000004 0.12940952255126045 17498.425000000003 17451.616666666672 38811.95820683334 -0.37940952255126059 4.5000000000000009 0.60355339059327384 33385.631532333347 5.5000000000000009 0 1 2.5000000000000004 -0.78656609248549325 51644.997365378797 2 51439.421820333351 3 19013.812500000004
decision_type=2 2 2 2 2 2 2 2 2 2 2 2 2 2 2 2 2 2 2 2 2 1 1 2 2 2 1 2 1 2
left_child=1 7 3 4 -2 -4 -7 8 9 -1 11 12 24 23 -13 16 -16 18 26 28 21 -21 -22 -14 25 -11 -18 -28 -19 -30
right_child=2 -3 5 -5 -6 6 -8 -9 -10 10 -12 14 13 -15 15 -17 17 19 -20 20 22 -23 -24 -25 -26 -27 27 -29 29 -31
leaf_value=-4.3746946174063188 -13.751890806051401 25.199616138751693 22.249442986079629 -20.129867542151249 32.397258659926329 -34.650080803166269 -0.055022260858806654 21.817999812534879 -25.554635282825021 7.0434824107073943 25.499618850034828 -28.745514933268232 -11.76840039837745 -24.121168577671053 -9.5978820303827526 34.493951764600034 33.74251670440038 -20.554109300885884 33.899147389332455 56.688544281005868 -13.423699713391919 9.0891670170952299 11.232460253942209 23.406548588851404 -8.7981593600774222 40.751444587707525 12.412508621601145 -11.63106206103069 12.512257504463197 -1.968521510026394
leaf_weight=304 39 26 21 66 22 23 4357 21 34 119 34 24 31 136 160 29 24 35 48 25 56 34 122 29 59 20 99 41 76 390
leaf_count=304 39 26 21 66 22 23 4357 21 34 119 34 24 31 136 160 29 24 35 48 25 56 34 122 29 59 20 99 41 76 390
internal_value=-1.2936e-08 0.871255 -0.380212 -9.07209 2.89206 -0.12939 -0.236686 0.546877 0.31531 0.779467 1.7643 1.24599 -4.65076 -15.1353 3.24369 3.91774 3.1189 5.26067 15.0422 2.4508 9.894 29.2584 3.47547 5.23282 5.72784 11.8935 9.52308 5.37118 -1.07023 0.393151
internal_weight=6504 1976 4528 127 61 4401 4380 1950 1929 1895 1591 1557 394 196 1163 1139 1110 950 212 738 237 59 178 60 198 139 164 140 501 466
internal_count=6504 1976 4528 127 61 4401 4380 1950 1929 1895 1591 1557 394 196 1163 1139 1110 950 212 738 237 59 178 60 198 139 164 140 501 466
cat_boundaries=0 1 2 3 4
cat_threshold=4 2 2 1
is_linear=0
shrinkage=0.05


Tree=176
num_leaves=31
num_cat=1
split_feature=2 5 7 3 1 0 1 1 3 2 1 3 1 1 3 0 1 1 0 1 0 4 1 1 2 3 3 0 1 1
split_gain=855617 960435 6.07263e+06 9.77247e+06 9.84764e+06 8.73006e+06 1.13357e+07 1.21142e+07 9.5991e+06 8.43948e+06 1.65347e+07 8.01044e+06 7.70633e+06 7.13109e+06 6.80592e+06 6.07576e+06 8.01308e+06 5.71455e+06 5.6744e+06 5.29477e+06 4.91793e+06 4.91149e+06 4.62364e+06 3.86217e+06 3.74186e+06 3.68206e+06 6.10606e+06 7.68332e+06 6.38691e+06 1.09967e+07
threshold=13588.855936500004 -0.78656609248549325 0 23156.784737210928 18531.924621212125 53664.030421793403 19261.966666666671 19605.335606060613 11140.00792902174 37693.703530910403 19211.495833333338 23749.951172220768 20221.150000000001 19198.104166666672 27859.841225981909 64238.325657963032 17496.920833333334 18122.850000000002 55565.118999500002 17494.979166666668 57679.833839401697 1.0000000180025095e-35 20593.920833333341 19785.258333333335 21238.330608946995 15811.683412652475 15259.589545942401 49494.73759937501 19217.645833333339 18535.100000000002
decision_type=2 2 1 2 2 2 2 2 2 2 2 2 2 2 2 2 2 2 2 2 2 2 2 2 2 2 2 2 2 2
left_child=-1 2 3 4 -2 8 9 11 12 -7 15 -8 23 -6 22 17 -17 -11 -9 -10 -20 -15 -5 -4 -3 26 27 28 29 -21
right_child=1 24 5 14 13 6 7 18 19 10 -12 -13 -14 21 -16 16 -18 -19 20 25 -22 -23 -24 -25 -26 -27 -28 -29 -30 -31
leaf_value=9.0521820361797634 4.4114484712481499 17.055613910790647 -5.6694131527306908 31.198916835444319 -41.382254333496093 12.149820012631624 43.347510719299322 -28.39468545459566 30.984480880101525 -8.1205008853565559 -60.113861240040173 7.909989614670093 20.917893630981446 -29.518480837685726 -11.476548781539456 -26.686538366824394 12.786215957005819 -44.158845901489258 15.374786000502738 -5.7655212211608884 -3.5613216479279717 -5.6420448226588116 0.16249999091738748 -29.624777803421026 0.16471771990903672 20.177494956765855 -17.986900162696838 31.968851753870645 -4.4601674686778674 35.767326188087466
leaf_weight=26 48 33 106 28 35 23 23 21 30 22 22 52 25 35 33 20 36 22 38 30 351 56 21 20 5116 56 24 30 88 34
leaf_count=26 48 33 106 28 35 23 23 21 30 22 22 52 25 35 33 20 36 22 38 30 351 56 21 20 5116 56 24 30 88 34
internal_value=1.0166e-08 -0.0363317 -1.23468 -8.1542 -14.8605 0.416204 -3.3657 0.301529 5.79453 -15.6319 -20.8695 18.7775 -4.44044 -22.2022 6.07629 -12.2357 -1.3112 -26.1397 -3.07822 11.0873 -1.71152 -14.8253 17.8976 -9.47185 0.272972 8.80896 5.71849 8.84447 4.28045 16.2988
internal_weight=6504 6478 1329 256 174 1073 630 485 443 145 122 75 151 126 82 100 56 44 410 292 389 91 49 126 5149 262 206 182 152 64
internal_count=6504 6478 1329 256 174 1073 630 485 443 145 122 75 151 126 82 100 56 44 410 292 389 91 49 126 5149 262 206 182 152 64
cat_boundaries=0 1
cat_threshold=2
is_linear=0
shrinkage=0.05


Tree=177
num_leaves=31
num_cat=6
split_feature=1 1 8 1 1 0 3 3 5 1 3 0 3 0 8 3 1 7 4 5 1 9 7 0 4 7 3 4 8 5
split_gain=882913 3.69959e+06 7.96888e+06 9.52169e+06 7.80095e+06 9.09427e+06 6.47019e+06 5.53401e+06 6.40104e+06 4.76413e+06 7.36084e+06 6.13536e+06 5.62414e+06 5.69156e+06 4.69466e+06 4.63497e+06 9.13744e+06 4.3078e+06 6.85049e+06 3.71501e+06 3.42263e+06 7.27591e+06 8.75212e+06 7.25925e+06 7.18133e+06 6.98364e+06 1.45029e+07 1.3009e+07 8.65574e+06 1.01574e+07
threshold=20438.316666666669 20200.775000000005 0 20425.750000000004 20102.408333333336 50626.154350000303 23438.544449234036 25176.043808424602 0.60355339059327384 20221.150000000001 14942.52297533327 48672.568955916679 22337.552080766665 61758.219189585936 1 21317.322463603134 20137.350000000002 2 0.60355339059327384 0.1294095225512602 21192.020833333339 8.5000000000000018 3 52913.345731490561 -1.0000000180025095e-35 4 17795.604694889968 -0.25881904510252113 5 -0.60355339059327384
decision_type=2 2 1 2 2 2 2 2 2 2 2 2 2 2 1 2 2 1 2 2 2 2 1 2 2 1 2 2 1 2
left_child=1 4 9 7 -1 -6 14 8 -4 17 11 -11 13 -12 15 16 -7 -3 -19 -16 21 22 24 -22 -2 28 -27 -28 -23 -30
right_child=20 2 3 -5 5 6 -8 -9 -10 10 12 -13 -14 -15 19 -17 -18 18 -20 -21 23 25 -24 -25 -26 26 27 -29 29 -31
leaf_value=-0.33450867791750649 8.3910195383532304 -31.064424254613769 28.844040781285681 -16.045296879818565 -20.535890952023593 33.731114012854441 -9.5090587615966804 -6.9778833177354604 0.61355435156053117 -4.4339929399036224 -10.007716157561855 33.349615097045898 -1.5018978395385127 -37.937872060139973 20.639819658370246 38.327544705527167 -2.9418176073016546 -19.928231298923492 9.3345635604858401 -7.1803218415805281 28.756708717346193 -8.244874131679536 5.0557170193725165 -1.6729198739075928 43.578526253535834 0.57202804520212369 -11.434490706771612 -62.839287343025205 29.741179337793469 2.7579145825598852
leaf_weight=3879 29 34 57 38 22 35 26 27 31 21 76 22 155 24 21 35 33 60 30 28 20 96 360 978 29 116 32 20 49 121
leaf_count=3879 29 34 57 38 22 35 26 27 31 21 76 22 155 24 21 35 33 60 30 28 20 96 360 978 29 116 32 20 49 121
internal_value=-6.57454e-09 -0.367292 -4.122 5.65364 0.161995 9.79168 13.54 12.8237 18.8992 -7.66625 -4.2393 14.8972 -7.46623 -16.711 17.4826 23.5434 15.934 -15.902 -10.174 4.7426 0.923987 3.25159 7.95975 -1.06311 25.9848 -1.28299 -9.26389 -31.2056 3.75758 10.5354
internal_weight=6504 4654 575 153 4079 200 178 115 88 422 298 43 255 100 152 103 68 124 90 49 1850 852 418 998 58 434 168 52 266 170
internal_count=6504 4654 575 153 4079 200 178 115 88 422 298 43 255 100 152 103 68 124 90 49 1850 852 418 998 58 434 168 52 266 170
cat_boundaries=0 1 2 3 4 5 6
cat_threshold=4 4 2 1 4 2
is_linear=0
shrinkage=0.05


Tree=178
num_leaves=31
num_cat=5
split_feature=9 5 1 3 1 8 3 4 4 4 6 3 8 0 4 9 2 3 4 3 0 1 1 4 9 1 8 4 1 6
split_gain=868034 4.79545e+06 5.60858e+06 4.96308e+06 8.10061e+06 4.68355e+06 2.06039e+07 4.26591e+06 6.09257e+06 8.46618e+06 8.38792e+06 6.75406e+06 5.62117e+06 5.37502e+06 5.30294e+06 4.32723e+06 5.39186e+06 3.93831e+06 3.83737e+06 3.80351e+06 3.74253e+06 3.71591e+06 3.68383e+06 3.59504e+06 6.40505e+06 4.8897e+06 3.71792e+06 4.53883e+06 4.53589e+06 6.44673e+06
threshold=5.5000000000000009 -0.12940952255126037 19163.162500000006 17531.87540002292 20692.475000000002 0 23602.413946675308 0.91597561503675362 0.12940952255126045 -0.60355339059327362 1 20262.118529259325 2 58279.807229810242 -1.0000000180025095e-35 6.5000000000000009 39902.359479166684 19248.708357841464 -0.5 23646.950939898587 63388.933090966595 19237.950000000004 20602.530681818185 0.25881904510252091 6.5000000000000009 20238.245833333338 3 0.78656609248549325 21692.054166666665 4
decision_type=2 2 2 2 2 1 2 2 2 2 1 2 1 2 2 2 2 2 2 2 2 2 2 2 2 2 1 2 2 1
left_child=22 5 -3 4 -4 6 20 8 9 10 17 13 14 -11 -13 -9 -17 -5 -8 -14 -2 -12 -1 24 25 -7 27 -25 29 -28
right_child=1 2 3 7 -6 23 18 15 -10 11 21 12 19 -15 -16 16 -18 -19 -20 -21 -22 -23 -24 26 -26 -27 28 -29 -30 -31
leaf_value=-0.3692868377269144 37.367305429776508 22.314245027814593 -14.729143703099593 -33.662836964925127 8.0319908444843602 -10.417405425487681 4.6537581549750433 25.991625862121584 -2.9914279011670004 6.8047482359409335 -17.289229379381453 17.078493542306955 4.8423549731572475 39.847162064909938 -0.71941562345472443 -4.7828736766692135 14.607780826232014 -8.0773842574290509 -18.432343447649924 -17.85253410021464 14.722831251814561 4.3776726082879671 -17.963270762761436 6.9498831696142025 -2.2534820252329992 -36.278661330257144 9.6906995840072625 -3.7886386941118939 -29.088661878108979 -15.699711442947388
leaf_weight=3594 36 35 103 21 63 141 27 35 406 20 21 144 48 32 59 62 85 53 54 30 37 343 30 246 474 21 50 164 20 50
leaf_count=3594 36 35 103 21 63 141 27 35 406 20 21 144 48 32 59 62 85 53 54 30 37 343 30 246 474 21 50 164 20 50
internal_value=7.15412e-09 0.647957 2.52474 2.07055 -6.09088 -1.57006 6.62515 3.06746 1.96588 4.57635 0.00786974 10.5853 7.52212 27.1385 11.9057 10.1914 6.42941 -15.3381 -10.737 -3.88645 25.89 3.12766 -0.514932 -2.65244 -5.18688 -13.7698 0.388888 2.65447 -7.35187 -3.00451
internal_weight=6504 2880 1560 1525 166 1320 154 1359 1177 771 438 333 281 52 203 182 147 74 81 78 73 364 3624 1166 636 162 530 410 120 100
internal_count=6504 2880 1560 1525 166 1320 154 1359 1177 771 438 333 281 52 203 182 147 74 81 78 73 364 3624 1166 636 162 530 410 120 100
cat_boundaries=0 1 2 3 4 5
cat_threshold=1 2 4 4 1
is_linear=0
shrinkage=0.05


Tree=179
num_leaves=31
num_cat=6
split_feature=3 2 1 0 1 0 4 7 0 3 9 4 2 0 4 8 7 7 0 8 0 1 1 1 8 1 3 0 1 3
split_gain=812356 6.9122e+06 7.37752e+06 1.05194e+07 9.33878e+06 1.25095e+07 8.98177e+06 7.27013e+06 6.64382e+06 5.95598e+06 5.44503e+06 1.14069e+07 1.16162e+07 1.42624e+07 1.10626e+07 1.02646e+07 1.61097e+07 1.29955e+07 9.70774e+06 8.92429e+06 1.04567e+07 9.98444e+06 8.81243e+06 1.02962e+07 1.08118e+07 1.09516e+07 9.47708e+06 8.13188e+06 7.72631e+06 7.32916e+06
threshold=21600.004328367675 43319.386962000026 18543.879166666669 65453.69474540979 19204.258333333335 63498.027680087769 0.60355339059327384 0 63388.933090966595 19179.830461032248 3.5000000000000004 -1.0000000180025095e-35 42192.957115708341 60326.931356433146 -0.37940952255126059 1 2 3 54389.189271580304 4 56909.096152439968 17512.470833333336 19013.812500000004 17492.61818181819 5 18354.39166666667 20436.154817490064 57800.862429364868 17483.612878787881 19655.842330553034
decision_type=2 2 2 2 2 2 2 1 2 2 2 2 2 2 2 1 1 1 2 1 2 2 2 2 1 2 2 2 2 2
left_child=1 10 3 6 7 -6 8 -4 9 -3 11 19 13 15 29 17 -17 18 -13 20 -1 -22 23 -16 25 -25 -26 -20 -19 -12
right_child=-2 2 4 -5 5 -7 -8 -9 -10 -11 14 12 -14 -15 22 16 -18 28 27 -21 21 -23 -24 24 26 -27 -28 -29 -30 -31
leaf_value=4.7580582566457252 -0.64028900917592979 22.297385539430564 -24.802285687148572 36.571576214708934 41.831821719082924 3.0609041292794226 36.101075535728818 10.866646556854249 -25.618627753257751 -7.7429465033791294 -4.6491729586640655 -16.914027571332628 -41.285203434870795 29.03708825936684 -20.108203010559084 36.761764291616593 -6.0474133444504004 18.972902405261994 -70.450668029785149 11.558691187971128 -2.1768327349708194 -50.933871528080537 1.0050623736305473 15.912002444267273 13.712815386984085 -31.853918139139815 42.495981653998882 -25.902213723318923 -10.9043291415355 -34.18615571802313
leaf_weight=73 2812 33 50 41 22 383 21 20 20 33 463 69 26 26 25 26 142 26 20 161 21 21 1536 24 180 24 34 21 129 22
leaf_count=73 2812 33 50 41 22 383 21 20 20 33 463 69 26 26 25 26 142 26 20 161 21 21 1536 24 180 24 34 21 129 22
internal_value=4.50987e-09 0.487674 5.28945 15.037 2.25231 5.16698 6.78548 -14.6112 -0.372978 7.27722 -0.487075 -4.1548 -8.77272 -6.93105 0.722258 -9.0908 0.577817 -15.2203 -28.3639 3.96001 -6.67814 -26.5554 2.50775 10.55 13.4754 -7.97096 18.2858 -47.6332 -5.89266 -5.98899
internal_weight=6504 3692 623 148 475 405 107 70 86 66 3069 761 485 459 2308 433 168 265 110 276 115 42 1823 287 262 48 214 41 155 485
internal_count=6504 3692 623 148 475 405 107 70 86 66 3069 761 485 459 2308 433 168 265 110 276 115 42 1823 287 262 48 214 41 155 485
cat_boundaries=0 1 2 3 4 5 6
cat_threshold=4 4 1 1 2 1
is_linear=0
shrinkage=0.05


Tree=180
num_leaves=31
num_cat=5
split_feature=9 5 1 3 1 8 3 4 4 4 6 1 8 1 3 9 2 0 5 4 0 1 1 7 9 0 0 0 8 3
split_gain=832420 4.29188e+06 5.0621e+06 4.52623e+06 8.76864e+06 4.19994e+06 1.85293e+07 3.99902e+06 8.68101e+06 7.60664e+06 8.29324e+06 6.02337e+06 6.31014e+06 4.19363e+06 4.12245e+06 3.80953e+06 5.00223e+06 3.83503e+06 3.62e+06 3.46323e+06 3.39397e+06 3.38484e+06 3.2694e+06 3.25949e+06 6.15747e+06 5.84285e+06 4.48391e+06 6.76498e+06 9.52366e+06 5.96868e+06
threshold=5.5000000000000009 -0.12940952255126037 19163.162500000006 17414.858562918645 20692.475000000002 0 23602.413946675308 0.78656609248549325 0.12940952255126045 -0.60355339059327362 1 20200.775000000005 2 19929.39166666667 19248.708357841464 6.5000000000000009 39604.644898583261 56457.080570333332 0.1294095225512602 -0.5 63388.933090966595 20602.530681818185 19237.950000000004 3 6.5000000000000009 54506.000779166665 45024.618656225895 53664.030421793403 4 24132.652317535834
decision_type=2 2 2 2 2 1 2 2 2 2 1 2 1 2 2 2 2 2 2 2 2 2 2 1 2 2 2 2 1 2
left_child=21 5 -3 4 18 6 20 8 9 10 14 -11 -13 -10 -5 17 -17 -9 -4 -8 -2 -1 -12 24 -7 -26 -25 28 -28 -29
right_child=1 2 3 7 -6 23 19 15 13 11 22 12 -14 -15 -16 16 -18 -19 -20 -21 -22 -23 -24 26 25 -27 27 29 -30 -31
leaf_value=-0.36464838539817701 35.495805597305299 21.210719629015244 -0.20500923439308449 -33.338794326782228 8.9302033230409794 -14.856581679257481 4.4530849951284903 7.5593569414956239 11.004524613127991 23.782588395476342 -16.047581754411972 -14.120375829935075 9.50517846996134 -7.6057064005960191 -7.5916430842201663 -2.5765492070395997 12.21630809734906 34.502199562072754 -21.890497573631915 -17.478711845256665 13.931617561546531 -17.22953332901001 4.2724898088939387 -19.319269632738692 27.084882124732527 2.6406682469378944 31.61343373674335 -7.5550346402547568 -2.138508873655085 0.83816995687699059
leaf_weight=3594 36 35 27 22 59 33 27 28 34 64 21 32 242 276 53 106 124 25 67 54 37 30 345 43 34 87 33 523 57 356
leaf_count=3594 36 35 27 22 59 33 27 28 34 64 21 32 242 276 53 106 124 25 67 54 37 30 345 43 34 87 33 523 57 356
internal_value=-1.35127e-08 0.634525 2.41003 1.97854 -6.17854 -1.4638 6.29676 2.88819 1.51209 4.32822 0.00271929 9.97185 6.74599 -5.56458 -15.1441 8.18348 5.39873 20.2682 -15.6617 -10.1681 24.566 -0.504258 3.10658 -2.48878 4.28803 9.50929 -3.52003 -2.81893 10.2372 -4.15574
internal_weight=6504 2880 1560 1525 153 1320 154 1372 1089 779 441 338 274 310 75 283 230 53 94 81 73 3624 366 1166 154 121 1012 969 90 879
internal_count=6504 2880 1560 1525 153 1320 154 1372 1089 779 441 338 274 310 75 283 230 53 94 81 73 3624 366 1166 154 121 1012 969 90 879
cat_boundaries=0 1 2 3 4 5
cat_threshold=1 2 1 1 4
is_linear=0
shrinkage=0.05


Tree=181
num_leaves=31
num_cat=5
split_feature=9 5 1 6 1 9 6 4 8 2 0 2 5 2 2 5 1 1 3 3 7 4 0 7 3 3 1 1 3 5
split_gain=823872 4.13762e+06 4.41414e+06 7.12174e+06 8.13904e+06 5.5564e+06 9.83451e+06 7.8778e+06 1.34118e+07 8.742e+06 7.10962e+06 7.6461e+06 8.67048e+06 6.96726e+06 6.64548e+06 5.40696e+06 5.46533e+06 9.67954e+06 9.94249e+06 4.92946e+06 6.11504e+06 5.97147e+06 9.4097e+06 4.50144e+06 8.83881e+06 1.13885e+07 9.0981e+06 4.14913e+06 3.98158e+06 3.93619e+06
threshold=2.5000000000000004 0.91597561503675351 17504.437500000004 0 17483.612878787881 1.5000000000000002 1 0.37940952255126054 2 43957.034054786403 71351.251783500033 52778.196122178822 1.0000000180025095e-35 49145.142846407085 48077.227691166685 0.60355339059327384 17513.783333333336 19237.950000000004 22751.147210221159 28322.859494397697 3 0.37940952255126054 80548.085128322607 4 19453.160321201904 21045.582769170294 19613.229166666668 18564.037500000002 24132.652317535834 -0.5
decision_type=2 2 2 1 2 2 1 2 1 2 2 2 2 2 2 2 2 2 2 2 1 2 2 1 2 2 2 2 2 2
left_child=1 2 3 4 -1 10 -7 15 -9 -10 13 -12 19 14 23 16 -8 18 -18 21 29 22 -13 -4 26 -26 -25 -11 -15 -21
right_child=-2 -3 5 -5 -6 6 7 8 9 27 11 12 -14 28 -16 -17 17 -19 -20 20 -22 -23 -24 24 25 -27 -28 -29 -30 -31
leaf_value=-1.4634245282127745 -0.29687101113120878 -6.0842142759743387 -0.052190103078021688 0.012078924915369819 -46.031498794555667 -6.0457006170199472 47.814108539762955 -28.517044500204236 36.733360330875108 -12.145118056024824 -33.551718919927424 6.6027462834897257 11.134367171617654 36.015568874432489 -20.799613721030099 0.23316185814993726 -16.932378181457519 38.218084478378294 22.89304792299157 27.187831809303976 -18.534289073944091 -34.451763658523561 -27.527118015289307 -25.215671448085619 55.804192266010105 8.7027320746219523 17.955390783456657 12.267063701671104 8.6019050580483896 -1.0741403647831509
leaf_weight=21 5088 177 179 170 20 91 21 26 26 28 22 46 78 26 28 28 25 44 42 22 26 30 36 23 21 33 26 46 27 28
leaf_count=21 5088 177 179 170 20 91 21 26 26 28 22 46 78 26 28 28 25 44 42 22 26 30 36 23 21 33 26 46 27 28
internal_value=-2.5078e-08 1.06672 2.08829 -4.49909 -23.2039 3.44036 8.27084 12.8261 3.47497 11.7929 0.642992 -5.22325 -2.88029 5.2972 2.43299 20.1901 24.4234 19.9981 8.03281 -8.69488 1.13375 -15.3643 -8.3811 4.73977 13.0676 27.02 -2.30858 3.03002 22.0501 11.3611
internal_weight=6504 1416 1239 211 41 1028 377 286 126 100 651 288 266 363 310 160 132 111 67 188 76 112 82 282 103 54 49 74 53 50
internal_count=6504 1416 1239 211 41 1028 377 286 126 100 651 288 266 363 310 160 132 111 67 188 76 112 82 282 103 54 49 74 53 50
cat_boundaries=0 1 2 3 4 5
cat_threshold=1 2 1 4 4
is_linear=0
shrinkage=0.05


Tree=182
num_leaves=31
num_cat=1
split_feature=3 3 0 0 5 8 2 9 9 3 0 3 5 4 1 3 1 5 1 1 1 1 1 3 1 1 1 3 9 3
split_gain=856785 7.71988e+06 5.55252e+06 1.11612e+07 5.56529e+06 4.49173e+06 7.36529e+06 3.9253e+06 1.80659e+07 1.67426e+07 1.42525e+07 2.07594e+07 1.03156e+07 1.02843e+07 7.72804e+06 1.48398e+07 8.11507e+06 6.49909e+06 6.92979e+06 1.08772e+07 6.53646e+06 5.39542e+06 1.1747e+07 1.87903e+07 9.21313e+06 8.98608e+06 7.7377e+06 1.10828e+07 1.73745e+07 7.40765e+06
threshold=20041.714912913416 20168.005754415968 54506.000779166665 54878.250022110042 -0.98296291314453399 0 41044.07014635302 4.5000000000000009 3.5000000000000004 21651.008289658188 61352.551396128059 21157.603557165454 0.78656609248549303 -0.37940952255126059 19157.266666666674 22031.539729966524 18540.641666666674 0.91597561503675351 17500.226136363639 17494.979166666668 17751.417424242427 18537.133333333335 17679.104166666668 24693.414404309813 18540.641666666674 18188.416666666668 17502.866666666672 22031.539729966524 2.5000000000000004 20821.294256913621
decision_type=2 2 2 2 2 1 2 2 2 2 2 2 2 2 2 2 2 2 2 2 2 2 2 2 2 2 2 2 2 2
left_child=-1 5 -3 -4 -5 6 -2 8 17 10 11 12 -10 -12 15 16 -9 21 19 -19 -20 22 26 25 -23 -24 29 -28 -29 -6
right_child=1 2 3 4 7 -7 -8 14 9 -11 13 -13 -14 -15 -16 -17 -18 18 20 -21 -22 24 23 -25 -26 -27 27 28 -30 -31
leaf_value=0.68593476309626744 -23.216181416511535 23.816454593340556 -34.297877883911134 -11.015603729686907 -32.135618529319764 -32.539384144475619 15.392027691432411 14.606106096506119 -34.536497053892717 -42.269397865642205 -4.6061796317046335 -68.480545539855967 9.362985223531723 32.318795649210614 0.78847656805264332 -1.9880502502123516 47.112255325913431 -12.737564044996448 -32.934675623575849 37.680190925598147 -7.3247393981940085 37.296810477120538 -64.303874626159669 14.749799041748048 3.698665069331712 -20.738732199833311 46.989655980467802 -22.862100690410983 28.203873634338379 -0.46356295220553873
leaf_weight=2678 30 24 24 113 20 27 21 48 23 44 88 20 32 24 1805 90 32 23 30 20 147 21 20 25 719 29 20 31 36 240
leaf_count=2678 30 24 24 113 20 27 21 48 23 44 88 20 32 24 1805 90 32 23 30 20 147 21 20 25 719 29 20 31 36 240
internal_value=-1.47723e-08 -0.480119 -0.156115 -0.31061 -0.0901522 -16.0489 -7.31868 0.254028 -1.57677 -14.519 -7.98945 -24.8578 -8.99498 3.30632 1.74833 11.9398 27.6086 0.588067 -7.29153 10.7126 -11.6654 2.08119 -2.4378 -20.5237 4.65213 -38.5204 1.41914 14.3265 4.57633 -2.89987
internal_weight=6504 3826 3748 3724 3700 78 51 3587 1612 231 187 75 55 112 1975 170 80 1381 220 43 177 1161 421 74 740 49 347 87 67 260
internal_count=6504 3826 3748 3724 3700 78 51 3587 1612 231 187 75 55 112 1975 170 80 1381 220 43 177 1161 421 74 740 49 347 87 67 260
cat_boundaries=0 1
cat_threshold=4
is_linear=0
shrinkage=0.05


Tree=183
num_leaves=31
num_cat=6
split_feature=1 1 8 1 1 0 4 1 3 5 1 0 3 0 7 4 0 4 1 1 9 7 9 4 0 7 1 4 8 6
split_gain=799315 3.31749e+06 7.38047e+06 8.63866e+06 6.76151e+06 7.93663e+06 7.81984e+06 1.04071e+07 4.58347e+06 5.64523e+06 4.24838e+06 7.21722e+06 6.02465e+06 4.37176e+06 3.8827e+06 5.961e+06 3.66198e+06 3.36709e+06 3.31189e+06 3.2991e+06 6.88164e+06 7.79763e+06 6.4021e+06 6.38738e+06 6.27524e+06 6.19687e+06 1.34064e+07 9.74752e+06 7.20386e+06 9.82657e+06
threshold=20438.316666666669 20200.775000000005 0 20425.750000000004 20102.408333333336 55018.732628166668 -0.60355339059327362 20183.087500000005 25176.043808424602 0.60355339059327384 20221.150000000001 52568.107782833344 22337.552080766665 61758.219189585936 1 0.60355339059327384 48672.568955916679 -0.91597561503675329 20430.054166666669 21192.020833333339 8.5000000000000018 2 5.5000000000000009 -1.0000000180025095e-35 52913.345731490561 3 20669.650000000005 -0.25881904510252113 4 5
decision_type=2 2 1 2 2 2 2 2 2 2 2 2 2 2 1 2 2 2 2 2 2 1 2 2 2 1 2 2 1 1
left_child=1 4 10 8 -1 -6 7 17 9 -4 14 16 13 -13 -3 -16 -12 -7 -14 20 21 23 -23 -2 -21 28 27 -27 29 -22
right_child=19 2 3 -5 5 6 -8 -9 -10 -11 11 12 18 -15 15 -17 -18 -19 -20 24 25 22 -24 -25 -26 26 -28 -29 -30 -31
leaf_value=-0.31050509000612414 8.1642398016206155 -29.487969000900495 27.200751841695684 -15.165478750906495 -8.3679790375184044 32.113083721342541 25.228385349817394 -21.83194862648293 -5.6886140999970616 0.68927685060808741 -3.2765647615705222 -11.310205798362619 -4.5551263932194281 -36.180201975504559 -18.754012958804768 8.5429653549194349 23.765446564459033 3.7989822387695313 16.800481423877535 26.653435724973679 8.5497467358907056 -8.3334421435991928 8.3359617922869003 41.349656650937838 -1.6387278842779758 -10.962365481486687 0.039371419544062342 -56.762819562639507 9.6858617098191218 -23.44402358531952
leaf_weight=3879 29 34 57 38 49 21 82 27 27 31 21 67 134 24 60 30 31 21 21 20 48 72 288 29 978 26 121 21 170 48
leaf_count=3879 29 34 57 38 49 21 82 27 27 31 21 67 134 24 60 30 31 21 21 20 48 72 288 29 978 26 121 21 170 48
internal_value=1.37447e-09 -0.349471 -3.905 5.50281 0.151738 9.11694 14.7909 2.38682 12.3323 17.8615 -7.31589 -4.07975 -7.65726 -17.8693 -15.0931 -9.65502 12.8446 17.956 -1.66179 0.879156 3.16437 7.74319 5.00208 24.7569 -1.07175 -1.24563 -8.76355 -31.4264 3.50252 -7.44714
internal_weight=6504 4654 575 153 4079 200 151 69 115 88 422 298 246 91 124 90 52 42 155 1850 852 418 360 58 998 434 168 47 266 96
internal_count=6504 4654 575 153 4079 200 151 69 115 88 422 298 246 91 124 90 52 42 155 1850 852 418 360 58 998 434 168 47 266 96
cat_boundaries=0 1 2 3 4 5 6
cat_threshold=4 2 1 4 2 1
is_linear=0
shrinkage=0.05


Tree=184
num_leaves=31
num_cat=3
split_feature=3 2 5 6 1 3 0 5 0 7 2 7 5 0 3 1 1 1 1 0 1 3 9 1 5 4 4 4 9 1
split_gain=783798 2.56593e+06 2.30832e+06 1.88868e+06 1.89941e+06 2.58796e+06 1.2069e+06 4.40224e+06 3.53823e+06 3.50199e+06 1.31345e+06 1.15705e+06 5.55162e+06 1.22222e+07 6.61733e+06 4.93426e+06 7.41109e+06 7.20009e+06 7.96052e+06 5.2524e+06 4.54706e+06 1.42569e+07 1.3236e+07 9.55918e+06 1.02157e+07 7.89096e+06 3.79879e+06 3.86942e+06 3.64316e+06 3.47683e+06
threshold=9447.6797004382988 20574.646844833343 -0.78656609248549325 0 19831.041666666668 6588.6173625935926 42890.444056500004 -0.98296291314453399 43312.049806833333 1 22276.536217310058 2 -0.37940952255126015 60518.27442637999 16994.693249211672 21916.975000000002 20681.966666666671 20646.287500000002 20430.054166666669 54248.735486500002 19170.850000000002 21561.659067585028 3.5000000000000004 19611.112500000003 0.60355339059327384 -1.0000000180025095e-35 -0.25881904510252113 -0.70710678118654735 2.5000000000000004 18816.562500000004
decision_type=2 2 2 1 2 2 2 2 2 1 2 1 2 2 2 2 2 2 2 2 2 2 2 2 2 2 2 2 2 2
left_child=2 -2 3 -1 5 -5 7 -3 -8 -9 -11 12 13 14 26 16 17 18 19 29 22 23 25 24 -22 28 27 -10 -21 -14
right_child=1 6 -4 4 -6 -7 8 9 11 10 -12 -13 15 -15 -16 -17 -18 -19 -20 20 21 -23 -24 -25 -26 -27 -28 -29 -30 -31
leaf_value=11.911841991969517 -13.784967035405778 26.423112249374391 15.714576401249056 7.4986038042151408 10.480803635006859 -12.585560478354401 -18.504477955744818 16.351289077427079 -1.8032979284014024 -16.355386480418119 -0.38106379970427484 0.23034306459682019 -4.7588895380496981 34.67672794977824 -23.160679444899927 -21.639847845908925 15.94937095227449 -30.152637045471756 20.456821906566621 -13.807790657310258 -1.854100799560547 -40.413763236999515 -51.379191141543188 -7.8479439413547514 46.380306570870538 -31.504339599609377 -2.0346768293487894 25.818124228715899 12.832518560236151 10.791507887328045
leaf_weight=28 34 20 31 23 21 53 26 23 21 22 31 5455 82 30 26 39 46 27 32 21 23 23 23 80 21 25 89 32 33 64
leaf_count=28 34 20 31 23 21 53 26 23 21 22 31 5455 82 30 26 39 46 27 32 21 23 23 23 80 21 25 89 32 33 64
internal_value=2.29142e-09 -0.086045 3.50137 0.472493 -2.82959 -6.50746 -0.0122782 5.55115 -0.0981722 0.0585285 -7.01191 -0.0208848 -1.88038 5.27954 0.0300406 -4.51055 -3.17447 -5.11213 -3.52877 -5.47191 -9.88687 -4.25857 -17.9982 2.44763 21.1669 -8.27973 4.27623 14.8738 2.4724 2.05772
internal_weight=6504 6348 156 125 97 76 6314 96 6218 76 53 6192 737 198 168 539 500 454 427 395 249 147 102 124 44 79 142 53 54 146
internal_count=6504 6348 156 125 97 76 6314 96 6218 76 53 6192 737 198 168 539 500 454 427 395 249 147 102 124 44 79 142 53 54 146
cat_boundaries=0 1 2 3
cat_threshold=1 1 1
is_linear=0
shrinkage=0.05


Tree=185
num_leaves=31
num_cat=5
split_feature=3 4 1 1 1 0 0 3 3 6 6 1 3 1 8 1 1 8 5 9 1 7 0 9 5 3 9 1 4 0
split_gain=764531 1.62985e+06 907555 2.95422e+06 5.55804e+06 4.87006e+06 4.76005e+06 9.6621e+06 7.61231e+06 7.25588e+06 6.2197e+06 5.19967e+06 4.92465e+06 5.31319e+06 4.72712e+06 7.62986e+06 4.56971e+06 4.42201e+06 4.41836e+06 6.99014e+06 3.99204e+06 3.83885e+06 6.43148e+06 3.8803e+06 6.05468e+06 8.82134e+06 3.81582e+06 3.63701e+06 3.53102e+06 3.22151e+06
threshold=30454.997334259326 0.37940952255126054 20545.345833333336 21192.020833333339 21546.808333333338 52913.345731490561 56337.463140666674 16889.389546719274 16941.471242588374 0 1 20667.275000000005 18441.082486465039 20692.475000000002 2 20687.725000000006 20702.375000000004 3 -0.9159756150367534 8.5000000000000018 21162.787500000002 4 63388.933090966595 8.5000000000000018 -0.5 21200.688648230451 8.5000000000000018 21916.975000000002 1.0000000180025095e-35 73335.470115568198
decision_type=2 2 2 2 2 2 2 2 2 1 1 2 2 2 1 2 2 1 2 2 2 1 2 2 2 2 2 2 2 2
left_child=2 -2 -1 6 -5 -6 8 -8 10 28 -4 -12 -11 21 15 -13 -16 20 19 27 -15 22 -14 -23 -25 -26 -10 -7 -9 -22
right_child=1 -3 3 4 5 18 7 9 26 12 11 14 13 17 16 -17 -18 -19 -20 -21 29 23 -24 24 25 -27 -28 -29 -30 -31
leaf_value=-0.31605360661640264 -14.160821567262923 4.0252498106522996 28.415951465425039 -9.6989199927989276 25.157603473663329 -29.557442426681519 -28.316075515747073 32.999872375178988 0.28537831533522834 23.03660425731114 -22.492615672816402 11.032723708379837 -34.041744128140543 20.733132413063927 -1.1402611500508077 -32.118755016326908 23.881837558746341 -2.1457408376278417 1.5469526049450764 15.886722428458079 12.161170300377741 -11.946147851852908 -1.0545509772830541 27.607136132982045 -16.214308080928667 14.868601413726807 -25.61968994140625 -7.607382770206617 8.3747427145640057 -11.185219417918812
leaf_weight=4689 28 22 21 149 20 32 20 37 21 35 23 21 22 87 37 20 36 62 720 21 45 36 45 27 42 50 44 46 24 22
leaf_count=4689 28 22 21 149 20 32 20 37 21 35 23 21 22 87 37 20 36 62 720 21 45 36 45 27 42 50 44 46 24 22
internal_value=-1.8047e-08 -6.15895 0.0477142 1.01412 -0.799937 0.780455 3.3208 5.80372 -2.84753 7.08161 3.07768 -0.806289 4.98857 3.54637 3.56902 -10.0168 11.1994 9.12928 0.185164 -9.71875 13.6686 -1.88564 -11.8862 2.43716 6.78842 0.678578 -17.2504 -16.6125 23.3113 4.49519
internal_weight=6504 50 6454 1765 988 839 777 554 223 534 158 137 473 438 114 41 73 216 819 99 154 222 67 155 119 92 65 78 61 67
internal_count=6504 50 6454 1765 988 839 777 554 223 534 158 137 473 438 114 41 73 216 819 99 154 222 67 155 119 92 65 78 61 67
cat_boundaries=0 1 2 3 4 5
cat_threshold=1 4 4 4 2
is_linear=0
shrinkage=0.05


Tree=186
num_leaves=31
num_cat=2
split_feature=9 5 5 3 5 0 3 3 1 3 1 3 6 1 1 1 3 9 4 0 1 4 9 3 0 7 4 3 1 1
split_gain=797625 3.37288e+06 5.98958e+06 1.02826e+07 6.77241e+06 6.28702e+06 6.82207e+06 7.11391e+06 5.88451e+06 5.63308e+06 5.36252e+06 6.99781e+06 1.29617e+07 6.09022e+06 5.26181e+06 1.16365e+07 6.57306e+06 5.21004e+06 8.50433e+06 5.75808e+06 4.80953e+06 4.62893e+06 5.59021e+06 3.90026e+06 3.86103e+06 3.78503e+06 3.73712e+06 3.35574e+06 3.87635e+06 3.19613e+06
threshold=2.5000000000000004 -0.70710678118654757 1.0000000180025095e-35 27451.273072404285 0.78656609248549303 60647.829716333341 24743.287908519629 29371.689118434351 17501.933333333338 26788.521953398133 18913.854166666675 24610.785403644 0 19596.858333333334 19612.591666666671 19604.341666666671 20395.844495093614 1.5000000000000002 0.78656609248549325 82971.065687075767 19577.379166666669 1.0000000180025095e-35 1.5000000000000002 21561.659067585028 61906.416390917751 1 0.60355339059327384 16696.600854042033 19605.335606060613 19615.573863636368
decision_type=2 2 2 2 2 2 2 2 2 2 2 2 1 2 2 2 2 2 2 2 2 2 2 2 2 1 2 2 2 2
left_child=1 8 5 4 9 26 14 17 25 29 11 12 -6 20 15 16 -7 19 -19 -8 -12 22 -10 -15 -24 -1 -3 -23 -29 -4
right_child=-2 2 3 -5 10 6 7 -9 21 -11 13 -13 -14 23 -16 -17 -18 18 -20 -21 -22 27 24 -25 -26 -27 -28 28 -30 -31
leaf_value=-17.548018748585772 -0.29210376487839851 -6.6691448529561361 2.3266774740168428 35.179988288879393 -33.18593560732328 -20.674046406745912 -29.769567429224651 12.249783498399399 7.2985068726283249 30.5412421635219 -8.2265951974051337 22.695404097613167 10.490549698654487 10.159017192956174 -11.444217462199076 46.76891410827637 14.432209922075272 13.611171717257115 -23.294855785369876 -4.0148042409735565 -40.684523254394534 -12.589082134923629 14.144364276299109 -9.8774267765490915 41.393328078191445 7.4533589045206714 -33.140076045989993 13.104090713447249 -6.0590651557559063 16.79227319734041
leaf_weight=41 5088 24 341 23 26 20 60 34 93 21 21 34 49 33 28 20 40 37 27 34 25 31 26 92 26 24 30 71 42 43
leaf_count=41 5088 24 341 23 26 20 60 34 93 21 21 34 49 33 28 20 40 37 27 34 25 31 26 92 26 24 30 71 42 43
internal_value=3.7278e-08 1.04959 -0.3593 2.29586 1.19172 -5.66962 -2.84262 -8.49757 5.27627 5.32551 -4.7875 3.87932 -4.65063 -10.312 7.21063 13.7398 2.73012 -12.9622 -1.95856 -20.454 -25.8668 8.33353 14.6396 -4.58781 27.7688 -8.31674 -21.3752 1.98367 5.9815 3.94652
internal_weight=6504 1416 1062 708 685 354 300 192 354 405 280 109 75 171 108 80 60 158 64 94 46 289 145 125 52 65 54 144 113 384
internal_count=6504 1416 1062 708 685 354 300 192 354 405 280 109 75 171 108 80 60 158 64 94 46 289 145 125 52 65 54 144 113 384
cat_boundaries=0 1 2
cat_threshold=4 4
is_linear=0
shrinkage=0.05


Tree=187
num_leaves=31
num_cat=0
split_feature=3 3 0 0 5 0 1 9 9 3 0 5 4 1 3 1 5 1 1 1 5 1 1 3 0 3 1 3 3 5
split_gain=811200 6.95974e+06 5.0567e+06 1.00049e+07 4.94509e+06 4.14644e+06 9.08388e+06 3.48249e+06 1.62125e+07 1.51102e+07 1.28786e+07 1.68585e+07 1.21903e+07 7.06365e+06 1.33929e+07 7.32385e+06 5.49908e+06 6.19044e+06 9.70877e+06 5.8968e+06 4.87645e+06 4.74226e+06 1.08801e+07 1.66837e+07 8.39523e+06 8.27468e+06 6.87286e+06 9.86062e+06 1.71042e+07 1.36877e+07
threshold=20041.714912913416 20168.005754415968 54506.000779166665 54878.250022110042 -0.98296291314453399 62443.832710290408 19225.141666666666 4.5000000000000009 3.5000000000000004 21651.008289658188 61488.602057117045 0.91597561503675351 -0.37940952255126059 19157.266666666674 22031.539729966524 18540.641666666674 0.91597561503675351 17500.226136363639 17494.979166666668 17751.417424242427 0.37940952255126048 18537.133333333335 17679.104166666668 24693.414404309813 64842.232008727275 21874.847449542594 17502.866666666672 22181.344437025316 23105.948963543899 0.1294095225512602
decision_type=2 2 2 2 2 2 2 2 2 2 2 2 2 2 2 2 2 2 2 2 2 2 2 2 2 2 2 2 2 2
left_child=-1 5 -3 -4 -5 6 -2 8 16 10 11 -10 20 14 15 -9 21 18 -18 -19 -12 22 26 25 -23 -24 -6 -28 -29 -30
right_child=1 2 3 4 7 -7 -8 13 9 -11 12 -13 -14 -15 -16 -17 17 19 -20 -21 -22 24 23 -25 -26 -27 27 28 29 -31
leaf_value=0.6674379408654435 -49.585403776168825 22.71766434510549 -32.485495249430343 -10.396950152068012 -2.6692430642934948 2.5773507304813554 -7.3440405464172365 13.910216381897531 -45.704536104202276 -40.121512152931906 -18.487364663018123 0.4942588317088592 38.903152542114263 0.7160217096204573 -1.854231868055132 44.791057860851289 -11.833844477197399 -31.031291173299156 35.799091911315919 -6.7066997957878378 5.4518680102550068 14.39579632870945 -12.948762723377772 13.521031829833985 1.5168413218897108 -54.468537541798185 42.499899803508413 -34.700044326782226 -9.9587482070922846 45.536582275390629
leaf_weight=2678 20 24 24 113 260 23 35 48 40 44 36 39 20 1805 90 32 23 30 20 147 52 162 21 25 578 28 22 20 20 25
leaf_count=2678 20 24 24 113 260 23 35 48 40 44 36 39 20 1805 90 32 23 30 20 147 52 162 21 25 578 28 22 20 20 25
internal_value=-1.05328e-08 -0.467172 -0.159533 -0.306969 -0.0982434 -15.2496 -22.7045 0.226193 -1.49826 -13.7586 -7.55556 -22.8975 3.66681 1.63369 11.3772 26.2626 0.552534 -6.69555 10.321 -10.8295 -4.34145 1.92599 -2.31065 -19.7164 4.33629 -36.6743 1.40125 13.5659 3.7729 20.872
internal_weight=6504 3826 3748 3724 3700 78 55 3587 1612 231 187 79 108 1975 170 80 1381 220 43 177 88 1161 421 74 740 49 347 87 65 45
internal_count=6504 3826 3748 3724 3700 78 55 3587 1612 231 187 79 108 1975 170 80 1381 220 43 177 88 1161 421 74 740 49 347 87 65 45
is_linear=0
shrinkage=0.05


Tree=188
num_leaves=31
num_cat=4
split_feature=1 5 8 1 0 1 5 9 3 1 2 6 3 0 9 1 7 4 2 8 1 5 2 2 1 3 1 1 3 5
split_gain=816746 2.22905e+06 949211 4.37328e+06 4.23223e+06 3.59627e+06 5.68479e+06 7.62387e+06 6.56011e+06 6.45284e+06 5.80589e+06 7.34012e+06 4.82866e+06 5.75002e+06 8.46622e+06 1.21623e+07 1.66193e+07 1.10598e+07 8.11377e+06 1.08926e+07 7.19839e+06 5.55656e+06 1.04229e+07 9.16242e+06 7.08447e+06 1.28035e+07 1.74111e+07 7.85762e+06 9.77618e+06 1.1558e+07
threshold=16609.01666666667 -0.37940952255126015 0 22126.670833333334 73335.470115568198 20007.720833333336 -0.5 5.5000000000000009 14424.000396325237 20091.895833333336 39280.541210305011 1 27542.051378997374 58652.020445263166 4.5000000000000009 18542.433333333338 2 0.37940952255126054 34230.980613833337 3 18816.562500000004 0.78656609248549303 46931.994962500008 43957.034054786403 18291.229166666668 23389.702318315027 17504.437500000004 19185.845833333336 23389.702318315027 -0.12940952255126037
decision_type=2 2 1 2 2 2 2 2 2 2 2 1 2 2 2 2 1 2 2 1 2 2 2 2 2 2 2 2 2 2
left_child=1 -1 -2 5 -5 12 7 -7 -8 -10 -11 -12 13 14 15 16 -4 -17 19 -16 -19 23 -23 -15 25 26 -25 -26 -29 -30
right_child=2 -3 3 4 -6 6 8 -9 9 10 11 -13 -14 21 18 17 -18 20 -20 -21 -22 22 -24 24 27 -27 -28 28 29 -31
leaf_value=-4.1108828471257137 0.36741295216581232 16.593303885826696 29.851027710373337 -0.36863552280094314 -30.08810753631592 -28.702273900168287 25.558204714457194 -1.0824132757967917 29.954556009986188 -6.5857827471263377 14.524810072694507 -0.24143081202891203 19.466365051269534 -14.936505640792848 -6.5609774116675057 31.148027516773773 -6.3914041748287485 26.148607559204102 3.5369407882209587 -37.919592581854928 -10.746294980171399 -5.7557131065262688 -35.680737828099453 -36.292085697537381 -22.87790858305636 39.077224903721969 24.411201427601004 11.189179857812746 -35.765169140600385 7.072427327930928
leaf_weight=26 4376 26 37 23 25 28 36 232 22 134 140 211 25 125 120 70 218 20 119 36 39 90 43 21 42 31 27 99 31 32
leaf_count=26 4376 26 37 23 25 28 36 232 22 134 140 211 25 125 120 70 218 20 119 36 39 90 43 21 42 31 27 99 31 32
internal_value=-1.29228e-08 6.24121 -0.0503012 -0.930801 -15.8475 -0.577742 2.02285 -4.05686 4.93395 3.4695 2.26812 5.64824 -2.28246 -2.73556 0.4004 5.19633 -1.1327 17.7072 -6.29646 -13.7976 1.76045 -6.55551 -15.4307 -3.66237 1.31737 14.0299 -2.14649 -3.60562 1.3909 -14.0064
internal_weight=6504 52 6452 2076 48 2028 803 260 543 507 485 351 1225 1200 659 384 255 129 275 156 59 541 133 408 283 79 48 204 162 63
internal_count=6504 52 6452 2076 48 2028 803 260 543 507 485 351 1225 1200 659 384 255 129 275 156 59 541 133 408 283 79 48 204 162 63
cat_boundaries=0 1 2 3 4
cat_threshold=4 1 1 2
is_linear=0
shrinkage=0.05


Tree=189
num_leaves=31
num_cat=3
split_feature=2 0 9 2 5 9 1 1 1 3 5 3 1 1 4 7 4 8 4 5 4 3 2 3 9 1 6 2 3 4
split_gain=800802 4.30228e+06 2.89176e+06 2.42142e+06 1.33085e+06 1.31728e+06 3.47256e+06 7.54939e+06 6.84804e+06 5.56689e+06 7.35611e+06 6.2943e+06 9.39327e+06 6.23016e+06 6.1344e+06 5.25345e+06 5.21254e+06 5.03123e+06 4.96065e+06 6.83471e+06 6.35991e+06 4.0974e+06 3.42251e+06 3.38625e+06 2.88232e+06 1.70981e+07 2.07693e+07 1.27549e+07 1.16127e+07 9.37074e+06
threshold=61898.177199296304 82971.065687075767 1.5000000000000002 61544.399579127858 -0.70710678118654757 2.5000000000000004 20593.920833333341 19751.383333333335 19612.591666666671 15811.683412652475 -0.5 24132.652317535834 19237.950000000004 19596.858333333334 0.25881904510252091 0 1.0000000180025095e-35 1 -1.0000000180025095e-35 1.0000000180025095e-35 0.60355339059327384 24743.287908519629 60055.913923202323 19842.312466905601 3.5000000000000004 17498.425000000003 2 39604.644898583261 20314.289634861907 -0.78656609248549303
decision_type=2 2 2 2 2 2 2 2 2 2 2 2 2 2 2 1 2 1 2 2 2 2 2 2 2 2 1 2 2 2
left_child=3 2 -2 5 -3 6 7 8 9 14 11 12 16 -14 15 -1 -11 -9 -10 -20 -21 -13 -23 -15 25 28 27 -27 -7 -28
right_child=1 4 -4 -5 -6 24 -8 17 18 10 -12 21 13 23 -16 -17 -18 -19 19 20 -22 22 -24 -25 -26 26 29 -29 -30 -31
leaf_value=17.261573295593262 -26.644384705578844 -11.175363781141199 -4.5802114544492785 15.656652057647705 1.4105801566080614 19.981092926307962 -11.163205731373568 32.967365723848346 3.5568319956461587 18.15454608415946 0.80261908545133565 -16.909903890436347 52.045660718282072 34.693997116088866 -27.935327561696369 -12.748272384916035 -8.6300183264648211 0.99911891937255859 -39.019817154224107 -26.57937194052197 11.478821446584618 10.599637912198117 -12.157345466613769 5.9467118036179318 0.20541502684607282 -17.484545697484698 10.058313392253405 -62.592281297326089 -2.1645117694184979 -8.1171784402306244
leaf_weight=25 27 23 33 25 242 108 52 32 39 39 701 22 24 20 30 35 34 20 26 21 23 95 20 21 4131 42 89 25 131 349
leaf_count=25 27 23 33 25 242 108 52 32 39 39 701 22 24 20 30 35 34 20 26 21 23 95 20 21 4131 42 89 25 131 349
internal_value=-7.81028e-09 -2.41913 -14.5091 0.12724 0.318215 0.0641537 1.49233 2.02867 1.20361 2.42419 3.52141 10.4519 17.9889 31.8132 -9.47456 -0.24417 5.67954 20.6719 -10.7335 -18.6953 -6.68532 2.85986 6.6419 19.9698 -0.310541 -3.17534 -8.38983 -34.3158 7.84271 -4.42398
internal_weight=6504 325 60 6179 265 6154 1279 1227 1175 1066 976 275 138 65 90 60 73 52 109 70 44 137 115 41 4875 744 505 67 239 438
internal_count=6504 325 60 6179 265 6154 1279 1227 1175 1066 976 275 138 65 90 60 73 52 109 70 44 137 115 41 4875 744 505 67 239 438
cat_boundaries=0 1 2 3
cat_threshold=1 4 1
is_linear=0
shrinkage=0.05


Tree=190
num_leaves=31
num_cat=2
split_feature=2 5 7 2 1 1 0 1 0 1 3 3 3 2 1 1 1 1 1 1 1 0 1 1 1 0 1 6 3 0
split_gain=796194 757487 4.83197e+06 8.8621e+06 8.60939e+06 1.65337e+07 7.63904e+06 9.44064e+06 1.08094e+07 9.65043e+06 1.36798e+07 7.69202e+06 7.56906e+06 7.50482e+06 1.46053e+07 6.68242e+06 6.4002e+06 9.78115e+06 1.04094e+07 6.15595e+06 5.51525e+06 5.33779e+06 6.72987e+06 5.18567e+06 4.66542e+06 5.59579e+06 4.46973e+06 3.37327e+06 6.14671e+06 3.33549e+06
threshold=13588.855936500004 -0.78656609248549325 0 37693.703530910403 18531.924621212125 19221.367803030309 53664.030421793403 19261.966666666671 55448.089057333353 19612.591666666671 22662.117511438799 11140.00792902174 25502.914030895587 37693.703530910403 19211.495833333338 20221.150000000001 19907.125000000004 20193.854166666672 20230.716666666671 21233.400000000001 20681.966666666671 64238.325657963032 17496.920833333334 18122.850000000002 20593.920833333341 66735.115649138301 17494.979166666668 1 26070.623547587365 39539.52726475001
decision_type=2 2 1 2 2 2 2 2 2 2 2 2 2 2 2 2 2 2 2 2 2 2 2 2 2 2 2 1 2 2
left_child=-1 2 3 4 -2 -6 11 13 -9 10 -10 15 -12 -8 21 29 -11 -18 -19 24 -7 23 -23 -15 25 -20 -13 -21 -29 -4
right_child=1 -3 6 -5 5 20 7 8 9 16 12 26 -14 14 -16 -17 17 18 19 27 -22 22 -24 -25 -26 -27 -28 28 -30 -31
leaf_value=8.7321887749892024 6.6530844211578373 0.23963971227193304 -4.3955141964525284 -0.065619626939296724 -61.811171468098962 3.3399487018585208 11.839832073709239 -34.061247877641158 51.471421437036433 -26.369571472167969 -9.9731129320044261 28.423669352531434 21.188242735862733 -7.0501482009887697 -56.18111173456365 19.856036163330078 24.87570495605469 -35.376062153603719 -19.355385626279393 -26.225701770782475 -31.037945404052735 -24.198378725051882 11.97600741783778 -41.380337460610008 18.071435931476497 10.296997949553699 8.0489857038468795 5.9066134439387792 -15.460167789459229 -24.794300018310551
leaf_weight=26 24 5149 101 160 24 28 23 22 21 25 38 30 40 22 22 25 35 23 26 20 20 20 36 22 59 41 262 71 64 25
leaf_count=26 24 5149 101 160 24 28 23 22 21 25 38 30 40 22 22 25 35 23 26 20 20 20 36 22 59 41 262 71 64 25
internal_value=-2.04094e-08 -0.0350474 -1.09928 -7.27162 -19.2816 -27.9265 0.373338 -3.16436 0.182312 1.80944 15.651 5.40438 6.00707 -14.3584 -19.2974 -3.75764 -1.95517 -0.1547 -3.03649 -0.389479 -10.9842 -11.183 -0.943416 -24.2152 7.81866 -1.2099 10.1423 -7.0619 -4.22282 -8.44289
internal_weight=6504 6478 1329 256 96 72 1073 630 485 463 99 443 78 145 122 151 364 339 304 281 48 100 56 44 126 67 292 155 135 126
internal_count=6504 6478 1329 256 96 72 1073 630 485 463 99 443 78 145 122 151 364 339 304 281 48 100 56 44 126 67 292 155 135 126
cat_boundaries=0 1 2
cat_threshold=2 1
is_linear=0
shrinkage=0.05


Tree=191
num_leaves=31
num_cat=5
split_feature=1 5 3 3 0 0 1 5 8 2 2 0 4 9 1 1 1 3 7 5 1 1 1 9 7 5 8 1 8 1
split_gain=787688 1.92029e+06 831712 6.14586e+06 4.64133e+06 9.03359e+06 4.61824e+06 4.1402e+06 3.87457e+06 6.33016e+06 3.52796e+06 5.63538e+06 6.66547e+06 4.39234e+06 3.39776e+06 3.19734e+07 1.21548e+07 1.23201e+07 1.8911e+07 9.95308e+06 7.64969e+06 1.22693e+07 9.30597e+06 6.80532e+06 3.01013e+07 1.99766e+07 1.23066e+07 1.11469e+07 1.21053e+07 1.71543e+07
threshold=16609.01666666667 -0.37940952255126015 20041.714912913416 20168.005754415968 54506.000779166665 54878.250022110042 17315.757954545457 -0.98296291314453399 0 41044.07014635302 48232.493053152779 65350.315839364404 -0.91597561503675329 5.5000000000000009 19236.020833333336 19204.258333333335 19231.125000000004 16941.471242588374 1 -0.9159756150367534 18188.416666666668 18145.554166666672 17679.104166666668 3.5000000000000004 2 1.0000000180025095e-35 3 19013.812500000004 4 19133.395833333336
decision_type=2 2 2 2 2 2 2 2 1 2 2 2 2 2 2 2 2 2 1 2 2 2 2 2 1 2 1 2 1 2
left_child=1 -1 10 8 -5 -6 -7 -8 9 -4 11 14 13 -13 15 20 17 19 -19 -17 21 22 -2 24 -22 -26 -25 -28 29 -29
right_child=2 -3 3 4 5 6 7 -9 -10 -11 -12 12 -14 -15 -16 16 -18 18 -20 -21 23 -23 -24 26 25 -27 27 28 -30 -31
leaf_value=-3.479221726151613 3.0214061273156472 15.737585067749023 -21.045602010885876 21.682840446631115 -30.952260398864748 -23.015552508560095 -9.5457237127664936 0.26166022040867476 -29.731575301841453 14.746895908174061 -20.294601211547853 16.382430648803712 32.51295434951782 -13.973291293057528 -1.4742571315723687 26.604047744750979 48.949180726082098 11.377082246000118 57.734090909090916 -11.444868602752686 -67.103114750074312 23.460975889116526 -16.420661051736939 -33.244859487845979 9.4078353180604832 -30.940582915147147 10.490758689544485 -40.884179158644244 -28.554246191024784 6.9387880748475155
leaf_weight=26 424 26 30 24 24 22 111 3524 27 21 20 26 30 22 1258 25 31 66 33 55 23 64 72 29 85 48 159 22 50 127
leaf_count=26 424 26 30 24 24 22 111 3524 27 21 20 26 30 22 1258 25 31 66 33 55 23 64 72 29 85 48 159 22 50 127
internal_value=1.15896e-08 6.12918 -0.0493982 -0.52623 -0.233817 -0.376713 -0.176053 -0.0378225 -14.4158 -6.30751 0.626456 0.78441 14.0246 2.46939 0.382724 2.16192 20.0437 15.0377 26.8294 0.445418 -1.24258 2.85766 0.199171 -5.4712 -14.2875 -5.154 -1.91733 0.62037 -7.26602 -0.122321
internal_weight=6504 52 6452 3783 3705 3681 3657 3635 78 51 2669 2649 78 48 2571 1313 210 179 99 80 1103 560 496 543 156 133 387 358 199 149
internal_count=6504 52 6452 3783 3705 3681 3657 3635 78 51 2669 2649 78 48 2571 1313 210 179 99 80 1103 560 496 543 156 133 387 358 199 149
cat_boundaries=0 1 2 3 4 5
cat_threshold=4 4 2 1 4
is_linear=0
shrinkage=0.05


Tree=192
num_leaves=31
num_cat=3
split_feature=3 2 5 6 1 3 0 5 0 7 7 5 0 3 0 1 1 1 1 2 0 3 9 9 3 9 1 1 4 1
split_gain=760972 2.17964e+06 2.09348e+06 1.74343e+06 1.54235e+06 2.27323e+06 1.16186e+06 3.81338e+06 3.13243e+06 2.7598e+06 1.26531e+06 4.9232e+06 1.07074e+07 5.40486e+06 5.60588e+06 4.44751e+06 4.43914e+06 6.66751e+06 6.51409e+06 6.06137e+06 7.40213e+06 1.51806e+07 7.99378e+06 6.52653e+06 6.1274e+06 3.66419e+06 7.32146e+06 9.07638e+06 3.28761e+06 2.86845e+06
threshold=9447.6797004382988 20574.646844833343 -0.78656609248549325 0 19831.041666666668 7241.9248794303849 42890.444056500004 -0.98296291314453399 43312.049806833333 1 2 -0.37940952255126015 60518.27442637999 15259.589545942401 49259.15262866667 19650.995833333338 21916.975000000002 20681.966666666671 20658.583333333339 36833.73313700001 58002.819306598416 18378.004498391369 1.5000000000000002 6.5000000000000009 20889.941653184174 5.5000000000000009 18816.562500000004 17879.841666666671 0.12940952255126045 17502.866666666672
decision_type=2 2 2 1 2 2 2 2 2 1 1 2 2 2 2 2 2 2 2 2 2 2 2 2 2 2 2 2 2 2
left_child=2 -2 3 -1 5 -5 7 -3 -8 -9 11 12 13 14 -10 -15 17 18 19 23 21 -21 24 25 -22 26 27 -13 -28 -24
right_child=1 6 -4 4 -6 -7 8 9 10 -11 -12 16 -14 15 -16 -17 -18 -19 -20 20 22 -23 29 -25 -26 -27 28 -29 -30 -31
leaf_value=11.556204986572267 -12.710515706679402 24.867756452560428 15.080982792762018 2.2824017238616943 9.3871958868844185 -15.036389244927301 -17.4197187432876 14.793335342407227 -3.6528281505291278 -5.9468899987778574 0.23436669852430947 12.035200675113781 32.28485401153565 -28.704513417119564 20.450096739663021 -1.9638056834538777 -20.69690717061361 14.956658872702846 -32.216221122514632 -2.2020899807965315 25.803470206260684 -59.675383415222171 6.9732784843444824 28.733819267966535 -8.4747800068421792 -17.892974454879759 2.9297803464143173 -21.229650615609213 27.879287409013319 -13.38796371743083
leaf_weight=28 34 20 31 40 21 36 26 23 52 53 5455 37 30 23 45 48 39 46 21 27 32 20 20 22 22 25 23 46 31 128
leaf_count=28 34 20 31 40 21 36 26 23 52 53 5455 37 30 23 45 48 39 46 21 27 32 20 20 22 22 25 23 46 31 128
internal_value=-1.54178e-08 -0.0847828 3.45001 0.565527 -2.60704 -5.92124 -0.016795 5.44184 -0.101071 0.329757 -0.0283508 -1.97289 4.76963 -0.143805 7.52894 -10.6263 -4.44973 -3.18245 -5.02033 -3.70136 -8.78671 -26.6588 -4.62836 3.18044 11.8383 -0.289772 2.92249 -6.40074 17.2526 -10.6364
internal_weight=6504 6348 156 125 97 76 6314 96 6218 76 6192 737 198 168 97 71 539 500 454 433 249 47 202 184 54 162 137 83 54 148
internal_count=6504 6348 156 125 97 76 6314 96 6218 76 6192 737 198 168 97 71 539 500 454 433 249 47 202 184 54 162 137 83 54 148
cat_boundaries=0 1 2 3
cat_threshold=1 1 1
is_linear=0
shrinkage=0.05


Tree=193
num_leaves=31
num_cat=4
split_feature=1 1 0 1 4 5 9 1 1 1 3 3 7 3 0 1 0 7 2 8 3 2 1 8 0 2 5 0 9 3
split_gain=778326 9.07736e+06 1.91665e+07 7.14264e+06 6.48439e+06 7.74653e+06 6.46548e+06 1.10236e+07 9.44919e+06 1.18295e+07 1.60237e+07 2.14038e+07 1.61026e+07 1.20731e+07 1.68176e+07 8.52578e+06 7.81146e+06 7.71327e+06 8.44007e+06 8.69904e+06 7.30987e+06 5.29161e+06 4.50146e+06 4.41954e+06 7.58227e+06 4.75474e+06 3.97461e+06 1.11605e+07 1.09325e+07 6.4036e+06
threshold=19013.812500000004 19133.395833333336 57800.862429364868 18557.520833333336 -0.91597561503675329 -0.12940952255126037 3.5000000000000004 17451.616666666672 17679.104166666668 18535.100000000002 20085.986173698981 20964.40588294487 0 25365.639862003631 61042.454143363087 17523.445833333335 61488.602057117045 1 40868.395504912864 2 15623.910963666031 34742.190494653587 18354.39166666667 3 68531.874499846293 54658.264899750015 0.25881904510252057 58804.112723000006 4.5000000000000009 15898.752562220425
decision_type=2 2 2 2 2 2 2 2 2 2 2 2 1 2 2 2 2 1 2 1 2 2 2 1 2 2 2 2 2 2
left_child=3 2 -2 4 5 -1 8 -8 -6 13 12 -12 21 14 20 -9 -13 -17 19 -19 -10 -11 -20 -7 -25 -26 28 -28 29 -5
right_child=1 -3 -4 26 6 23 7 15 9 10 11 16 -14 -15 -16 17 -18 18 22 -21 -22 -23 -24 24 25 -27 27 -29 -30 -31
leaf_value=21.817137888203497 -51.471101350050709 -0.10797141701704123 9.2402089623304526 34.396000615755717 -0.29843661453066428 -14.695784169977362 -27.530031138200027 36.332911734147508 -2.3122968784598417 19.688851184844971 57.904577522277833 -23.840416240692139 -46.507497824392011 13.120661579478872 -63.72630167675019 -10.898713780150695 10.862134666442872 28.002598763174479 3.5013114135942338 5.5237509852257851 -29.61799533659952 -16.682864303588868 -18.406545644817932 25.168969233376643 -17.858867239182995 9.216208093306598 44.748955285107655 5.6130254830632893 -25.077613624572756 2.975920375823975
leaf_weight=69 26 4629 26 24 718 33 26 22 43 20 20 24 31 22 25 68 50 72 81 107 57 20 33 35 31 34 27 56 25 50
leaf_count=69 26 4629 26 24 718 33 26 22 43 20 20 24 31 22 25 68 50 72 81 107 57 20 33 35 31 34 27 56 25 50
internal_value=-3.2188e-08 -0.341338 -21.1154 0.876469 -0.165819 8.22308 -1.34341 3.97518 -3.45536 -10.7203 -1.53081 12.0109 -19.4593 -21.0351 -27.0465 6.11392 -0.392747 4.27232 7.79324 14.5655 -17.8765 1.50299 -2.84044 1.17052 6.4064 -3.69652 10.2742 18.344 3.50868 13.1662
internal_weight=6504 4681 52 1823 1641 202 1439 409 1030 312 165 94 71 147 125 383 74 361 293 179 100 40 114 133 100 65 182 83 99 74
internal_count=6504 4681 52 1823 1641 202 1439 409 1030 312 165 94 71 147 125 383 74 361 293 179 100 40 114 133 100 65 182 83 99 74
cat_boundaries=0 1 2 3 4
cat_threshold=4 1 4 2
is_linear=0
shrinkage=0.05


Tree=194
num_leaves=31
num_cat=4
split_feature=2 0 0 3 1 1 1 1 0 8 1 6 3 0 2 3 1 2 1 7 5 2 3 3 2 2 9 8 1 2
split_gain=758639 9.56608e+06 4.8523e+06 4.46814e+06 2.02444e+07 8.43207e+06 1.65639e+07 1.03709e+07 6.54758e+06 9.54301e+06 6.48915e+06 5.8837e+06 5.23225e+06 6.39745e+06 5.71445e+06 4.5347e+06 6.42228e+06 4.0159e+06 4.13072e+06 4.08366e+06 3.69028e+06 3.65524e+06 5.58013e+06 8.44797e+06 8.28396e+06 5.70467e+06 4.78586e+06 7.30604e+06 8.87477e+06 5.14299e+06
threshold=46426.86133883334 65453.69474540979 64720.207834333334 21157.603557165454 18543.879166666669 19604.341666666671 19231.125000000004 19222.716287878793 67261.33371458335 0 19615.573863636368 1 21696.931891842727 67680.303014791672 47932.24978641668 22425.511515306618 19198.104166666672 48467.609968855621 20653.858333333334 2 -0.12940952255126037 43319.386962000026 21874.847449542594 21157.603557165454 44190.380012000001 45430.921084133784 2.5000000000000004 3 20167.237500000003 44289.316625196974
decision_type=2 2 2 2 2 2 2 2 2 1 2 1 2 2 2 2 2 2 2 1 2 2 2 2 2 2 2 1 2 2
left_child=21 2 -2 4 -3 6 7 -6 9 -5 -7 -12 -10 14 -14 16 -11 18 -15 -19 -21 -1 23 26 -25 -26 29 28 -28 -23
right_child=1 3 -4 8 5 10 -8 -9 12 15 11 -13 13 17 -16 -17 -18 19 -20 20 -22 22 -24 24 25 -27 27 -29 -30 -31
leaf_value=-0.27586301498801935 -4.7708848372749664 49.008533952713016 -35.523531736176594 -37.670943963086167 -13.977470866612027 35.965453677177429 -50.700420684814453 31.157160644531253 -13.526347940308709 -2.3059060606463202 -16.53978456656138 13.300107135412828 -0.92278795656950585 25.083191797810215 32.450280778161407 1.640181867371906 -39.135659675598149 -16.39840121269226 2.1056524644482812 -2.3490895062557926 2.3085641149919875 36.01934684753418 -0.88363001071489777 38.837755723901701 -3.9601490536251585 24.19880634852818 -43.130182962417607 4.7128505570999044 0.16430863527388409 5.329215857040051
leaf_weight=3406 23 25 29 27 35 20 20 20 70 29 24 53 23 31 29 88 20 40 53 938 778 20 351 37 37 35 20 151 29 43
leaf_count=3406 23 25 29 27 35 20 20 20 70 29 24 53 23 31 29 88 20 40 53 938 778 20 351 37 37 35 20 151 29 43
internal_value=-2.65673e-09 -0.712013 -21.9214 -0.237244 6.96648 0.855717 -11.7344 2.43512 -0.904758 -10.5022 10.5903 3.99936 -0.102523 0.39413 17.6891 -5.1478 -17.3385 -0.0946416 10.5855 -0.605535 -0.237403 0.40955 3.63848 7.90531 19.6094 9.72823 3.05454 -0.730991 -17.5069 15.0721
internal_weight=6504 2375 52 2323 197 172 75 55 2126 164 97 77 1962 1892 52 137 49 1840 84 1756 1716 4129 723 372 109 72 263 200 49 63
internal_count=6504 2375 52 2323 197 172 75 55 2126 164 97 77 1962 1892 52 137 49 1840 84 1756 1716 4129 723 372 109 72 263 200 49 63
cat_boundaries=0 1 2 3 4
cat_threshold=1 2 1 2
is_linear=0
shrinkage=0.05


Tree=195
num_leaves=31
num_cat=1
split_feature=3 3 0 0 0 0 0 1 1 4 9 4 1 2 0 0 4 1 9 3 8 2 3 2 3 4 1 9 2 9
split_gain=784552 5.10265e+06 3.4414e+06 6.85277e+06 8.23762e+06 3.29545e+06 5.5764e+06 2.83641e+06 8.4115e+06 3.00134e+06 6.74073e+06 1.1749e+07 9.359e+06 8.54159e+06 6.58121e+06 7.75877e+06 5.9313e+06 7.38242e+06 6.91893e+06 6.86695e+06 5.57212e+06 9.50783e+06 9.46586e+06 8.84527e+06 8.05918e+06 7.52985e+06 6.16967e+06 5.41553e+06 8.68383e+06 5.32672e+06
threshold=18378.004498391369 18309.930745627837 53838.49388466667 54389.189271580304 54878.250022110042 55143.83724058362 55448.089057333353 22001.545833333337 21696.658333333336 -0.60355339059327362 3.5000000000000004 0.12940952255126045 17498.425000000003 37693.703530910403 52913.345731490561 50626.154350000303 -1.0000000180025095e-35 19230.145833333332 4.5000000000000009 12234.145103318357 0 33785.58561383334 15385.889429722092 34617.549578166676 16889.389546719274 0.91597561503675362 20702.375000000004 5.5000000000000009 29825.346077166669 2.5000000000000004
decision_type=2 2 2 2 2 2 2 2 2 2 2 2 2 2 2 2 2 2 2 2 1 2 2 2 2 2 2 2 2 2
left_child=1 7 -2 -4 -5 -6 -7 8 9 -1 11 14 29 16 15 -11 17 18 19 -12 22 25 26 -23 -24 -22 -18 -19 -29 -13
right_child=2 -3 3 4 5 6 -8 -9 -10 10 13 12 -14 -15 -16 -17 20 27 -20 -21 21 23 24 -25 -26 -27 -28 28 -30 -31
leaf_value=-2.7536628960648128 -13.679652369022371 22.83546760265644 21.208879321330304 -19.628781547546389 18.319472209612528 -20.429270444196817 -0.10074259552459382 18.814413131986345 -24.310442118083731 5.247799238136837 -2.2008372480219065 -10.084759936794159 -19.329333819859272 20.866928124773331 -20.407831268310549 39.056580691337587 2.7360561421042995 -28.678244837318978 -10.315230869024228 36.101001003265381 6.7875962582297165 42.361820340925647 -26.706673595484563 11.86388617403367 -1.0801411083766392 -10.267290744298622 30.628232757250473 -25.422536037586354 13.663407961527506 19.727564597951954
leaf_weight=456 48 26 37 55 24 34 4330 21 34 112 22 31 138 69 20 20 114 41 39 25 358 31 51 102 77 79 24 27 30 29
leaf_count=456 48 26 37 55 24 34 4330 21 34 112 22 31 138 69 20 20 114 41 39 25 358 31 51 102 77 79 24 27 30 29
internal_value=2.41311e-08 0.831286 -0.36277 -0.220089 -0.398543 -0.157508 -0.259123 0.537897 0.33893 0.781188 1.90134 -4.13499 -12.1615 3.84139 6.32058 10.3703 2.68966 -5.43751 5.25363 18.1725 4.47841 7.26698 -1.49708 18.9724 -11.2907 3.70445 7.58687 -14.8195 -4.85099 4.32453
internal_weight=6504 1976 4528 4480 4443 4388 4364 1950 1929 1895 1439 350 198 1089 152 132 1020 184 86 47 836 570 266 133 128 437 138 98 57 60
internal_count=6504 1976 4528 4480 4443 4388 4364 1950 1929 1895 1439 350 198 1089 152 132 1020 184 86 47 836 570 266 133 128 437 138 98 57 60
cat_boundaries=0 1
cat_threshold=2
is_linear=0
shrinkage=0.05


Tree=196
num_leaves=31
num_cat=3
split_feature=1 1 0 1 4 5 9 1 1 1 3 3 7 3 3 1 4 0 3 7 2 1 1 5 1 8 0 2 5 0
split_gain=784770 8.31914e+06 1.7482e+07 6.3994e+06 5.57643e+06 7.05344e+06 5.64088e+06 1.00836e+07 8.19215e+06 1.05421e+07 1.41062e+07 1.91782e+07 1.43375e+07 1.07691e+07 1.52831e+07 7.56032e+06 7.19818e+06 7.13047e+06 5.18984e+06 5.18736e+06 4.70389e+06 4.54117e+06 6.94855e+06 5.45111e+06 3.97077e+06 3.70623e+06 6.33703e+06 4.2064e+06 3.52447e+06 9.8961e+06
threshold=19013.812500000004 19133.395833333336 57800.862429364868 18557.520833333336 -0.91597561503675329 -0.12940952255126037 3.5000000000000004 17451.616666666672 17679.104166666668 18535.100000000002 20085.986173698981 20964.40588294487 0 25365.639862003631 20712.029149726561 17523.445833333335 -1.0000000180025095e-35 61488.602057117045 15623.910963666031 1 34742.190494653587 18354.39166666667 18157.095833333336 0.37940952255126048 18145.554166666672 2 68531.874499846293 54493.029678761777 0.25881904510252057 58804.112723000006
decision_type=2 2 2 2 2 2 2 2 2 2 2 2 1 2 2 2 2 2 2 1 2 2 2 2 2 1 2 2 2 2
left_child=3 2 -2 4 5 -1 8 -8 -6 13 12 -12 20 14 18 -9 21 -13 -10 -18 -11 22 23 -17 -21 -7 -27 -28 -5 -30
right_child=1 -3 -4 28 6 25 7 15 9 10 11 17 -14 -15 -16 16 19 -19 -20 24 -22 -23 -24 -25 -26 26 27 -29 29 -31
leaf_value=20.644640374529189 -49.221370697021484 -0.11934030483784441 8.7607175386868992 3.4045449083501644 -0.23175432644888222 -13.586280389265582 -26.362720298767091 34.271460966630421 -1.8949896368869519 18.844093389511109 54.887184295654301 -22.698364988962808 -43.605004464426351 12.58547987504439 -53.385995408807482 2.6769607653220495 -6.089670562744141 10.457042003631592 -25.932268585042749 -2.7896445095539093 -15.448358345031739 -18.468113697614779 19.162189352161743 -28.914068863608623 16.599994044114421 22.890883265904019 -17.669729627411943 7.9179909812079536 42.238773444846828 5.3864256978034977
leaf_weight=69 26 4629 26 99 718 33 26 22 43 20 20 24 31 22 35 36 43 50 47 32 20 43 34 22 151 35 29 36 27 56
leaf_count=69 26 4629 26 99 718 33 26 22 43 20 20 24 31 22 35 36 43 50 47 32 20 43 34 22 151 35 29 36 27 56
internal_value=-3.39171e-09 -0.342748 -20.2303 0.88009 -0.10648 7.67297 -1.19852 3.76935 -3.1712 -9.93569 -1.26064 11.4451 -18.0823 -19.673 -25.3505 5.81487 4.08067 -0.296063 -14.4478 9.5375 1.69787 -5.05447 1.21495 -9.30584 13.2095 0.943302 5.73806 -3.49807 9.77548 17.3745
internal_weight=6504 4681 52 1823 1641 202 1439 409 1030 312 165 94 71 147 125 383 361 74 90 226 40 135 92 58 183 133 100 65 182 83
internal_count=6504 4681 52 1823 1641 202 1439 409 1030 312 165 94 71 147 125 383 361 74 90 226 40 135 92 58 183 133 100 65 182 83
cat_boundaries=0 1 2 3
cat_threshold=4 1 2
is_linear=0
shrinkage=0.05


Tree=197
num_leaves=31
num_cat=7
split_feature=3 3 2 4 1 1 7 6 0 9 5 1 1 1 8 8 1 1 6 1 2 2 4 7 8 5 9 1 1 3
split_gain=763495 1.0346e+07 5.65249e+06 2.79317e+06 7.33821e+06 1.21227e+07 7.3555e+06 9.03621e+06 1.06216e+07 7.28917e+06 9.19311e+06 1.16292e+07 5.68543e+06 4.75249e+06 6.73949e+06 4.27168e+06 5.68314e+06 5.15864e+06 9.91699e+06 6.55076e+06 4.16797e+06 6.61836e+06 5.68065e+06 6.50737e+06 4.26835e+06 6.93473e+06 4.16091e+06 4.30095e+06 6.04824e+06 4.0715e+06
threshold=17989.580444969844 17930.13998384761 33598.988840666665 -0.37940952255126059 18913.854166666675 19133.395833333336 0 1 58387.883350750002 3.5000000000000004 -0.9159756150367534 17498.425000000003 18690.645833333336 20007.720833333336 2 3 18188.416666666668 17498.425000000003 4 17315.757954545457 34230.980613833337 34481.004207333339 0.91597561503675362 5 6 0.60355339059327384 4.5000000000000009 19229.07916666667 18354.39166666667 15623.910963666031
decision_type=2 2 2 2 2 2 1 1 2 2 2 2 2 2 1 1 2 2 1 2 2 2 2 1 1 2 2 2 2 2
left_child=1 3 -2 4 12 -6 7 -7 13 10 -5 -12 15 14 -9 -1 17 19 -19 -17 22 -22 26 -24 25 -23 27 28 -11 -25
right_child=2 -3 -4 9 5 6 -8 8 -10 20 11 -13 -14 -15 -16 16 -18 18 -20 -21 21 24 23 29 -26 -27 -28 -29 -30 -31
leaf_value=10.084234274517407 -24.54065626462301 32.1835774568411 -0.21303322985552475 3.9994439670533843 -43.573136737129907 -40.095323501586918 3.5899536127352536 -28.281795247395834 14.005352614074946 -0.94697024424870824 6.9592187881469734 -24.032205619025476 28.001133220846004 -34.148311778477265 7.5374814066393627 9.858166074752809 -21.764967378448038 27.605615693169671 -12.688602975698618 -27.688239992581881 37.106004552841192 -16.437405360617287 9.0762556840976085 -8.927101749374021 12.375193831832322 13.636305073897043 1.4910727501176952 -7.612993768545298 22.114671767841685 -33.558943802377449
leaf_weight=88 24 26 4660 132 22 25 131 24 40 42 44 97 22 28 29 21 34 37 26 26 20 41 39 62 135 36 456 26 88 23
leaf_count=88 24 26 4660 132 22 25 131 24 40 42 44 97 22 28 29 21 34 37 26 26 20 41 39 62 135 36 456 26 88 23
internal_value=9.28407e-09 0.869072 -0.337684 0.415238 -2.54026 -7.84891 -5.0116 -12.7294 -7.07533 1.73223 -5.48349 -14.3611 3.7089 -17.4855 -8.68257 1.40532 -3.89846 1.62392 10.9763 -10.9122 3.76724 9.61097 1.9252 -7.83356 7.0171 -2.37697 3.90247 10.9512 14.664 -15.5922
internal_weight=6504 1820 4684 1794 553 299 277 146 121 1241 273 141 254 81 53 232 144 110 63 47 968 232 736 124 212 77 612 156 130 85
internal_count=6504 1820 4684 1794 553 299 277 146 121 1241 273 141 254 81 53 232 144 110 63 47 968 232 736 124 212 77 612 156 130 85
cat_boundaries=0 1 2 3 4 5 6 7
cat_threshold=4 2 4 4 1 2 2
is_linear=0
shrinkage=0.05


Tree=198
num_leaves=31
num_cat=4
split_feature=1 1 0 0 4 5 9 1 1 7 0 8 1 1 3 3 7 3 0 7 3 1 5 3 5 0 5 2 0 5
split_gain=740395 6.72866e+06 6.03915e+06 7.64147e+06 5.29229e+06 6.95925e+06 4.7579e+06 8.84089e+06 6.7325e+06 6.47593e+06 7.12815e+06 7.23604e+06 6.1303e+06 1.0653e+07 1.37535e+07 1.58147e+07 1.23215e+07 9.59793e+06 1.41975e+07 8.57257e+06 5.65998e+06 4.74479e+06 7.59303e+06 1.27574e+07 4.52005e+06 4.51692e+06 4.51514e+06 4.15557e+06 3.77329e+06 3.58589e+06
threshold=18913.854166666675 18560.691666666669 53664.030421793403 60224.162688081407 -0.91597561503675329 -0.12940952255126037 3.5000000000000004 17451.616666666672 17523.445833333335 0 59815.604307617345 1 17679.104166666668 18535.100000000002 20085.986173698981 20964.40588294487 2 25365.639862003631 61042.454143363087 3 15623.910963666031 19133.395833333336 0.1294095225512602 17157.242331497462 0.78656609248549303 47480.638253416662 0.60355339059327384 34742.190494653587 36433.718544833348 1.0000000180025095e-35
decision_type=2 2 2 2 2 2 2 2 2 1 2 1 2 2 2 2 1 2 2 1 2 2 2 2 2 2 2 2 2 2
left_child=1 4 25 -4 5 -1 12 -8 -9 28 11 24 -6 17 16 -16 27 18 20 26 -14 22 -2 -24 -11 -3 -17 -15 -10 -12
right_child=21 2 3 -5 6 -7 7 8 9 10 29 -13 13 14 15 19 -18 -19 -20 -21 -22 -23 23 -25 -26 -27 -28 -29 -30 -31
leaf_value=20.335508351325991 -28.980766500009072 12.456443133354188 43.870261133753736 10.467795632490471 -0.20931382221442163 0.85840372788278685 -24.686496051458214 32.296266590465201 7.523399947938465 32.130330041476661 4.777982078829119 4.7436648112918256 -1.7260005551715232 17.925260753631591 49.672347735649069 4.3060030407375764 -38.776874542236328 11.966857355291195 -57.548680191040035 26.570563812255859 -25.753343043410986 -0.12355214458145897 29.479245957874117 -26.318682632446293 4.4392946910858155 -21.147576894760135 -21.726196079869425 -13.920559892200288 -17.969891265098084 -13.534057807922364
leaf_weight=70 37 20 23 67 718 133 26 22 21 56 62 109 43 20 21 36 35 22 25 25 57 4629 21 20 20 20 31 21 47 47
leaf_count=70 37 20 23 67 718 133 26 22 21 56 62 109 43 20 21 36 35 22 25 25 57 4629 21 20 20 20 31 21 47 47
internal_value=-1.30132e-08 0.863395 11.8195 19.004 0.0089892 7.57465 -1.04007 3.53013 5.44063 3.80852 7.02476 13.0008 -2.81786 -8.39207 -0.540369 10.5211 -16.9871 -18.4871 -23.847 1.58444 -15.4216 -0.32962 -12.5589 2.26074 24.8432 -4.34557 -7.73875 1.61399 -10.097 -3.11804
internal_weight=6504 1797 130 90 1667 203 1464 410 384 362 294 185 1054 336 189 113 76 147 125 92 100 4707 78 41 76 40 67 41 68 109
internal_count=6504 1797 130 90 1667 203 1464 410 384 362 294 185 1054 336 189 113 76 147 125 92 100 4707 78 41 76 40 67 41 68 109
cat_boundaries=0 1 2 3 4
cat_threshold=1 4 4 4
is_linear=0
shrinkage=0.05


Tree=199
num_leaves=31
num_cat=2
split_feature=3 3 5 0 0 8 2 9 9 0 0 3 3 1 4 5 1 3 8 5 1 1 1 1 1 1 3 0 2 0
split_gain=750863 5.8142e+06 3.81592e+06 3.44925e+06 8.3778e+06 3.39237e+06 5.33991e+06 2.96712e+06 1.4394e+07 1.32455e+07 9.78179e+06 1.92813e+07 1.16864e+07 1.52936e+07 1.1143e+07 8.38067e+06 5.58595e+06 1.18752e+07 5.85681e+06 4.39519e+06 5.42544e+06 8.92315e+06 4.74694e+06 4.43959e+06 5.66212e+06 7.43683e+06 1.13022e+07 7.10771e+06 6.99572e+06 6.80483e+06
threshold=20041.714912913416 20168.005754415968 -0.98296291314453399 54506.000779166665 54878.250022110042 0 40115.288499500006 4.5000000000000009 3.5000000000000004 68084.98937096681 61352.551396128059 21157.603557165454 21651.008289658188 19221.367803030309 -0.60355339059327362 0.78656609248549303 19157.266666666674 22662.117511438799 1 0.91597561503675351 17500.226136363639 17494.979166666668 17751.417424242427 19614.333333333339 18537.133333333335 17679.104166666668 24693.414404309813 64842.232008727275 41044.07014635302 59428.244180166679
decision_type=2 2 2 2 2 1 2 2 2 2 2 2 2 2 2 2 2 2 1 2 2 2 2 2 2 2 2 2 2 2
left_child=-1 5 -3 -4 -5 6 -2 8 19 10 11 15 13 -12 -15 -10 17 18 -9 23 21 -21 -22 24 25 28 -27 -26 -6 -30
right_child=1 2 3 4 7 -7 -8 16 9 -11 12 -13 -14 14 -16 -17 -18 -19 -20 20 22 -23 -24 -25 27 26 -28 -29 29 -31
leaf_value=0.64213636037591038 -20.465406392360556 -9.2169091220450614 19.00546410083771 -29.455505847930908 21.117683283487956 -28.291719168203851 12.201781058311463 24.12220558874386 -30.585678477909255 -45.197586018698559 -15.782132662259617 -64.892691574096688 -26.836080391176285 4.9548134267330175 49.022845224233777 8.9830176055431377 0.66757140672149096 -9.4863029515968176 -5.5939442634582521 -11.263930988311769 -27.950351765950526 34.401164932250978 -6.1258590132200803 -9.247791030967937 15.848490925480547 -30.250003263901693 11.064166458129883 2.9007402615186355 -29.561863670349126 0.59892421695921161
leaf_weight=2678 29 113 24 24 39 27 22 97 23 28 39 20 31 32 26 32 1805 53 20 23 30 20 147 85 133 49 25 522 20 288
leaf_count=2678 29 113 24 24 39 27 22 97 23 28 39 20 31 32 26 32 1805 53 20 23 30 20 147 85 133 49 25 522 20 288
internal_value=-7.87323e-09 -0.449462 -0.168278 0.113013 -0.0125526 -13.9607 -6.37368 0.184445 -1.4073 -12.9596 -8.51301 -22.8516 -0.111513 8.42933 24.7094 -7.56389 1.48363 10.1482 19.0425 0.525062 -5.95481 9.97565 -9.82493 1.75295 2.62196 -1.90215 -16.2925 5.52983 1.16669 -1.35957
internal_weight=6504 3826 3748 3635 3611 78 51 3587 1612 231 203 75 128 97 58 55 1975 170 117 1381 220 43 177 1161 1076 421 74 655 347 308
internal_count=6504 3826 3748 3635 3611 78 51 3587 1612 231 203 75 128 97 58 55 1975 170 117 1381 220 43 177 1161 1076 421 74 655 347 308
cat_boundaries=0 1 2
cat_threshold=4 4
is_linear=0
shrinkage=0.05


Tree=200
num_leaves=31
num_cat=4
split_feature=2 0 9 2 5 1 9 1 9 5 0 3 6 8 0 3 6 7 2 2 2 4 0 3 1 4 3 5 1 5
split_gain=787317 3.91887e+06 2.55242e+06 2.1355e+06 1.16291e+06 1.13304e+06 9.15089e+06 3.50106e+06 3.43574e+06 3.22184e+06 3.89429e+06 2.97315e+06 2.83208e+06 2.70903e+06 1.93507e+06 1.19079e+06 2.96539e+06 6.40952e+06 1.77576e+06 1.57401e+06 1.7071e+06 3.85119e+06 1.71773e+06 3.41539e+06 3.63365e+06 3.35172e+06 1.91985e+06 1.52234e+06 1.45966e+06 4.986e+06
threshold=61898.177199296304 82971.065687075767 1.5000000000000002 61544.399579127858 -0.70710678118654757 17483.612878787881 3.5000000000000004 17491.069318181821 2.5000000000000004 0.1294095225512602 62013.158172333344 22272.336827037605 0 1 58534.263873850148 9009.7655346716001 2 3 20574.646844833343 22276.536217310058 23684.236161992922 1.0000000180025095e-35 44437.780449749996 12234.145103318357 20658.583333333339 -0.25881904510252113 11664.542168402599 -0.9159756150367534 17493.779166666667 0.1294095225512602
decision_type=2 2 2 2 2 2 2 2 2 2 2 2 1 1 2 2 1 1 2 2 2 2 2 2 2 2 2 2 2 2
left_child=3 2 -2 5 -3 6 8 11 9 12 14 -7 -1 -10 -11 16 -9 -18 -17 27 21 -21 25 24 -24 -22 -27 -20 29 -25
right_child=1 4 -4 -5 -6 7 -8 15 13 10 -12 -13 -14 -15 -16 18 17 -19 19 20 22 -23 23 28 -26 26 -28 -29 -30 -31
leaf_value=4.6141380128433118 -25.338432665224431 -10.530102862482487 -4.6092028820153441 14.709938030242922 1.2349727673717767 -3.5379829466342927 -21.194954416968606 22.145453750519525 30.019029609680178 10.318428258895874 -1.825290060043335 -28.112769634723662 -13.27186967573668 7.7332480112711597 32.049751281738281 -9.6298150837421428 -23.479057388305666 9.2050962479909266 19.15268565586635 6.3880785101935977 -7.934783922071043 -22.400490702115576 -26.514764381408693 4.984532911436899 1.6976853143601192 3.9406250544956758 24.097949967560947 1.0526851360614484 0.12255940429040753 -27.702281360626223
leaf_weight=53 27 23 33 25 242 32 33 21 25 20 32 20 38 30 21 48 20 60 21 21 23 26 25 28 21 21 27 26 5442 20
leaf_count=53 27 23 33 25 242 32 33 21 25 20 32 20 38 30 21 48 20 60 21 21 23 26 25 28 21 21 27 26 5442 20
internal_value=2.57878e-09 -2.39868 -13.9374 0.126164 0.213853 0.0669194 3.35025 -0.0732701 7.04884 3.42209 11.2466 -12.9898 -2.85474 17.8631 21.4491 0.0415437 5.42356 1.03406 -0.0530089 0.0276237 -0.0481241 -9.53751 0.0314196 -0.0676893 -13.6352 7.75912 15.2791 9.13992 0.0459908 -8.63497
internal_weight=6504 325 60 6179 265 6154 252 5902 219 164 73 52 91 55 41 5850 101 80 5749 5701 5654 47 5607 5536 46 71 48 47 5490 48
internal_count=6504 325 60 6179 265 6154 252 5902 219 164 73 52 91 55 41 5850 101 80 5749 5701 5654 47 5607 5536 46 71 48 47 5490 48
cat_boundaries=0 1 2 3 4
cat_threshold=4 4 1 4
is_linear=0
shrinkage=0.05


Tree=201
num_leaves=31
num_cat=4
split_feature=0 0 2 5 0 9 4 3 3 1 3 2 3 1 9 1 9 5 0 3 6 8 0 3 3 6 7 2 2 2
split_gain=729507 1.06187e+06 2.80332e+06 1.99431e+06 3.09415e+06 3.61453e+06 2.33855e+06 2.84494e+06 1.9623e+06 2.00003e+06 2.04847e+06 1.92729e+06 1.53307e+06 1.02257e+06 8.25868e+06 3.15971e+06 3.10076e+06 2.90771e+06 3.51459e+06 2.68326e+06 2.55595e+06 2.4449e+06 1.7464e+06 1.18503e+06 1.07469e+06 2.67626e+06 5.7846e+06 1.60262e+06 1.42055e+06 1.54066e+06
threshold=91273.17081652426 85203.458592595227 61898.177199296304 0.1294095225512602 82971.065687075767 1.5000000000000002 -0.5 27659.104947533779 28001.653634236383 21445.600000000002 29523.157306080608 61544.399579127858 29371.689118434351 17483.612878787881 3.5000000000000004 17491.069318181821 2.5000000000000004 0.1294095225512602 62013.158172333344 22272.336827037605 0 1 58534.263873850148 23438.544449234036 9009.7655346716001 2 3 20574.646844833343 22276.536217310058 23684.236161992922
decision_type=2 2 2 2 2 2 2 2 2 2 2 2 2 2 2 2 2 2 2 2 1 1 2 2 2 1 1 2 2 2
left_child=1 2 11 4 5 -4 7 -6 -3 10 -10 13 -11 14 16 19 17 20 22 -15 23 -18 -19 -1 25 -17 -27 -26 -29 -30
right_child=-2 8 3 -5 6 -7 -8 -9 9 12 -12 -13 -14 15 -16 24 21 18 -20 -21 -22 -23 -24 -25 27 26 -28 28 29 -31
leaf_value=13.258393124016848 -8.5246880950927739 15.744657630920409 -35.601819190680985 3.6700144914480357 -6.4897201545098255 -7.7712335833481383 -14.368344002962113 16.585727627710863 -2.4036948658171156 1.8881590826758021 19.195507168251535 13.974440838575365 -15.615371747450396 -3.3610842704772952 -20.135206760059702 21.038181214105517 28.518077856063844 9.8025068664550794 -1.7340261787176132 -26.707131862640381 -12.608276151355945 7.3465855662027995 30.447263590494796 -1.9149291361531906 -9.148324709137281 -22.305104501470925 8.7448415398597721 8.6829235807378247 -9.0606372067268861 0.029848596152982129
leaf_weight=22 25 30 20 39 34 28 32 22 21 29 23 25 22 32 33 21 25 20 32 20 38 30 21 31 48 20 60 47 47 5607
leaf_count=22 25 30 20 39 34 28 32 22 21 29 23 25 22 32 33 21 25 20 32 20 38 30 21 31 48 20 60 47 47 5607
internal_value=-1.32489e-08 0.0328935 -0.056887 -6.29744 -9.15575 -19.3673 -3.58581 2.57563 4.59662 1.07618 8.8868 0.119856 -5.66238 0.0635734 3.18273 -0.0696066 6.6964 3.25098 10.6843 -12.3403 -2.71201 16.97 20.3767 4.38343 0.0394665 5.15238 0.982355 -0.0503585 0.0262425 -0.0457179
internal_weight=6504 6479 6354 175 136 48 88 56 125 95 44 6179 51 6154 252 5902 219 164 73 52 91 55 41 53 5850 101 80 5749 5701 5654
internal_count=6504 6479 6354 175 136 48 88 56 125 95 44 6179 51 6154 252 5902 219 164 73 52 91 55 41 53 5850 101 80 5749 5701 5654
cat_boundaries=0 1 2 3 4
cat_threshold=4 4 1 4
is_linear=0
shrinkage=0.05


Tree=202
num_leaves=31
num_cat=1
split_feature=2 5 9 1 7 0 9 1 3 1 1 0 3 3 1 1 4 4 1 1 4 0 3 0 3 3 0 0 1 2
split_gain=710949 709187 4.80491e+06 5.41908e+06 4.614e+06 8.7807e+06 2.03025e+07 7.4095e+06 6.39206e+06 8.28482e+06 6.74258e+06 5.39655e+06 5.60591e+06 5.69755e+06 7.1979e+06 6.42463e+06 4.62571e+06 4.16337e+06 3.73278e+06 6.64557e+06 6.32581e+06 5.8344e+06 5.37084e+06 4.14041e+06 4.39775e+06 3.13445e+06 3.11806e+06 3.01156e+06 3.01009e+06 2.84646e+06
threshold=13588.855936500004 -0.78656609248549325 2.5000000000000004 17507.070833333339 0 57571.179766861518 4.5000000000000009 18535.100000000002 23156.784737210928 18531.924621212125 19198.104166666672 56520.700443698493 17584.411056035919 11140.00792902174 17497.700000000004 20221.150000000001 1.0000000180025095e-35 1.0000000180025095e-35 18039.387500000001 19219.670833333337 -0.25881904510252113 46528.76739702504 13397.635610659798 51809.431932333333 14103.945144517744 16696.600854042033 39539.52726475001 59052.443059333353 19605.335606060613 21238.330608946995
decision_type=2 2 2 2 1 2 2 2 2 2 2 2 2 2 2 2 2 2 2 2 2 2 2 2 2 2 2 2 2 2
left_child=-1 2 3 27 8 11 7 -7 9 -4 -11 12 13 15 -15 26 -12 -5 -16 22 -21 -22 -20 24 -23 -19 -6 -2 -27 -3
right_child=1 29 4 17 5 6 -8 -9 -10 10 16 -13 -14 14 18 -17 -18 25 19 20 21 23 -24 -25 -26 28 -28 -29 -30 -31
leaf_value=8.2514965424170867 -0.42709085710587041 14.870248780106053 10.178637624669959 15.826078292851648 -5.3184082971748552 -16.685369591712952 -2.5023404848610244 -58.297468500551979 5.4082781377828351 -39.720085987900248 -27.924867098259206 28.464354846591039 -23.342253875732425 35.458296377008615 -15.097036285400391 18.677472824096679 -4.1638608292297077 -11.700529892213885 36.903241531937212 -23.848626518249514 -12.918979465961456 6.3718389320373534 9.9069170867574634 1.5125577206081815 38.767261383750224 12.523784215013746 -26.208112161809751 -25.313088881969453 -4.3629286175682429 0.13824958193161038
leaf_weight=26 31 33 27 96 95 20 344 23 53 33 33 21 20 22 20 25 54 31 27 22 32 20 58 45 22 71 22 20 42 5116
leaf_count=26 31 33 27 96 95 20 344 23 53 33 33 21 20 22 20 25 54 31 27 22 32 20 58 45 22 71 22 20 42 5116
internal_value=-2.67154e-08 -0.0331181 -1.06286 4.61523 -2.65469 -1.02614 -6.5513 -38.943 -9.47835 -14.8456 -20.4761 3.71497 2.50628 3.76718 8.05759 -4.33021 -13.1767 7.76055 5.60712 7.43935 0.782301 5.33592 18.4822 12.0504 23.3409 2.38354 -9.24639 -10.1863 6.24731 0.232667
internal_weight=6504 6478 1329 291 1038 838 387 43 200 147 120 451 430 410 268 142 87 240 246 226 141 119 85 87 42 144 117 51 113 5149
internal_count=6504 6478 1329 291 1038 838 387 43 200 147 120 451 430 410 268 142 87 240 246 226 141 119 85 87 42 144 117 51 113 5149
cat_boundaries=0 1
cat_threshold=2
is_linear=0
shrinkage=0.05


Tree=203
num_leaves=31
num_cat=1
split_feature=1 3 3 3 1 5 7 1 1 3 3 2 9 3 3 1 0 1 3 3 1 1 4 1 2 0 1 3 0 1
split_gain=704853 1.50877e+06 765539 5.18318e+06 4.31837e+06 3.43956e+06 3.63029e+06 3.4003e+06 7.46007e+06 4.99256e+06 4.44707e+06 4.39246e+06 3.57975e+06 6.74141e+06 1.27366e+07 1.57593e+07 1.60628e+07 1.38565e+07 1.26997e+07 1.06241e+07 1.01867e+07 3.62802e+07 1.08717e+07 8.51062e+06 1.01395e+07 8.90116e+06 7.68248e+06 7.17774e+06 9.38187e+06 5.72592e+06
threshold=16609.01666666667 23811.269425071157 20041.714912913416 20168.005754415968 17315.757954545457 -0.12940952255126037 0 21657.233333333334 21309.620833333338 29126.253477033635 27859.841225981909 41044.07014635302 4.5000000000000009 23336.472018454922 21004.446763828495 17507.070833333339 59815.604307617345 18531.924621212125 23533.66011257744 22662.117511438799 17510.812500000004 18543.879166666669 0.60355339059327384 19598.654166666671 39731.289497457969 64842.232008727275 18548.237500000007 21651.008289658188 61563.127078166675 19222.716287878793
decision_type=2 2 2 2 2 2 1 2 2 2 2 2 2 2 2 2 2 2 2 2 2 2 2 2 2 2 2 2 2 2
left_child=1 -1 -2 -4 -5 -6 -7 8 10 -9 12 -10 13 14 20 16 -16 19 -15 -17 -8 -22 29 24 -19 27 -27 28 -26 -23
right_child=2 -3 3 4 5 6 7 9 11 -11 -12 -13 -14 18 15 17 -18 23 -20 -21 21 22 -24 -25 25 26 -28 -29 -30 -31
leaf_value=13.382756026037809 0.60168222606254684 -3.7654982255852745 -13.259682941436768 -22.322092627395286 -2.082226904979799 -7.3910805983344723 -26.051647631327313 8.7110815294902704 -32.822516107559203 -10.856436559316275 18.591707806973844 -7.0247542619705206 3.6152034961206967 32.602124662259051 43.027567550659185 -16.874607677045077 -12.592285516526964 -39.197238021426735 0.95572031324606221 -64.932697525750044 67.177453827857974 -6.7968935937592478 -25.186264247423971 9.5187290895552863 -10.851603351939808 -0.48898072676225146 -37.616259503364567 -17.355997184015092 33.134902784559465 20.258742219209672
leaf_weight=29 2669 23 78 22 1376 120 21 274 22 37 37 66 774 34 25 23 27 36 469 23 24 33 32 42 22 22 38 31 27 48
leaf_count=29 2669 23 78 22 1376 120 21 274 22 37 37 66 774 34 25 23 27 36 469 23 24 33 32 42 22 22 38 31 27 48
internal_value=2.70665e-08 5.79795 -0.0467287 -0.504199 -0.235662 -0.103731 1.07633 1.54094 0.738211 6.38311 1.4377 -13.4742 1.07523 -0.936999 -5.21551 -11.011 14.148 -15.9666 3.09484 -40.9037 6.37554 11.3461 -0.511844 -10.7047 -15.5307 -9.44503 -24.0029 1.47339 13.3859 9.23608
internal_weight=6504 52 6452 3783 3705 3683 2307 2187 1876 311 1788 88 1751 977 474 316 52 264 503 46 158 137 113 218 176 140 60 80 49 81
internal_count=6504 52 6452 3783 3705 3683 2307 2187 1876 311 1788 88 1751 977 474 316 52 264 503 46 158 137 113 218 176 140 60 80 49 81
cat_boundaries=0 1
cat_threshold=1
is_linear=0
shrinkage=0.05


Tree=204
num_leaves=31
num_cat=4
split_feature=1 1 2 0 0 7 6 0 1 1 2 3 3 1 1 0 3 3 3 0 0 8 3 3 8 3 3 1 5 0
split_gain=677898 5.81843e+06 6.43394e+06 6.20184e+06 5.93196e+06 4.59598e+06 1.0793e+07 8.55359e+06 5.95032e+06 1.14318e+07 9.83363e+06 5.6835e+06 7.96827e+06 5.32361e+06 1.01803e+07 8.0524e+06 7.2141e+06 2.24596e+07 5.95441e+06 6.82589e+06 6.79632e+06 1.0876e+07 5.2155e+06 1.28166e+07 1.25585e+07 7.2384e+06 4.84299e+06 4.38385e+06 6.82697e+06 6.63075e+06
threshold=18913.854166666675 18557.520833333336 34873.535455317942 48446.704004154708 58913.414556358992 0 1 62939.635599522953 18539.808333333338 18516.758333333339 45430.921084133784 21004.446763828495 19780.655842890224 18543.879166666669 18537.133333333335 55272.193200817921 17733.529273789438 20889.941653184174 27859.841225981909 67129.338528666689 64598.312484839094 2 23208.128202063202 22520.025859572128 3 23970.271276843097 21269.698924137498 19133.395833333336 0.37940952255126048 57138.634375500013
decision_type=2 2 2 2 2 1 1 2 2 2 2 2 2 2 2 2 2 2 2 2 2 1 2 2 1 2 2 2 2 2
left_child=1 5 3 -3 -4 13 8 -8 9 10 11 12 -7 14 18 -15 -16 -18 19 20 22 -22 23 -1 25 -24 -19 28 29 -2
right_child=27 2 4 -5 -6 6 7 -9 -10 -11 -12 -13 -14 15 16 -17 17 26 -20 -21 21 -23 24 -25 -26 -27 -28 -29 -30 -31
leaf_value=1.4631971153081653 -43.509004078740659 13.028587357203165 39.616750907897952 -24.95917333256115 10.684893250727391 14.49974042971929 -0.55254053571236827 32.232452392578125 8.218123190743583 -47.877770324707029 -24.683441554478236 24.227828636169434 -24.153221371968588 15.593008306893436 -4.3130348242246184 -19.770288178920747 62.466001892089849 -11.988696705211293 -25.040952096098948 9.8513833071545864 -0.051944584316677526 -40.192523299323192 15.652857115774445 -30.371368441862217 43.284382716814683 -20.015100997924804 20.825202096026878 -0.11732662215870744 5.2033394437847722 -5.1133295796134259
leaf_weight=451 23 21 22 22 91 24 378 21 28 25 70 20 30 22 26 60 27 22 21 205 45 27 33 34 24 25 23 4629 33 22
leaf_count=451 23 21 22 22 91 24 378 21 28 25 70 20 30 22 26 60 27 22 21 205 45 27 33 34 24 25 23 4629 33 22
internal_value=5.55242e-09 0.826152 10.0538 -6.40701 16.3176 -0.0510647 -3.55487 1.17299 -13.1306 -16.6676 -11.2492 1.45883 -6.97413 1.94728 2.98866 -10.2826 18.262 26.414 1.25827 1.91264 -0.634223 -15.1047 1.20329 -0.768504 12.8658 0.278737 4.78285 -0.315402 -12.0704 -24.7378
internal_weight=6504 1797 156 43 113 1641 596 399 197 169 144 74 54 1045 963 82 98 72 865 844 639 72 567 485 82 58 45 4707 78 45
internal_count=6504 1797 156 43 113 1641 596 399 197 169 144 74 54 1045 963 82 98 72 865 844 639 72 567 485 82 58 45 4707 78 45
cat_boundaries=0 1 2 3 4
cat_threshold=4 4 4 4
is_linear=0
shrinkage=0.05


Tree=205
num_leaves=31
num_cat=6
split_feature=2 1 1 1 1 0 3 8 3 1 4 3 3 9 6 5 3 1 3 9 7 0 7 0 7 6 9 5 1 0
split_gain=620728 649325 2.94997e+06 6.6268e+06 5.91341e+06 6.67256e+06 5.65567e+06 4.61755e+06 4.19308e+06 7.94834e+06 4.13255e+06 3.80681e+06 4.98016e+06 4.10982e+06 1.20643e+07 4.64477e+06 3.55667e+06 3.40996e+06 1.30301e+07 7.02088e+06 5.36222e+06 3.34679e+06 3.33447e+06 3.33033e+06 3.1532e+06 3.0273e+06 7.18247e+06 2.89472e+06 2.85149e+06 4.71336e+06
threshold=13588.855936500004 20545.345833333336 20200.775000000005 20211.433333333338 20102.408333333336 50626.154350000303 23438.544449234036 0 21317.322463603134 20137.350000000002 0.91597561503675362 14942.52297533327 23533.66011257744 6.5000000000000009 1 -0.78656609248549325 17693.755930299583 20077.850000000006 19027.176112165795 6.5000000000000009 2 65453.69474540979 3 48672.568955916679 4 5 7.5000000000000009 0.1294095225512602 21192.020833333339 52913.345731490561
decision_type=2 2 2 2 2 2 2 1 2 2 2 2 2 2 1 2 2 2 2 2 1 2 1 2 1 1 2 2 2 2
left_child=-1 2 4 22 17 -6 7 8 9 -7 11 23 13 14 -13 -16 -17 19 -19 -2 21 -21 -4 -5 -14 -15 -27 -9 -3 -30
right_child=1 28 3 10 5 6 -8 27 -10 -11 -12 12 24 25 15 16 -18 18 -20 20 -22 -23 -24 -25 -26 26 -28 -29 29 -31
leaf_value=7.7101770969537586 -0.51839435034978931 3.0551182873000511 -32.353853210449216 -4.2796204376220706 -17.431923169439489 30.814522628784182 -9.7930392925555907 16.840362548828125 35.515076664515902 -3.3890701825871612 9.473536768351515 30.370329275998206 3.5992062610186886 -28.676905261448454 -31.903446311950685 -18.944140042680683 1.1097039607033803 18.349608287811279 -33.414936471754508 14.624908252730968 24.451850127180421 -4.6943230339125099 -9.9893642444610595 23.346472358703615 -14.737896064475732 -24.735414836520242 6.1781843115301696 -7.7170345408575871 23.043980293273929 -1.4757725173832206
leaf_weight=26 3663 777 25 20 22 35 26 21 35 33 73 22 178 35 20 33 67 20 31 40 48 51 50 24 27 42 34 28 20 978
leaf_count=26 3663 777 25 20 22 35 26 21 35 33 73 22 178 35 20 33 67 20 31 40 48 51 50 24 27 42 34 28 20 978
internal_value=-3.92507e-09 -0.0309455 -0.338479 -3.46544 0.163008 8.54573 11.7565 15.4425 21.4534 14.2157 -1.64213 -3.25855 -4.60811 -9.30138 -3.6671 -9.90729 -5.50806 -0.272119 -13.1151 -0.0998432 10.93 3.79765 -17.4442 10.7892 1.18408 -16.5092 -10.9056 2.80756 0.783888 -0.984395
internal_weight=6504 6478 4703 650 4053 200 178 152 103 68 575 502 458 253 142 120 100 3853 51 3802 139 91 75 44 205 111 76 49 1775 998
internal_count=6504 6478 4703 650 4053 200 178 152 103 68 575 502 458 253 142 120 100 3853 51 3802 139 91 75 44 205 111 76 49 1775 998
cat_boundaries=0 1 2 3 4 5 6
cat_threshold=4 1 4 2 4 4
is_linear=0
shrinkage=0.05


Tree=206
num_leaves=31
num_cat=4
split_feature=1 1 0 1 4 8 0 0 9 1 1 1 3 3 7 3 0 1 7 2 8 0 3 2 2 5 1 1 3 3
split_gain=648320 6.13116e+06 1.50902e+07 4.51616e+06 4.46713e+06 6.92664e+06 6.34371e+06 1.23449e+07 4.591e+06 6.94275e+06 6.01555e+06 7.75334e+06 1.1367e+07 1.38113e+07 1.07674e+07 7.86308e+06 1.21128e+07 5.9967e+06 6.07206e+06 6.24182e+06 7.01214e+06 5.6636e+06 4.61202e+06 3.63134e+06 3.49296e+06 3.3554e+06 3.35229e+06 3.27206e+06 3.19725e+06 5.78984e+06
threshold=19013.812500000004 19133.395833333336 57800.862429364868 18557.520833333336 -0.91597561503675329 0 68531.874499846293 65453.69474540979 3.5000000000000004 17451.616666666672 17679.104166666668 18535.100000000002 20085.986173698981 20964.40588294487 1 25051.739714294574 61042.454143363087 17523.445833333335 2 40868.395504912864 3 61488.602057117045 15623.910963666031 34742.190494653587 46606.628740579552 0.37940952255126048 18516.758333333339 17497.700000000004 16777.896053797496 19453.160321201904
decision_type=2 2 2 2 2 1 2 2 2 2 2 2 2 2 1 2 2 2 1 2 1 2 2 2 2 2 2 2 2 2
left_child=3 2 -2 4 5 -1 7 -7 10 -10 -6 15 14 -14 23 16 22 -11 -19 20 26 -15 -12 -13 -23 -21 -20 -8 -22 -30
right_child=1 -3 -4 -5 8 6 27 -9 9 17 11 12 13 21 -16 -17 -18 18 19 25 28 24 -24 -25 -26 -27 -28 -29 29 -31
leaf_value=29.103622258504231 -44.319612136253944 -0.11973717435452019 9.5502312146700348 8.2726716477137341 -0.26706316471099856 1.613669544071346 6.365494583129883 43.358637784874958 -21.52718320809878 30.51647449840199 -1.8949357725853144 15.963396625518801 47.128488006591795 -19.666526571909586 -38.361119153422692 9.9174640655517585 -53.812489837408066 -9.8322483623729031 16.771758460998537 4.9230708920594424 -3.9456586976484824 24.200955797278365 -23.584165588178134 -14.166889696121217 -2.3149152967664932 -12.451014848550161 39.433240842819217 -16.023171461389421 27.079100991833595 -6.9236690339587987
leaf_weight=30 26 4629 26 182 718 77 25 23 26 22 43 20 20 24 31 23 24 68 47 66 55 23 57 20 27 48 25 47 31 21
leaf_count=30 26 4629 26 182 718 77 25 23 26 22 43 20 20 24 31 23 24 68 47 66 55 23 57 20 27 48 25 47 31 21
internal_value=2.36548e-08 -0.311529 -17.3847 0.799927 -0.0288597 6.93395 3.06715 11.215 -1.00627 3.47551 -2.78592 -8.58253 -1.14286 10.2627 -16.2432 -16.9332 -21.9135 5.17282 3.62833 6.75229 12.5762 0.298954 -14.2578 0.898253 9.88239 -2.39233 24.6403 -8.24933 4.45835 13.3472
internal_weight=6504 4681 52 1823 1641 202 172 100 1439 409 1030 312 165 94 71 147 124 383 361 293 179 74 100 40 50 114 72 72 107 52
internal_count=6504 4681 52 1823 1641 202 172 100 1439 409 1030 312 165 94 71 147 124 383 361 293 179 74 100 40 50 114 72 72 107 52
cat_boundaries=0 1 2 3 4
cat_threshold=1 4 1 4
is_linear=0
shrinkage=0.05


Tree=207
num_leaves=31
num_cat=3
split_feature=3 3 0 7 0 1 1 1 3 1 9 1 2 1 1 1 1 1 0 1 2 9 0 0 0 1 8 1 7 1
split_gain=634140 4.46238e+06 3.0134e+06 9.44626e+06 4.72316e+06 5.47275e+06 4.3019e+06 3.96439e+06 8.18061e+06 1.8782e+07 6.8507e+06 6.3114e+06 1.39148e+07 5.08224e+06 4.37525e+06 9.40821e+06 7.51998e+06 7.17019e+06 4.47051e+06 4.10191e+06 4.06089e+06 3.21486e+06 2.82055e+06 6.85719e+06 5.25512e+06 1.14227e+07 4.91231e+06 7.34046e+06 3.8268e+06 5.80414e+06
threshold=18378.004498391369 18309.930745627837 57914.183881627941 0 58534.263873850148 19215.26666666667 17509.145833333339 19133.395833333336 20595.376116464529 19345.729166666672 3.5000000000000004 17507.070833333339 38914.073155875005 18354.39166666667 19178.175000000007 19261.966666666671 19222.716287878793 19715.770833333339 55685.687985328797 20230.716666666671 36946.171975333353 5.5000000000000009 61233.236304472106 61661.361347250015 60904.192126833346 20102.408333333336 1 19237.950000000004 2 19614.333333333339
decision_type=2 2 2 1 2 2 2 2 2 2 2 2 2 2 2 2 2 2 2 2 2 2 2 2 2 2 1 2 1 2
left_child=1 -1 3 -2 5 6 -4 10 14 -10 11 -5 20 -12 -9 16 -16 -17 -18 21 -13 -19 24 26 28 -26 27 -24 29 -6
right_child=2 -3 4 7 22 -7 -8 8 9 -11 13 12 -14 -15 15 17 18 19 -20 -21 -22 -23 23 -25 25 -27 -28 -29 -30 -31
leaf_value=0.47299878547741819 -29.758739003268154 21.324752719585714 9.0570682678222649 9.3597032104219711 22.90867524544398 1.1251966879851576 39.372781805558645 -21.123830954233807 -48.256873876398259 0.7442798217137655 6.0364589863353304 -11.213009929895401 -47.069143258957638 36.12550134244173 -4.306547754461115 -34.529992713928223 37.79965584874153 -2.4243862005380485 7.6654286956787105 -12.743897502899172 19.014464187622071 20.834207050005595 46.267550804501496 -0.011818601841068997 -38.727731735475601 4.9288471485006404 -3.1153706338670517 9.070540044042799 -4.2464648359205448 -3.8963118138520616
leaf_weight=1950 33 26 25 56 36 69 22 24 33 48 36 25 21 23 33 20 32 39 20 50 20 24 21 3332 31 29 27 36 317 46
leaf_count=1950 33 26 25 56 36 69 22 24 33 48 36 25 21 23 33 20 32 39 20 50 20 24 21 3332 31 29 27 36 317 46
internal_value=-2.44355e-09 0.747364 -0.326146 -3.84255 0.146996 10.0885 23.2474 -2.14566 -5.46522 -19.2192 3.7782 -2.98643 -13.4619 17.7661 -0.861633 1.36907 14.3621 -6.93477 26.2096 -2.05066 2.22142 6.43603 -0.150608 0.343871 -3.83065 -17.6271 14.4529 22.7747 -1.75601 7.87173
internal_weight=6504 1976 4528 537 3991 116 47 504 323 81 181 122 66 59 242 218 85 133 52 113 45 63 3875 3416 459 60 84 57 399 82
internal_count=6504 1976 4528 537 3991 116 47 504 323 81 181 122 66 59 242 218 85 133 52 113 45 63 3875 3416 459 60 84 57 399 82
cat_boundaries=0 1 2 3
cat_threshold=1 4 2
is_linear=0
shrinkage=0.05


Tree=208
num_leaves=31
num_cat=2
split_feature=0 0 2 7 1 1 3 2 3 1 3 9 2 2 3 2 0 2 4 2 4 3 4 2 2 2 3 8 1 2
split_gain=602197 959984 2.40979e+06 1.77317e+06 2.2179e+06 3.15452e+06 2.1002e+06 1.75984e+06 1.75596e+06 1.70602e+06 1.85875e+06 1.55352e+06 1.52904e+06 2.17254e+06 1.30534e+06 1.22876e+06 1.17202e+06 1.35536e+06 1.99214e+06 1.63797e+06 5.72455e+06 2.21633e+06 9.81761e+06 1.89351e+06 2.70033e+06 4.38313e+06 1.66606e+06 2.69269e+06 2.48896e+06 3.73058e+06
threshold=91273.17081652426 85203.458592595227 61898.177199296304 0 19610.404545454552 19595.470833333336 27659.104947533779 61118.248046443521 28001.653634236383 21445.600000000002 29523.157306080608 1.5000000000000002 60750.680446642262 60338.486673932101 29371.689118434351 63044.620029164631 80801.697480750023 58194.621124977995 0.60355339059327384 56043.365520060222 0.78656609248549325 27154.17016125553 0.12940952255126045 55608.005260997277 55295.263165308839 55101.819033071937 24515.226276716403 1 19610.404545454552 56848.540422187143
decision_type=2 2 2 1 2 2 2 2 2 2 2 2 2 2 2 2 2 2 2 2 2 2 2 2 2 2 2 1 2 2
left_child=1 2 7 4 5 -4 -6 12 -3 10 -10 -5 13 16 -11 -8 17 19 -19 21 26 23 -23 24 25 -1 -21 28 -28 -30
right_child=-2 8 3 11 6 -7 15 -9 9 14 -12 -13 -14 -15 -16 -17 -18 18 -20 20 -22 22 -24 -25 -26 -27 27 -29 29 -31
leaf_value=-0.063076833332564891 -7.7452086982727053 14.914811760584513 -5.1524110424903133 -6.750672011148362 -13.468952087287247 -28.52936684643781 -3.9427332560221355 9.4507618069648753 -2.5023060117449081 1.7825625912896521 18.072407149750255 12.261956904151225 -12.30799870300293 14.792033935546876 -14.368697508898649 12.618555514017743 -9.5214691404253244 7.7297696912083129 -7.3497479085569033 -10.306072981016976 -29.188263929457889 -3.6624616750081382 38.440078941583636 10.71235011496195 -12.702499466318461 22.823179721832275 13.840523406437464 -14.949641333926809 -18.102084118386976 6.2295222139358524
leaf_weight=5535 25 30 31 21 29 27 24 50 21 29 23 22 25 25 22 21 32 116 27 42 21 45 20 41 42 21 42 22 23 50
leaf_count=5535 25 30 31 21 29 27 24 50 21 29 23 22 25 25 22 21 32 116 27 42 21 45 20 41 42 21 42 22 23 50
internal_value=-5.12674e-09 0.0298858 -0.0554791 -5.84145 -8.71404 -16.0348 -2.97616 0.10839 4.36915 1.03895 8.25266 2.97672 0.0321752 0.0827166 -5.18465 3.78587 0.0222242 0.0727283 4.88259 -0.0437706 -4.49135 0.112175 9.29217 0.00635891 -0.0720522 0.0234263 -1.59395 1.07692 4.14287 -1.4366
internal_weight=6504 6479 6354 175 132 58 74 6179 125 95 44 43 6129 6104 51 45 6079 6047 143 5904 200 5704 65 5639 5598 5556 179 137 115 73
internal_count=6504 6479 6354 175 132 58 74 6179 125 95 44 43 6129 6104 51 45 6079 6047 143 5904 200 5704 65 5639 5598 5556 179 137 115 73
cat_boundaries=0 1 2
cat_threshold=4 4
is_linear=0
shrinkage=0.05


Tree=209
num_leaves=31
num_cat=7
split_feature=3 4 1 9 1 9 5 0 3 1 6 0 3 1 9 1 4 3 9 0 9 3 6 1 7 8 6 7 1 8
split_gain=620710 1.13598e+06 843539 6.99528e+06 2.93664e+06 2.83053e+06 2.88086e+06 3.02596e+06 2.44383e+06 2.1976e+06 2.19141e+06 1.71369e+06 1.28445e+06 963559 1.26914e+07 9.11604e+06 4.58411e+06 7.5124e+06 2.15954e+07 2.16192e+07 1.91708e+07 1.1858e+07 1.141e+07 6.98071e+06 1.00047e+07 5.92444e+06 9.53434e+06 1.04152e+07 1.23753e+07 9.36872e+06
threshold=30454.997334259326 0.37940952255126054 17483.612878787881 3.5000000000000004 17491.069318181821 2.5000000000000004 0.1294095225512602 62013.158172333344 22272.336827037605 17315.757954545457 0 58534.263873850148 23438.544449234036 17679.104166666668 3.5000000000000004 17751.417424242427 -1.0000000180025095e-35 21317.322463603134 2.5000000000000004 58534.263873850148 2.5000000000000004 20041.714912913416 1 17507.070833333339 2 3 4 5 17507.070833333339 6
decision_type=2 2 2 2 2 2 2 2 2 2 1 2 2 2 2 2 2 2 2 2 2 2 1 2 1 1 1 1 2 1
left_child=2 -2 3 5 8 6 10 11 -4 -7 12 -8 -1 14 16 -15 25 20 -19 -20 23 22 -22 -18 -25 -6 27 28 29 -27
right_child=1 -3 4 -5 13 9 7 -9 -10 -11 -12 -13 -14 15 -16 -17 17 18 19 -21 21 -23 -24 24 -26 26 -28 -29 -30 -31
leaf_value=12.729491701993076 -12.229913591487069 2.9528510960665617 -3.3358324408531193 -18.618026704860455 -8.3669704792863229 7.4189158350229265 8.7849991798400886 -1.2565219521522524 -25.615940780639647 27.681103399525519 -12.240675710376941 29.235497320265996 -2.7754963909878452 -29.710894538118289 33.6378323618571 -0.035138101850400623 -13.193801258405049 -43.117722139358527 53.299307720477763 1.5373546695709228 -43.08268370006396 -56.662171813964846 2.0013718472586741 -4.3285375674565634 39.126555578525256 14.823562627368503 31.083097964961354 -17.524213511769364 46.513424228486564 -22.721671773989996
leaf_weight=22 28 22 32 33 59 32 20 32 20 23 38 21 34 26 30 5548 30 20 26 90 23 25 36 27 26 54 41 41 21 24
leaf_count=22 28 22 32 33 59 32 20 32 20 23 38 21 34 26 30 5548 30 20 26 90 23 25 36 27 26 54 41 41 21 24
internal_value=-1.30815e-08 -5.5495 0.0429927 2.86137 -0.0729431 6.05425 2.81421 10.2663 -11.9051 15.8922 -2.97302 19.2596 3.31575 0.0271501 1.97962 -0.173561 0.230545 -3.85812 4.8661 13.1392 -10.9629 -27.8025 -15.5738 6.07959 16.9891 5.39249 9.87762 3.66744 12.4438 3.27118
internal_weight=6504 50 6454 255 6199 222 167 73 52 55 94 41 56 6147 573 5574 543 303 136 116 167 84 59 83 53 240 181 140 99 78
internal_count=6504 50 6454 255 6199 222 167 73 52 55 94 41 56 6147 573 5574 543 303 136 116 167 84 59 83 53 240 181 140 99 78
cat_boundaries=0 1 2 3 4 5 6 7
cat_threshold=4 2 2 2 4 4 4
is_linear=0
shrinkage=0.05


Tree=210
num_leaves=31
num_cat=4
split_feature=2 1 1 1 1 0 3 8 3 1 4 3 3 6 4 5 1 1 5 1 3 9 4 7 5 7 1 4 1 5
split_gain=621061 632052 2.63666e+06 5.99849e+06 5.34003e+06 6.02199e+06 5.00928e+06 4.2171e+06 3.86738e+06 4.85016e+06 3.68667e+06 3.42523e+06 4.23061e+06 5.46328e+06 1.12185e+07 4.18069e+06 6.14968e+06 7.88325e+06 3.18858e+06 3.02261e+06 1.16824e+07 6.33162e+06 4.78141e+06 4.98653e+06 3.19119e+06 2.99633e+06 2.79336e+06 9.22913e+06 7.2779e+06 7.60797e+06
threshold=13588.855936500004 20545.345833333336 20200.775000000005 20211.433333333338 20102.408333333336 50626.154350000303 23438.544449234036 0 21874.847449542594 20137.350000000002 0.91597561503675362 14424.000396325237 22816.074929588034 1 -1.0000000180025095e-35 0.78656609248549303 20409.691666666669 20438.316666666669 0.78656609248549303 20077.850000000006 19027.176112165795 6.5000000000000009 -0.70710678118654735 2 1.0000000180025095e-35 3 19614.333333333339 -0.37940952255126059 19698.891666666666 -0.70710678118654757
decision_type=2 2 2 2 2 2 2 1 2 2 2 2 2 1 2 2 2 2 2 2 2 2 2 1 2 1 2 2 2 2
left_child=-1 2 4 25 19 -6 7 8 9 -7 11 -5 13 14 -13 16 -15 -18 -16 21 -21 26 -23 24 -24 -4 -2 -28 -29 -30
right_child=1 -3 3 10 5 6 -8 -9 -10 -11 -12 12 -14 15 18 -17 17 -19 -20 20 -22 22 23 -25 -26 -27 27 28 29 -31
leaf_value=7.7122430883921114 -0.11875777069198074 0.77296891113528066 -30.723678606987001 12.00383294241769 -16.573079252243044 27.786944089064733 -9.124812258206882 2.5502610926725429 37.042411231994627 2.6702550995349887 8.942996997049411 -51.497498054504405 0.59689697754847548 13.308548504730751 -16.042774116305207 -16.674376317782279 -33.695556604294552 8.2526769638061523 6.66482403495095 17.427830138206485 -31.586708234971571 -5.3229202469189971 -2.3449118561214872 30.853842515415614 19.540328298461052 -9.5234390544891365 -18.264546098138975 -12.977474136352539 -15.530314753605769 15.064638477499768
leaf_weight=26 3392 1775 25 35 22 37 26 49 26 40 73 20 231 58 52 39 21 24 22 20 31 36 36 36 31 50 92 60 26 93
leaf_count=26 3392 1775 25 35 22 37 26 49 26 40 73 20 231 58 52 39 21 24 22 20 31 36 36 36 31 50 92 60 26 93
internal_value=1.0729e-08 -0.0309537 -0.334369 -3.29062 0.13974 8.1057 11.1559 14.625 20.3692 14.7393 -1.55589 -3.08263 -4.2133 -8.92159 -18.2718 -2.73202 2.54712 -11.3232 -9.29187 -0.273754 -12.3653 -0.111558 10.3629 15.8454 7.78109 -16.5902 -0.509034 -5.39396 1.22109 8.38003
internal_weight=6504 6478 4703 650 4053 200 178 152 103 77 575 502 467 236 94 142 103 45 74 3853 51 3802 139 103 67 75 3663 271 179 119
internal_count=6504 6478 4703 650 4053 200 178 152 103 77 575 502 467 236 94 142 103 45 74 3853 51 3802 139 103 67 75 3663 271 179 119
cat_boundaries=0 1 2 3 4
cat_threshold=4 4 4 2
is_linear=0
shrinkage=0.05


Tree=211
num_leaves=31
num_cat=5
split_feature=3 3 2 4 1 1 7 6 0 9 1 5 1 6 9 1 1 1 3 8 1 1 6 1 9 1 5 0 2 3
split_gain=590934 9.58365e+06 4.79203e+06 2.49285e+06 5.9858e+06 9.71904e+06 6.82754e+06 8.21922e+06 9.17752e+06 5.9733e+06 7.60864e+06 9.79086e+06 4.60224e+06 4.71222e+06 4.54948e+06 4.30724e+06 4.01082e+06 4.12428e+06 3.86744e+06 3.80121e+06 5.16188e+06 4.19548e+06 8.42574e+06 5.41541e+06 3.79215e+06 5.16058e+06 5.98872e+06 5.51701e+06 4.76031e+06 5.56277e+06
threshold=17989.580444969844 17930.13998384761 33598.988840666665 -0.37940952255126059 18913.854166666675 19153.016287878792 0 1 58387.883350750002 3.5000000000000004 17498.425000000003 -0.9159756150367534 19236.020833333336 2 2.5000000000000004 18690.645833333336 19607.187500000004 20217.095833333336 16060.941128441218 3 18188.416666666668 17498.425000000003 4 17315.757954545457 4.5000000000000009 17492.61818181819 0.60355339059327384 51439.421820333351 34230.980613833337 17414.858562918645
decision_type=2 2 2 2 2 2 1 1 2 2 2 2 2 1 2 2 2 2 2 1 2 2 1 2 2 2 2 2 2 2
left_child=1 3 -2 4 15 -6 7 -7 12 10 14 -12 -9 -14 -5 19 -8 -18 -13 -1 21 23 -23 -21 25 -11 27 -27 29 -26
right_child=2 -3 -4 9 5 6 16 8 -10 24 11 18 13 -15 -16 -17 17 -19 -20 20 -22 22 -24 -25 28 26 -28 -29 -30 -31
leaf_value=9.3617070672186937 -22.581880060831708 30.903263924672054 -0.18231056955910804 -3.7122935329648588 -38.486339378356938 -38.176710350036622 20.830850078441479 3.1561051628806376 12.910524215698244 -12.699506723880768 1.2078086439069811 -34.064940583078489 -40.118096984863286 -11.522473722345689 19.437226489695107 24.323602125861427 -17.193980376209534 5.2941237204869589 -13.612264594385181 9.0139837855384464 -20.855975005205941 25.196832065324529 -11.944433575410109 -25.124039857204146 -1.8808653133284476 13.025774586966278 27.874368269178603 -8.3033230282011488 8.6011228515746758 18.706273231506348
leaf_weight=88 24 26 4660 44 23 25 27 22 40 24 91 38 25 34 41 22 28 75 59 21 34 37 26 26 525 109 45 42 188 35
leaf_count=88 24 26 4660 44 23 25 27 22 40 24 91 38 25 34 41 22 28 75 59 21 34 37 26 26 525 109 45 42 188 35
internal_value=2.39912e-08 0.764578 -0.297082 0.327786 -2.46431 -7.25888 -4.65659 -12.0773 -6.6848 1.57197 -4.96006 -10.5728 -16.3615 -23.6393 7.45395 3.17969 3.67739 -0.819147 -21.6247 1.17467 -3.82852 1.43451 9.86869 -9.87088 3.41416 9.18467 11.8644 7.09318 1.71695 -0.594169
internal_weight=6504 1820 4684 1794 553 299 276 146 121 1241 273 188 81 59 85 254 130 103 97 232 144 110 63 47 968 220 196 151 748 560
internal_count=6504 1820 4684 1794 553 299 276 146 121 1241 273 188 81 59 85 254 130 103 97 232 144 110 63 47 968 220 196 151 748 560
cat_boundaries=0 1 2 3 4 5
cat_threshold=4 2 4 4 1
is_linear=0
shrinkage=0.05


Tree=212
num_leaves=31
num_cat=1
split_feature=9 5 5 3 0 3 3 5 3 1 1 3 1 3 6 1 1 4 9 1 1 9 3 1 1 3 1 0 4 1
split_gain=588491 3.05729e+06 4.48433e+06 8.85152e+06 4.92549e+06 5.52282e+06 5.92201e+06 4.88513e+06 5.21037e+06 4.69272e+06 9.3637e+06 5.57745e+06 4.61806e+06 5.96524e+06 1.04569e+07 4.79034e+06 5.29623e+06 4.47778e+06 7.2004e+06 5.28222e+06 4.1568e+06 3.66272e+06 7.92158e+06 4.66782e+06 3.61994e+06 9.44292e+06 5.73756e+06 3.19136e+06 3.18706e+06 2.92232e+06
threshold=2.5000000000000004 -0.70710678118654757 1.0000000180025095e-35 27451.273072404285 60647.829716333341 24743.287908519629 29371.689118434351 0.78656609248549303 26788.521953398133 19612.591666666671 19604.341666666671 20395.844495093614 18568.144696969703 24610.785403644 0 19596.858333333334 19570.983333333337 0.78656609248549325 1.5000000000000002 19605.335606060613 17501.933333333338 1.5000000000000002 21045.582769170294 19507.616666666672 19611.895833333336 24195.693601173767 19617.820833333335 56909.096152439968 1.0000000180025095e-35 19615.573863636368
decision_type=2 2 2 2 2 2 2 2 2 2 2 2 2 2 1 2 2 2 2 2 2 2 2 2 2 2 2 2 2 2
left_child=1 20 4 7 27 9 17 8 29 10 11 -6 13 14 -9 16 -14 18 19 -7 -1 -22 28 -24 25 -17 -26 -3 -23 -4
right_child=-2 2 3 -5 5 6 -8 12 -10 -11 -12 -13 15 -15 -16 24 -18 -19 -20 -21 21 22 23 -25 26 -27 -28 -29 -30 -31
leaf_value=-6.4989381482050979 -0.2509040953676398 -9.239535658287279 1.4689161979120848 32.367726914779006 -18.756080417633058 -29.445882034301761 11.309210642646342 -29.288955673804651 28.595221001761303 -11.104174726349967 42.307501029968265 13.582317078113556 -3.1757281348818829 22.044937354326251 10.229328821060506 26.802846032601817 -36.146561325418539 -23.886069943858132 11.957660480447718 -1.9646223564942678 3.3064232425984517 12.496315725033099 15.11953245083491 44.703571248054509 -27.787539174479821 -12.086469404117482 2.8855146889093644 -34.173316265287859 -13.054952745852262 15.301013030562292
leaf_weight=65 5088 33 341 23 20 34 34 26 21 28 20 40 21 32 47 27 29 51 37 36 186 26 30 24 31 37 30 21 23 43
leaf_count=65 5088 33 341 23 20 34 34 26 21 28 20 40 21 32 47 27 29 51 37 36 186 26 30 24 31 37 30 21 23 43
internal_value=-3.27694e-08 0.901554 -0.439808 1.85762 -5.03466 -2.53242 -7.62047 0.833191 4.34406 6.513 12.679 2.80285 -4.24503 4.0448 -3.84568 -9.21892 -22.2988 -11.6939 -5.88274 -15.3127 4.92564 7.49518 15.0593 28.268 -3.98697 4.31996 -12.7024 -18.936 0.502863 3.01782
internal_weight=6504 1416 1062 708 354 300 192 685 405 108 80 60 280 105 73 175 50 158 107 70 354 289 103 54 125 64 61 54 49 384
internal_count=6504 1416 1062 708 354 300 192 685 405 108 80 60 280 105 73 175 50 158 107 70 354 289 103 54 125 64 61 54 49 384
cat_boundaries=0 1
cat_threshold=4
is_linear=0
shrinkage=0.05


Tree=213
num_leaves=31
num_cat=3
split_feature=3 2 1 9 1 3 3 1 5 3 1 4 0 1 1 3 3 3 4 1 4 7 3 1 1 2 9 8 7 9
split_gain=619951 964891 816839 5.97502e+06 2.55729e+06 2.44147e+06 4.01541e+06 3.18777e+06 2.26866e+06 2.2599e+06 1.92634e+06 1.3584e+06 1.47317e+06 895891 7.06115e+06 7.67886e+06 4.72217e+06 4.17042e+06 3.32425e+06 2.29496e+06 6.76073e+06 5.36637e+06 3.45247e+06 3.28783e+06 8.26215e+06 6.85304e+06 8.06737e+06 6.00607e+06 5.78843e+06 2.13638e+07
threshold=30454.997334259326 65847.304557000025 17483.612878787881 3.5000000000000004 17491.069318181821 23926.064530930329 17414.858562918645 17315.757954545457 0.37940952255126048 22272.336827037605 17406.837500000005 0.37940952255126054 41469.130444833354 17497.700000000004 17496.920833333334 16994.693249211672 22981.776216722319 20789.29974032475 0.37940952255126054 17502.866666666672 0.12940952255126045 0 22181.344437025316 17679.104166666668 17751.417424242427 50970.946575034286 3.5000000000000004 1 2 2.5000000000000004
decision_type=2 2 2 2 2 2 2 2 2 2 2 2 2 2 2 2 2 2 2 2 2 1 2 2 2 2 2 1 1 2
left_child=2 -2 3 5 9 6 11 8 -8 -4 -7 12 -1 14 15 -6 17 -17 -18 20 -15 22 -22 25 -25 26 27 -21 29 -29
right_child=1 -3 4 -5 13 10 7 -9 -10 -11 -12 -13 -14 19 -16 16 18 -19 -20 23 21 -23 -24 24 -26 -27 -28 28 -30 -31
leaf_value=-4.3345741343498236 -11.702921889509474 2.2898502003062857 -2.8721671342849735 -17.034923281814113 21.683876368506205 -10.813663093971485 -0.044559599558512374 30.76025720376235 18.693149247850691 -24.297418522834779 6.1444362906848689 -9.7857001304626472 14.856367588043213 3.5088056665308338 27.549489424778866 -6.4325718980282547 15.958394960256724 -35.108217293875562 -10.44982979514382 -22.596927193359093 -23.528219413757327 -36.618597951531413 3.6713234935488019 -28.290898840244001 -0.039158498389457064 28.491666675436086 28.94248663095328 47.550431445666725 -4.1278120823666056 -10.337169956516576
leaf_weight=20 28 22 32 33 29 33 30 26 35 20 34 24 20 85 26 32 26 21 22 27 20 24 28 26 5548 29 26 28 113 37
leaf_count=20 28 22 32 33 29 33 30 26 35 20 34 24 20 85 26 32 26 21 22 27 20 24 28 26 5548 29 26 28 113 37
internal_value=2.98981e-08 -5.5461 0.0429664 2.81638 -0.0711198 5.76725 9.21464 15.9636 10.045 -11.1126 -2.20806 -0.381577 5.2609 0.0222851 3.76299 -0.994311 -7.50587 -17.7946 3.85463 -0.0751193 -6.04054 -17.3141 -7.66182 0.0854174 -0.170939 5.58131 2.70512 -0.622551 2.71064 14.599
internal_weight=6504 50 6454 255 6199 222 155 91 65 52 67 64 40 6147 156 130 101 53 48 5991 157 72 48 5834 5574 260 231 205 178 65
internal_count=6504 50 6454 255 6199 222 155 91 65 52 67 64 40 6147 156 130 101 53 48 5991 157 72 48 5834 5574 260 231 205 178 65
cat_boundaries=0 1 2 3
cat_threshold=4 1 4
is_linear=0
shrinkage=0.05


Tree=214
num_leaves=31
num_cat=1
split_feature=2 5 9 4 7 0 9 1 3 1 1 0 3 3 1 1 4 1 1 4 9 3 0 0 3 3 1 3 0 1
split_gain=634707 619919 4.24965e+06 4.58941e+06 3.92206e+06 7.54322e+06 1.83542e+07 6.96421e+06 5.61475e+06 7.08231e+06 5.74107e+06 4.71566e+06 5.07432e+06 4.86856e+06 5.81372e+06 5.60409e+06 4.10549e+06 3.04244e+06 5.84488e+06 5.48286e+06 4.83766e+06 4.58355e+06 4.5004e+06 6.62327e+06 2.99153e+06 6.79463e+06 2.83338e+06 2.68368e+06 2.58841e+06 2.51537e+06
threshold=13588.855936500004 -0.78656609248549325 2.5000000000000004 1.0000000180025095e-35 0 57571.179766861518 4.5000000000000009 18535.100000000002 23156.784737210928 18531.924621212125 19198.104166666672 56520.700443698493 17584.411056035919 11140.00792902174 17497.700000000004 20221.150000000001 1.0000000180025095e-35 18039.387500000001 19219.670833333337 1.0000000180025095e-35 5.5000000000000009 13397.635610659798 46528.76739702504 53664.030421793403 14597.551624151072 22662.117511438799 17507.070833333339 16696.600854042033 39539.52726475001 19605.335606060613
decision_type=2 2 2 2 1 2 2 2 2 2 2 2 2 2 2 2 2 2 2 2 2 2 2 2 2 2 2 2 2 2
left_child=-1 2 3 24 8 11 7 -7 9 -4 -11 12 13 15 -15 28 -12 -16 21 20 -20 -19 -21 -24 -2 -26 -5 -28 -6 -29
right_child=1 -3 4 26 5 6 -8 -9 -10 10 16 -13 -14 14 17 -17 -18 18 19 22 -22 -23 23 -25 25 -27 27 29 -30 -31
leaf_value=7.7965114634770618 -2.8806983617635873 0.21720331214020341 9.3243542706524885 -14.478445246911818 -5.0233220612375362 -15.330510740280154 -2.2608576109936069 -55.672864333443023 5.1698300287408649 -36.775858538078545 -26.177131999622691 26.540170297168551 -22.317562751770023 32.066066468845712 -13.453621481508018 17.477599487304687 -3.7920654155589917 34.266082085503477 -28.342533599853518 -11.063107250134152 3.8055634932084517 9.3267646074295047 25.136355371060581 -7.2655539671580005 33.199920846356285 5.1568122718069294 -10.846493079585414 11.498265594160053 -24.056266854026102 -3.9384990782964802
leaf_weight=26 26 5149 27 31 95 20 344 23 53 33 33 21 20 22 20 25 54 27 25 24 22 58 46 24 36 54 31 71 22 42
leaf_count=26 26 5149 27 31 95 20 344 23 53 33 33 21 20 22 20 25 54 27 25 24 22 58 46 24 36 54 31 71 22 42
internal_value=1.91881e-09 -0.031292 -0.994048 4.34589 -2.49108 -0.989596 -6.11065 -36.909 -8.78231 -13.8127 -19.0185 3.40474 2.27488 3.47451 7.44053 -4.01066 -12.283 5.23824 6.89239 0.649245 -13.2945 17.2487 7.62111 14.0271 12.0583 16.3741 -0.766361 2.18555 -8.60217 5.76071
internal_weight=6504 6478 1329 291 1038 838 387 43 200 147 120 451 430 410 268 142 87 246 226 141 47 85 94 70 116 90 175 144 117 113
internal_count=6504 6478 1329 291 1038 838 387 43 200 147 120 451 430 410 268 142 87 246 226 141 47 85 94 70 116 90 175 144 117 113
cat_boundaries=0 1
cat_threshold=2
is_linear=0
shrinkage=0.05


Tree=215
num_leaves=31
num_cat=3
split_feature=1 5 3 3 1 5 8 2 2 0 4 9 1 1 1 3 7 5 1 1 1 0 5 5 2 4 0 7 3 1
split_gain=581583 1.24686e+06 640314 4.66968e+06 3.69746e+06 3.11881e+06 2.99772e+06 4.45325e+06 2.92428e+06 4.49068e+06 6.01804e+06 3.96273e+06 3.22212e+06 2.58117e+07 1.14675e+07 1.11378e+07 1.62305e+07 8.70959e+06 5.14025e+06 8.47265e+06 6.69201e+06 6.02143e+06 5.77148e+06 5.06553e+06 4.67449e+06 4.51878e+06 5.86849e+06 9.36514e+06 7.29101e+06 7.53016e+06
threshold=16609.01666666667 -0.60355339059327384 20041.714912913416 20168.005754415968 17315.757954545457 -0.98296291314453399 0 40115.288499500006 48232.493053152779 65350.315839364404 -0.91597561503675329 5.5000000000000009 19236.020833333336 19204.258333333335 19231.125000000004 16941.471242588374 1 -0.9159756150367534 18188.416666666668 18145.554166666672 17679.104166666668 61758.219189585936 -0.5 -0.12940952255126037 43400.506164191655 -0.70710678118654735 60224.162688081407 2 18823.526507476836 19615.573863636368
decision_type=2 2 2 2 2 2 1 2 2 2 2 2 2 2 2 2 1 2 2 2 2 2 2 2 2 2 2 1 2 2
left_child=1 -1 8 6 -5 -6 7 -4 9 12 11 -11 13 18 15 17 23 -15 19 20 21 24 -21 -17 -2 -14 28 -28 -27 -30
right_child=2 -3 3 4 5 -7 -8 -9 -10 10 -12 -13 25 14 -16 16 -18 -19 -20 22 -22 -23 -24 -25 -26 26 27 -29 29 -31
leaf_value=-4.1403234390985402 2.6522163376134102 11.639050588300151 -18.304675829795929 -20.642949780550872 -8.3377409183227265 0.17262443159555668 -26.039652485317653 11.527399602261458 -18.496643295288088 14.749022388458252 30.081109662055969 -14.083982138200239 -9.2670437115945941 23.86825696182251 46.211372080156877 -5.4774558330404348 53.115064123905064 -11.724570657556708 -4.45684604109102 38.245501312255861 -13.932307152512173 -23.547730945405505 7.4702833126752815 22.432203375326623 26.881919897170292 -0.037296234469710692 35.549350167203833 3.0062910099498565 -41.050714025497442 -7.6504328406519368
leaf_weight=21 382 31 29 22 111 3572 27 22 20 26 30 22 162 25 31 29 33 55 543 25 72 21 39 37 21 819 27 122 20 108
leaf_count=21 382 31 29 22 111 3572 27 22 20 26 30 22 162 25 31 29 33 55 543 25 72 21 39 37 21 819 27 122 20 108
internal_value=-2.20917e-09 5.26661 -0.0424463 -0.460831 -0.205943 -0.083865 -12.568 -5.43594 0.550565 0.694372 12.5136 1.5339 0.335796 2.06839 18.135 13.2726 24.4843 -0.601812 -0.990526 2.37057 0.161368 2.55463 19.4919 10.1689 3.91481 -1.47255 -0.320444 8.90336 -1.77171 -12.8692
internal_weight=6504 52 6452 3783 3705 3683 78 51 2669 2649 78 48 2571 1313 210 179 99 80 1103 560 496 424 64 66 403 1258 1096 149 947 128
internal_count=6504 52 6452 3783 3705 3683 78 51 2669 2649 78 48 2571 1313 210 179 99 80 1103 560 496 424 64 66 403 1258 1096 149 947 128
cat_boundaries=0 1 2 3
cat_threshold=4 4 1
is_linear=0
shrinkage=0.05


Tree=216
num_leaves=31
num_cat=2
split_feature=3 4 2 0 0 4 0 3 0 2 4 4 6 5 1 10 3 3 2 9 5 9 1 1 1 9 4 9 4 6
split_gain=609868 1.8723e+06 1.40322e+06 1.01565e+06 2.98752e+06 4.48479e+06 2.83138e+06 2.66239e+06 1.03478e+06 5.7763e+06 6.60057e+06 4.39436e+06 3.28278e+06 5.5603e+06 3.64342e+06 5.41736e+06 3.27932e+06 4.46002e+06 4.36572e+06 2.82485e+06 6.66444e+06 6.3132e+06 5.10405e+06 2.68768e+06 2.63463e+06 2.48122e+06 1.78949e+06 1.57613e+06 6.58402e+06 4.3577e+06
threshold=9447.6797004382988 0.37940952255126054 20574.646844833343 42890.444056500004 41986.743928958349 0.25881904510252091 43312.049806833333 10867.40664542691 48446.704004154708 30521.891937416665 0.91597561503675362 -1.0000000180025095e-35 0 -0.9159756150367534 18188.416666666668 1.0000000180025095e-35 14221.39633375234 13943.097584220288 32032.548793833335 5.5000000000000009 0.78656609248549303 4.5000000000000009 20658.583333333339 19230.145833333332 20247.275000000005 4.5000000000000009 -0.5 4.5000000000000009 0.91597561503675362 1
decision_type=2 2 2 2 2 2 2 2 2 2 2 2 1 2 2 2 2 2 2 2 2 2 2 2 2 2 2 2 2 1
left_child=1 -1 -2 4 5 7 -5 -4 12 10 11 -10 14 23 -8 24 17 -11 19 20 21 -18 -21 -14 -16 -13 -15 -20 -29 -30
right_child=2 -3 3 6 -6 -7 8 -9 9 16 -12 25 13 26 15 -17 18 -19 27 22 -22 -23 -24 -25 -26 -27 -28 28 29 -31
leaf_value=-0.29047630874984032 -10.206317416359397 11.968291930265206 -1.7204824527104696 -16.565558407856866 20.359724744160971 -16.120321508690164 17.548290283232927 22.657440040225076 0.77778549194335944 1.5236316938658019 -12.797496723175049 36.563454333218665 11.918458707268174 -28.977661305382142 -2.7512438048919043 16.704183278764997 -8.7035820007324229 30.829852744340897 -0.95479754987069565 16.002442913143724 9.3151801295902423 -39.046216341654457 -13.310820589643535 -7.8697831749916078 -23.646447363766757 16.588584417667033 -12.220032147205238 -0.12329079605184511 23.231088946316696 5.1596917582120874
leaf_weight=113 34 43 24 26 24 27 32 21 34 37 25 22 37 21 48 28 40 20 2481 27 23 30 33 32 22 53 66 2705 37 339
leaf_count=113 34 43 24 26 24 27 32 21 34 37 25 22 37 21 48 28 40 20 2481 27 23 30 33 32 22 53 66 2705 37 339
internal_value=-2.73692e-09 3.08854 -0.0758999 -0.0213491 5.08229 -0.0101947 -0.100144 9.65588 -0.0310066 0.111231 10.3739 15.6884 -2.96826 -7.85835 2.89985 -1.88331 -0.127022 11.8065 -0.246044 -8.57825 -14.0353 -21.7076 -0.119852 2.7413 -9.31831 22.4479 -16.265 -0.0168408 0.738456 6.93799
internal_weight=6504 156 6348 6314 96 72 6218 45 6192 5906 134 109 286 156 130 98 5772 57 5715 153 93 70 60 69 70 75 87 5562 3081 376
internal_count=6504 156 6348 6314 96 72 6218 45 6192 5906 134 109 286 156 130 98 5772 57 5715 153 93 70 60 69 70 75 87 5562 3081 376
cat_boundaries=0 1 2
cat_threshold=2 2
is_linear=0
shrinkage=0.05


Tree=217
num_leaves=31
num_cat=7
split_feature=1 8 7 4 1 3 3 5 1 8 0 4 3 2 6 3 7 3 1 1 9 9 3 7 3 5 1 9 8 9
split_gain=624653 3.09914e+06 2.04112e+06 3.47366e+06 2.01036e+06 6.83193e+06 5.49245e+06 4.81665e+06 4.10015e+06 8.71611e+06 7.75749e+06 3.77704e+06 4.90164e+06 3.74609e+06 2.86112e+06 2.81548e+06 4.76621e+06 3.68049e+06 3.25299e+06 2.72675e+06 8.06429e+06 6.26996e+06 4.2076e+06 4.4414e+06 6.14217e+06 4.0401e+06 8.50836e+06 1.22498e+07 8.47919e+06 5.99961e+06
threshold=21965.104166666668 0 1 0.91597561503675362 21657.233333333334 17989.580444969844 27264.570400088818 -0.70710678118654757 21309.620833333338 2 56803.847811000007 -0.25881904510252113 21874.847449542594 53110.384512011544 3 27264.570400088818 4 21931.458406806803 21591.341666666671 20665.012500000001 8.5000000000000018 7.5000000000000009 21874.847449542594 5 19750.358280652104 -0.70710678118654757 20687.725000000006 8.5000000000000018 6 7.5000000000000009
decision_type=2 1 1 2 2 2 2 2 2 1 2 2 2 2 1 2 1 2 2 2 2 2 2 1 2 2 2 2 1 2
left_child=4 -2 -3 -4 8 -6 11 -8 19 -10 -11 12 -7 -14 -13 16 17 -12 -19 20 21 -1 23 24 -22 26 28 -28 -21 -27
right_child=1 2 3 -5 5 6 7 -9 9 10 15 14 13 -15 -16 -17 -18 18 -20 25 22 -23 -24 -25 -26 29 27 -29 -30 -31
leaf_value=-0.24333828418299489 -13.866428369283677 12.696695968082974 -3.956921938680253 13.045483376639233 -19.226111787160239 38.148963535915719 -23.392652859137613 2.576475326638473 15.448204494167019 17.541322199503579 -35.022426166534423 7.8943879132197328 -5.3602277424024507 19.850961042032012 -9.0590305582682298 -2.0942914370128087 -0.52613254547119137 -25.628160598107748 -2.5292608119823314 44.779662415076949 3.0497895517656879 11.101936472702027 4.6637326924697211 -36.089131123931324 -31.972315070742653 14.513096938082871 12.490714455362577 -29.139794514824946 3.6152498938820581 -1.2185027825371657
leaf_weight=4727 48 28 212 35 30 22 26 57 37 21 40 146 23 41 30 35 30 35 27 29 31 125 23 27 21 71 67 24 22 414
leaf_count=4727 48 28 212 35 30 22 26 57 37 21 40 146 23 41 30 35 30 35 27 29 31 125 23 27 21 71 67 24 22 414
internal_value=1.30672e-08 -2.14352 -0.0973383 -1.54767 0.112014 3.66015 5.65026 -5.55843 -0.117155 -6.73469 -11.1005 9.20111 17.7893 10.7907 5.0046 -14.7021 -18.0451 -23.1978 -15.569 0.149633 -0.243547 0.0489452 -14.157 -19.6365 -11.0938 3.2562 10.6737 1.51124 27.0225 1.08447
internal_weight=6504 323 275 247 6181 375 345 83 5806 225 188 262 86 64 176 167 132 102 62 5581 4954 4852 102 79 52 627 142 91 51 485
internal_count=6504 323 275 247 6181 375 345 83 5806 225 188 262 86 64 176 167 132 102 62 5581 4954 4852 102 79 52 627 142 91 51 485
cat_boundaries=0 1 2 3 4 5 6 7
cat_threshold=1 2 1 4 4 4 4
is_linear=0
shrinkage=0.05


Tree=218
num_leaves=31
num_cat=7
split_feature=2 1 3 2 3 6 3 1 5 3 1 8 7 3 3 6 1 9 9 5 1 1 8 9 6 3 1 3 3 7
split_gain=602940 547104 2.96743e+06 4.91438e+06 3.23425e+06 3.5856e+06 2.87991e+06 1.84909e+06 6.35774e+06 3.91763e+06 3.66363e+06 7.15436e+06 6.59916e+06 1.29192e+07 3.71185e+06 8.76362e+06 3.13147e+06 7.2334e+06 5.70339e+06 4.48516e+06 6.45848e+06 1.00737e+07 7.65247e+06 5.35133e+06 4.04149e+06 6.09931e+06 8.38845e+06 4.64919e+06 3.79736e+06 4.00836e+06
threshold=13588.855936500004 21965.104166666668 28467.69557926006 58194.621124977995 23970.271276843097 0 17641.873186118686 21657.233333333334 -0.78656609248549325 18956.849326958985 21233.400000000001 1 2 22475.42227706252 21931.458406806803 3 20665.012500000001 8.5000000000000018 7.5000000000000009 -0.70710678118654757 20687.725000000006 20732.300000000007 4 6.5000000000000009 5 20477.103012560332 20679.108333333341 17733.529273789438 21874.847449542594 6
decision_type=2 2 2 2 2 1 2 2 2 2 2 1 1 2 2 1 2 2 2 2 2 2 1 2 1 2 2 2 2 1
left_child=-1 7 3 4 5 -3 -7 10 -9 -10 16 -12 14 -14 15 -13 17 18 -2 20 22 -22 -18 -21 -25 26 -26 -28 29 -19
right_child=1 2 -4 -5 -6 6 -8 8 9 -11 11 12 13 -15 -16 -17 19 28 -20 23 21 -23 -24 24 25 -27 27 -29 -30 -31
leaf_value=7.5988997917908891 -0.27447744067049079 12.246079559679385 -16.488416743278503 18.038458216190339 -9.5521712142687587 11.408141477902731 -8.4285451920001542 -9.3304725089630534 -11.756123696840726 8.5589543591089114 14.675794084007675 -40.979187157574827 21.805899574643092 -19.012779066297743 -9.2593326255253388 0.10208812895275297 42.540679260780074 -10.539065366524916 10.546839802789689 20.026607194628035 -25.879035659269853 14.051658938612258 3.4344880364157939 17.662458511878707 -28.275415737628936 4.7726688504697163 4.60543646812439 -12.863159575829139 4.4305451102878735 -34.284674183527635
leaf_weight=26 4701 54 32 32 104 24 77 77 26 272 37 34 42 36 105 21 29 52 125 35 22 56 22 29 40 187 92 65 23 27
leaf_count=26 4701 54 32 32 104 24 77 77 26 272 37 34 42 36 105 21 29 52 125 35 22 56 22 29 40 187 92 65 23 27
internal_value=1.27259e-08 -0.0304988 -2.03634 -0.447111 -2.73104 1.84571 -3.71488 0.0747632 3.47715 6.7865 -0.14598 -5.77813 -8.95794 2.96651 -14.7711 -25.2936 0.135372 -0.272682 0.00580948 3.62045 11.8356 2.78916 25.6713 1.25493 -0.335887 -1.69514 -7.83463 -2.62678 -13.4492 -18.6547
internal_weight=6504 6478 323 291 259 155 101 6155 375 298 5780 275 238 78 160 55 5505 4928 4826 577 129 78 51 448 413 384 197 157 102 79
internal_count=6504 6478 323 291 259 155 101 6155 375 298 5780 275 238 78 160 55 5505 4928 4826 577 129 78 51 448 413 384 197 157 102 79
cat_boundaries=0 1 2 3 4 5 6 7
cat_threshold=4 1 4 4 4 1 4
is_linear=0
shrinkage=0.05


Tree=219
num_leaves=31
num_cat=3
split_feature=3 3 1 5 0 4 1 1 8 3 3 0 0 1 1 3 0 8 3 4 3 3 3 7 9 1 1 1 3 1
split_gain=559531 3.43201e+06 4.14922e+06 3.05316e+06 6.20133e+06 6.32818e+06 3.09964e+06 9.58288e+06 9.96216e+06 8.27907e+06 1.33036e+07 5.1628e+07 1.2844e+07 9.33761e+06 1.10818e+07 9.02468e+06 8.60583e+06 6.84256e+06 1.16488e+07 2.03395e+07 1.74327e+07 4.93727e+06 1.10176e+07 5.81567e+06 5.23273e+06 7.87372e+06 6.93395e+06 4.9264e+06 1.01176e+07 7.63952e+06
threshold=19780.655842890224 19708.244062679627 19730.95416666667 -0.12940952255126037 61563.127078166675 0.37940952255126054 19600.241666666669 19185.845833333336 0 22272.336827037605 20712.029149726561 61042.454143363087 66617.101337621265 19222.716287878793 19230.145833333332 21472.821647700675 59180.090122591078 1 23208.128202063202 -1.0000000180025095e-35 21931.458406806803 20595.376116464529 22088.176824426966 2 3.5000000000000004 18542.433333333338 17509.145833333339 17679.104166666668 23602.413946675308 18552.162500000002
decision_type=2 2 2 2 2 2 2 2 1 2 2 2 2 2 2 2 2 1 2 2 2 2 2 1 2 2 2 2 2 2
left_child=1 -1 -3 4 5 -2 7 17 -9 10 13 -12 15 -10 -15 -13 -16 18 20 -20 -5 -19 24 -24 25 26 -23 28 -25 -29
right_child=3 2 -4 6 -6 -7 -8 8 9 -11 11 12 -14 14 16 -17 -18 21 19 -21 -22 22 23 27 -26 -27 -28 29 -30 -31
leaf_value=0.31299207038723698 -5.4541285333179292 28.546801217397054 0.21526424714497161 -0.063229837222975135 -1.4749410575360633 -37.638964092855652 2.2267420606683728 10.312379725277424 -27.501884480885099 -1.082827573135251 -94.176938790082943 22.226795082092288 -36.180111805085218 37.91940402030945 14.279100387746638 -20.509882027762277 -31.038268156051636 -8.1765161030220277 -20.722389991760256 43.057718070983888 -46.265131770542695 -1.5923427854265486 -13.5796807022418 27.859287845387179 24.925511989100229 -13.259814459482829 30.849516029357911 -17.818859342428354 -0.43753571898104204 8.7957048150045534
leaf_weight=2496 42 24 28 49 1403 24 1419 64 28 122 24 30 31 20 22 21 20 66 25 25 35 28 59 51 87 30 40 52 83 56
leaf_count=2496 42 24 28 49 1403 24 1419 64 28 122 24 30 31 20 22 21 20 66 25 25 35 28 59 51 87 30 40 52 83 56
internal_value=1.02778e-08 0.577857 13.2914 -0.372189 -2.17954 -17.1577 0.695365 -1.3393 -7.68622 -11.3086 -17.6736 -29.6767 -10.7986 -3.53655 7.2865 4.62934 -7.3006 2.19499 -7.94026 11.1677 -19.314 4.65535 6.39795 0.495966 16.0006 8.07756 17.4911 3.92763 10.3322 -4.01871
internal_weight=6504 2548 52 3956 1469 66 2487 1068 382 318 196 106 82 90 62 51 42 686 134 50 84 552 486 301 185 98 68 242 134 108
internal_count=6504 2548 52 3956 1469 66 2487 1068 382 318 196 106 82 90 62 51 42 686 134 50 84 552 486 301 185 98 68 242 134 108
cat_boundaries=0 1 2 3
cat_threshold=1 1 2
is_linear=0
shrinkage=0.05


Tree=220
num_leaves=31
num_cat=3
split_feature=3 3 9 2 5 2 0 3 5 2 2 1 1 1 8 1 4 4 8 4 1 0 3 9 3 1 3 2 5 7
split_gain=547571 2.71717e+06 7.15492e+06 5.77933e+06 5.56081e+06 2.70721e+06 2.2768e+06 2.29119e+06 3.36958e+06 3.04661e+06 2.3145e+06 2.27124e+06 5.4488e+06 2.29798e+07 6.14416e+06 7.45689e+06 4.38554e+06 4.91844e+06 3.43363e+06 5.94753e+06 4.33964e+06 3.36142e+06 3.55692e+06 3.12202e+06 3.07997e+06 9.43832e+06 5.4233e+06 4.22952e+06 3.09666e+06 2.85518e+06
threshold=23602.413946675308 23336.472018454922 3.5000000000000004 49284.059872751226 0.60355339059327384 41500.816868833332 75159.484055374211 23208.128202063202 0.60355339059327384 53110.384512011544 52437.857578028976 17494.979166666668 18816.562500000004 19434.437500000004 0 18552.162500000002 0.37940952255126054 -0.70710678118654735 1 -0.91597561503675329 19566.029166666671 65660.297655000002 23749.951172220768 2.5000000000000004 27154.17016125553 19611.895833333336 26626.813042387497 60750.680446642262 0.25881904510252057 2
decision_type=2 2 2 2 2 2 2 2 2 2 2 2 2 2 1 2 2 2 1 2 2 2 2 2 2 2 2 2 2 1
left_child=1 6 4 -4 -3 -2 7 9 -9 10 -1 23 14 -14 15 16 17 -13 20 -20 -15 -22 -23 -7 26 -26 28 -27 -21 -24
right_child=5 2 3 -5 -6 11 -8 8 -10 -11 -12 12 13 18 -16 -17 -18 -19 19 24 21 22 29 -25 25 27 -28 -29 -30 -31
leaf_value=0.15615887233614922 -19.023631954193117 33.425830285689408 10.898763983389912 -18.474343958767978 1.9912381807963055 -2.7396255439519885 13.817200094858805 0.53764613646048087 -26.53995651245117 -12.415703937411308 14.328274430077654 -14.280160889802156 -53.090602352505641 18.40745359028087 25.598186495429591 17.591879405349982 -17.663021598718107 12.202537124633791 11.64821074537933 -15.390343068070607 -8.6241169649301117 -18.342670256158581 6.3793063547256148 -22.683480783609244 28.983176240466889 -26.699774454987569 -31.235434778805441 2.7351642443583564 -1.4966432750894783 0.10432172988131549
leaf_weight=4375 20 34 34 33 24 80 30 27 20 48 29 27 21 34 38 61 39 50 45 73 97 23 235 26 21 23 29 26 89 793
leaf_count=4375 20 34 34 33 24 80 30 27 20 48 29 27 21 34 38 61 39 50 45 73 97 23 235 26 21 23 29 26 89 793
internal_value=3.34085e-08 0.289249 7.56138 -3.56859 20.4184 -0.727658 0.0885393 -0.00300543 -10.9847 0.112929 0.249481 -0.527702 -0.0909244 -1.15195 7.356 3.4396 -4.00255 2.9164 -0.418946 -5.1395 0.803128 0.281745 1.10369 -7.63151 -8.03394 0.938088 -11.3221 -11.0812 -7.75738 1.53878
internal_weight=6504 4654 125 67 58 1850 4529 4499 47 4452 4404 1830 1724 1509 215 177 116 77 1488 306 1182 1148 1051 106 261 70 191 49 162 1028
internal_count=6504 4654 125 67 58 1850 4529 4499 47 4452 4404 1830 1724 1509 215 177 116 77 1488 306 1182 1148 1051 106 261 70 191 49 162 1028
cat_boundaries=0 1 2 3
cat_threshold=4 4 2
is_linear=0
shrinkage=0.05


Tree=221
num_leaves=31
num_cat=1
split_feature=2 0 9 2 2 2 0 2 2 5 5 2 4 3 4 2 2 2 3 8 3 3 5 1 0 1 5 3 9 3
split_gain=567946 2.59466e+06 1.98655e+06 1.54272e+06 1.25966e+06 1.96766e+06 1.11663e+06 1.24507e+06 1.76857e+06 3.6561e+06 2.31647e+06 1.44528e+06 4.85911e+06 1.90462e+06 8.47834e+06 1.5997e+06 2.48679e+06 3.93012e+06 1.52068e+06 2.19566e+06 2.18652e+06 2.15222e+06 2.79957e+06 1.21753e+06 1.11848e+06 1.0278e+06 1.03695e+06 994812 4.05591e+06 2.59255e+06
threshold=61898.177199296304 82971.065687075767 1.5000000000000002 61118.248046443521 60750.680446642262 60338.486673932101 80801.697480750023 58194.621124977995 59386.030644526218 -0.37940952255126015 0.37940952255126048 56043.365520060222 0.78656609248549325 27154.17016125553 0.12940952255126045 55608.005260997277 55295.263165308839 55101.819033071937 24515.226276716403 0 24132.652317535834 27154.17016125553 0.1294095225512602 19611.895833333336 77765.926169978848 19606.491666666672 -0.70710678118654757 23602.413946675308 8.5000000000000018 23336.472018454922
decision_type=2 2 2 2 2 2 2 2 2 2 2 2 2 2 2 2 2 2 2 1 2 2 2 2 2 2 2 2 2 2
left_child=3 2 -2 4 5 6 7 11 10 -10 25 13 18 15 -15 16 17 27 20 21 -13 22 -20 -18 -23 -9 -27 29 -29 -1
right_child=1 -3 -4 -5 -6 -7 -8 8 9 -11 -12 12 -14 14 -16 -17 23 -19 19 -21 -22 24 -24 -25 -26 26 -28 28 -30 -31
leaf_value=0.061574273164187149 -21.484385610509804 0.088514926995871213 -3.1967848864468662 8.8542503256797787 -11.164728591918946 14.080251714706421 -9.291344478726387 13.797314987182617 -15.973920205923228 9.4503811890079135 23.206605130975898 1.0074229435487227 -26.969666896547594 -3.4204308064778646 35.705153293609619 9.8505291543355806 -20.299581310965799 21.619113665535338 18.455163222865053 -13.467012023925783 -21.835160262584687 2.2342502153836765 -1.7921447761597173 -3.2541365718841555 -13.493275873661043 7.8029693365097046 -7.5486207225105986 -2.2461314495246518 14.437945773727016 7.8307152619145128
leaf_weight=4507 27 265 33 50 25 25 32 20 26 31 22 22 21 45 20 41 22 21 38 22 20 26 31 20 20 22 22 880 38 110
leaf_count=4507 27 265 33 50 25 25 32 20 26 31 22 22 21 45 20 41 22 21 38 22 20 26 31 20 20 22 22 880 38 110
internal_value=-2.24993e-08 -2.03728 -11.4262 0.107156 0.0357976 0.0816713 0.0241018 0.0733981 4.68341 -2.14667 9.21032 -0.0382603 -4.21606 0.108226 8.61821 0.010133 -0.0619385 0.0296871 -1.54665 1.00504 -9.87 3.77361 9.35855 -12.1827 -4.6038 4.39909 0.127174 -0.052224 -1.55551 0.246674
internal_weight=6504 325 60 6179 6129 6104 6079 6047 143 57 86 5904 200 5704 65 5639 5598 5556 179 137 42 115 69 42 46 64 44 5535 918 4617
internal_count=6504 325 60 6179 6129 6104 6079 6047 143 57 86 5904 200 5704 65 5639 5598 5556 179 137 42 115 69 42 46 64 44 5535 918 4617
cat_boundaries=0 1
cat_threshold=4
is_linear=0
shrinkage=0.05


Tree=222
num_leaves=31
num_cat=3
split_feature=3 4 1 9 1 3 9 5 0 1 6 0 3 2 0 0 8 0 2 4 0 4 4 1 0 1 1 6 1 3
split_gain=550549 858086 755654 5.61103e+06 2.37911e+06 2.05094e+06 2.00878e+06 2.40147e+06 2.42924e+06 2.01385e+06 1.95973e+06 1.54894e+06 1.04426e+06 819318 2.54038e+06 1.80672e+06 1.36663e+06 1.18048e+06 5.22748e+06 5.9849e+06 4.18667e+06 1.10956e+07 5.52732e+06 3.17171e+06 2.9121e+06 5.51621e+06 8.37313e+06 5.63318e+06 5.21147e+06 4.01536e+06
threshold=30454.997334259326 0.37940952255126054 17483.612878787881 3.5000000000000004 17491.069318181821 22272.336827037605 2.5000000000000004 0.1294095225512602 62013.158172333344 17315.757954545457 0 58534.263873850148 23438.544449234036 17517.812765666658 37687.857399636378 39539.52726475001 1 48446.704004154708 30521.891937416665 0.91597561503675362 49494.73759937501 1.0000000180025095e-35 0.25881904510252091 19189.791666666668 51283.692410863638 18157.095833333336 19146.212500000005 2 19230.145833333332 15259.589545942401
decision_type=2 2 2 2 2 2 2 2 2 2 1 2 2 2 2 2 1 2 2 2 2 2 2 2 2 2 2 1 2 2
left_child=2 -2 3 6 5 -4 7 10 11 -8 12 -9 -1 -6 -15 16 -16 -17 19 20 21 -19 -22 -23 25 -20 27 -27 -28 -26
right_child=1 -3 4 -5 13 -7 9 8 -10 -11 -12 -13 -14 14 15 17 -18 18 24 -21 22 23 -24 -25 29 26 28 -29 -30 -31
leaf_value=11.989406681060792 -11.032530416761126 2.1630957863547589 -2.868901711702347 -16.529136560902455 5.1460854233085342 -23.279604210853577 5.7440077871084219 7.7414764022827143 -0.68238859176635747 25.140637140688689 -11.209810866807636 27.184102448962985 -1.9909491023596595 -17.404473696010452 1.2693248323772266 -2.712259157792646 18.505714234061866 -24.006997356414796 8.7238881196294518 -12.181496129989625 44.614476333964959 6.611911617625843 8.2961515140533457 32.642537353515628 9.9106666600002971 -47.321658043634329 16.387166874497026 -13.782049689754363 -12.50347750976279 -0.1063073280795292
leaf_weight=22 28 22 32 33 77 20 32 20 32 23 38 21 34 21 23 392 23 20 42 25 22 22 20 25 102 21 27 31 37 5217
leaf_count=22 28 22 32 33 77 20 32 20 32 23 38 21 34 21 23 392 23 20 42 25 22 22 20 25 102 21 27 31 37 5217
internal_value=-2.18039e-08 -5.22645 0.04049 2.70801 -0.0692402 -10.7192 5.56759 2.83809 9.64191 13.8553 -2.44572 17.6999 3.50133 0.020852 -0.0441634 0.0161055 9.88752 -0.0595375 0.125789 9.88276 14.9434 7.18486 27.32 20.458 -0.112925 -6.80234 -12.4239 -27.3269 -0.315237 0.0857835
internal_weight=6504 50 6454 255 6199 52 222 167 73 55 94 41 56 6147 6070 6049 46 6003 5611 134 109 67 42 47 5477 158 116 52 64 5319
internal_count=6504 50 6454 255 6199 52 222 167 73 55 94 41 56 6147 6070 6049 46 6003 5611 134 109 67 42 47 5477 158 116 52 64 5319
cat_boundaries=0 1 2 3
cat_threshold=4 2 4
is_linear=0
shrinkage=0.05


Tree=223
num_leaves=31
num_cat=5
split_feature=2 0 0 7 0 2 1 2 3 3 1 3 1 2 6 1 3 9 8 1 3 1 4 1 1 7 1 8 1 1
split_gain=560479 552819 6.8679e+06 7.33868e+06 6.21748e+06 2.8645e+06 5.98132e+06 4.03218e+06 2.57297e+06 7.48721e+06 5.71845e+06 6.57826e+06 1.7844e+07 4.51116e+06 1.14297e+07 4.04949e+06 4.48994e+06 3.8142e+06 3.02645e+06 9.38887e+06 6.49217e+06 5.50576e+06 6.689e+06 5.27708e+06 1.21198e+07 1.58661e+07 1.15055e+07 8.87023e+06 7.80856e+06 6.83595e+06
threshold=13588.855936500004 57914.183881627941 57679.833839401697 0 58142.037790455746 39029.125370806076 17507.070833333339 38704.460057333337 18956.849326958985 19179.830461032248 19146.212500000005 20677.729386114919 19231.125000000004 36581.387392422781 1 18537.133333333335 20964.40588294487 2.5000000000000004 2 20702.375000000004 13589.341542425629 20091.895833333336 0.91597561503675362 18188.416666666668 19146.212500000005 3 19236.020833333336 4 18145.554166666672 17679.104166666668
decision_type=2 2 2 1 2 2 2 2 2 2 2 2 2 2 1 2 2 2 1 2 2 2 2 2 2 1 2 1 2 2
left_child=-1 2 5 -4 -3 7 -7 8 13 -10 15 -12 -13 18 -15 16 -11 -16 19 21 -21 22 -2 28 25 -25 -26 -27 29 -20
right_child=1 4 3 -5 -6 6 -8 -9 9 10 11 12 -14 14 17 -17 -18 -19 23 20 -22 -23 -24 24 26 27 -28 -29 -30 -31
leaf_value=7.3264409835521995 -0.12871263429085675 14.287793852331546 -3.1706228071643459 -41.452226956685386 0.041216962843907176 1.3435877971160108 -30.381361033519109 20.039245758056641 -32.228948588804762 -11.598482837941912 -1.5282847860357265 -59.257380943298337 -1.8758056481679279 -7.0034593091494806 37.431051708304366 20.970543258254594 14.592404950459798 14.081314033514833 10.210450909629701 33.728600280373186 -1.2767469993004434 -16.040632250308992 -20.974035406925463 -46.940593662968389 14.421735758316226 -0.62861398721442507 -0.90606863106876689 -34.20258493838103 37.920993069240026 -17.948692472164449
leaf_weight=26 307 78 31 21 4216 39 24 25 22 36 182 20 42 69 23 37 30 73 126 27 26 100 44 27 164 136 483 23 21 26
leaf_count=26 307 78 31 21 4216 39 24 25 22 36 182 20 42 69 23 37 30 73 126 27 26 100 44 27 164 136 483 23 21 26
internal_value=-2.57311e-09 -0.0294053 -0.677063 -18.6305 0.300004 -0.239175 -10.7421 0.0806345 -0.163478 -3.94303 -2.14969 -6.32 -20.386 0.669153 8.51886 7.72948 0.306466 19.6755 -0.188596 -3.35111 16.5562 -5.69054 -2.7418 1.3958 -0.254518 -11.5029 2.97919 -5.48523 9.34215 5.39376
internal_weight=6504 6478 2184 52 4294 2132 63 2069 2044 369 347 244 62 1675 165 103 66 96 1510 504 53 451 351 1006 833 186 647 159 173 152
internal_count=6504 6478 2184 52 4294 2132 63 2069 2044 369 347 244 62 1675 165 103 66 96 1510 504 53 451 351 1006 833 186 647 159 173 152
cat_boundaries=0 1 2 3 4 5
cat_threshold=4 4 2 2 4
is_linear=0
shrinkage=0.05


Tree=224
num_leaves=31
num_cat=3
split_feature=1 5 3 3 1 0 0 5 4 7 1 2 9 1 8 3 3 3 1 1 2 2 1 0 2 2 1 1 8 0
split_gain=512531 1.07841e+06 572072 3.96869e+06 3.32166e+06 2.92989e+06 7.25486e+06 2.7873e+06 3.76908e+06 3.6524e+06 3.59607e+06 5.98424e+06 4.84253e+06 3.55238e+06 3.32203e+06 5.0576e+06 1.47564e+07 4.57928e+06 3.05667e+06 4.22474e+06 3.00249e+06 7.02682e+06 6.15652e+06 8.53326e+06 3.10521e+06 7.45772e+06 3.71874e+06 7.63234e+06 6.74841e+06 4.65437e+06
threshold=16609.01666666667 -0.60355339059327384 20041.714912913416 20168.005754415968 17315.757954545457 54506.000779166665 54878.250022110042 -0.12940952255126037 0.78656609248549325 0 19601.087500000005 48467.609968855621 6.5000000000000009 20721.508333333339 1 21429.229817327363 21157.603557165454 23602.413946675308 19831.041666666668 21640.254166666669 43319.386962000026 44289.316625196974 19234.579166666674 62443.832710290408 47932.24978641668 48313.622800819736 19231.125000000004 19609.62272727273 2 63837.201095552162
decision_type=2 2 2 2 2 2 2 2 2 1 2 2 2 2 1 2 2 2 2 2 2 2 2 2 2 2 2 2 1 2
left_child=1 -1 -2 -4 -5 -6 -7 20 9 10 -9 12 -12 -13 15 16 -10 18 -17 -20 22 -22 -8 -24 26 -26 29 -28 -29 -23
right_child=2 -3 3 4 5 6 7 8 14 -11 11 13 -14 -15 -16 17 -18 -19 19 -21 21 24 23 -25 25 -27 27 28 -30 -31
leaf_value=-3.804368064517067 0.52067412834191606 10.87044466695478 -11.596802943792099 -19.570916765386411 17.328236357371011 -27.598789811134338 -26.603777175479468 -25.353693683624272 3.8028025898668503 0.67419213169966863 26.485316394624256 -32.514070434570314 -6.7239368977754017 -3.7012876676476525 12.90434444847457 27.860027719313099 -43.832235063825337 -0.25644121771933986 -2.7793681462605795 22.401771746143218 17.188351180076602 0.29327951880062331 22.013060688972473 -19.331684976357682 24.255855547148606 -1.4721742635767681 23.154960018157961 -31.533589205534561 -1.0426508775284125 -22.661672822255937
leaf_weight=21 2669 31 78 22 24 24 36 25 72 1745 21 20 23 23 109 31 21 102 36 31 50 34 24 26 29 980 25 23 86 63
leaf_count=21 2669 31 78 22 24 24 36 25 72 1745 21 20 23 23 109 31 21 102 36 31 50 34 24 26 29 980 25 23 86 63
internal_value=-1.3373e-09 4.94408 -0.0398469 -0.435308 -0.200329 -0.0846214 -0.198835 -0.0179277 1.06266 0.112414 -8.64029 -3.83759 9.12593 -17.1026 5.45224 2.67995 -6.9535 7.15951 14.8781 8.87161 -1.79195 -1.18889 -10.8377 0.513793 -1.92991 -0.732717 -7.15922 -1.76169 -7.47652 -14.6156
internal_weight=6504 52 6452 3783 3705 3683 3659 3635 2259 1857 112 87 44 43 402 293 93 200 98 67 1376 1290 86 50 1240 1009 231 134 109 97
internal_count=6504 52 6452 3783 3705 3683 3659 3635 2259 1857 112 87 44 43 402 293 93 200 98 67 1376 1290 86 50 1240 1009 231 134 109 97
cat_boundaries=0 1 2 3
cat_threshold=1 4 2
is_linear=0
shrinkage=0.05


Tree=225
num_leaves=31
num_cat=5
split_feature=1 1 0 7 6 1 2 3 0 3 2 4 2 8 3 8 5 1 1 0 5 1 1 9 3 5 1 2 2 8
split_gain=519328 4.59131e+06 1.31374e+07 3.66031e+06 5.7496e+06 1.08565e+07 7.88443e+06 7.38805e+06 6.42003e+06 5.34004e+06 2.03299e+07 4.19019e+06 4.56619e+06 7.46743e+06 5.60698e+06 5.20678e+06 1.64391e+07 6.81684e+06 5.18856e+06 5.13069e+06 6.91975e+06 4.85305e+06 7.61674e+06 4.7848e+06 6.81496e+06 6.5907e+06 5.18205e+06 4.61559e+06 7.49343e+06 4.55392e+06
threshold=19013.812500000004 19133.395833333336 57800.862429364868 0 1 18543.879166666669 46195.931840522731 18441.082486465039 69209.566029441587 21317.322463603134 46426.86133883334 -0.91597561503675329 41044.07014635302 2 23867.232180293682 3 0.60355339059327384 18542.433333333338 18122.850000000002 59285.931819030935 -0.60355339059327384 17502.866666666672 18039.387500000001 3.5000000000000004 20922.547466028558 -0.78656609248549325 18516.758333333339 45309.968736643816 43957.034054786403 4
decision_type=2 2 2 1 1 2 2 2 2 2 2 2 2 1 2 1 2 2 2 2 2 2 2 2 2 2 2 2 2 1
left_child=3 2 -2 11 5 7 -6 -5 9 -9 -11 29 13 23 15 16 -14 19 -15 -17 -21 -16 -23 24 25 -13 -25 28 -22 -1
right_child=1 -3 -4 4 6 -7 -8 8 -10 10 -12 12 14 18 21 17 -18 -19 -20 20 27 22 -24 26 -26 -27 -28 -29 -30 -31
leaf_value=27.694999618530275 -40.185010792658886 -0.11285137101624042 10.078507416064923 -41.532672482445129 -0.44727120137660309 17.934883776307107 31.671377841234211 -13.83893907429421 -29.351841522665588 47.10443691253662 -15.768697788980274 6.8558846253269126 2.1247839834631943 -6.912113479120392 -2.9150540459156038 -22.855270595550536 -47.064054962684367 -20.807291517146798 6.0020352636745997 -13.885634529022944 5.7990559254752263 32.759008666007752 3.2365410025055348 6.6216340975327928 -9.8011127070376745 39.954048065912161 37.949713936719029 -0.29419773395244891 39.515879675058216 5.8400690444584553
leaf_weight=30 26 4629 26 21 428 32 20 73 34 20 36 53 41 140 115 20 29 43 175 42 45 31 74 22 38 21 33 65 26 116
leaf_count=30 26 4629 26 21 428 32 20 73 34 20 36 53 41 140 115 20 29 43 175 42 45 31 74 22 38 21 33 65 26 116
internal_value=-1.63766e-09 -0.27882 -15.0533 0.71594 -2.24407 -8.94472 0.986597 -13.6194 -10.0232 -4.92889 6.68599 2.41175 1.27041 4.79384 -1.92789 -6.24923 -18.2534 -2.76252 0.262414 1.15629 3.85422 4.18092 11.9527 13.3411 7.41031 16.2486 25.4185 9.3327 18.1461 10.3308
internal_weight=6504 4681 52 1823 664 216 448 184 163 129 56 1159 1013 482 531 311 70 241 315 198 178 220 105 167 112 74 55 136 71 146
internal_count=6504 4681 52 1823 664 216 448 184 163 129 56 1159 1013 482 531 311 70 241 315 198 178 220 105 167 112 74 55 136 71 146
cat_boundaries=0 1 2 3 4 5
cat_threshold=4 4 4 1 1
is_linear=0
shrinkage=0.05


Tree=226
num_leaves=31
num_cat=3
split_feature=2 0 0 7 0 2 1 2 3 3 1 3 1 2 6 0 0 9 4 7 1 1 0 1 1 1 1 1 1 3
split_gain=511705 506733 6.19251e+06 6.53174e+06 5.6546e+06 2.58531e+06 5.35302e+06 3.55992e+06 2.33591e+06 6.71226e+06 4.92347e+06 5.99784e+06 1.60564e+07 4.01544e+06 1.03705e+07 3.55506e+06 4.8648e+06 3.45312e+06 3.04446e+06 8.49125e+06 4.22709e+06 3.75385e+06 2.97554e+06 3.19504e+06 2.78126e+06 8.05882e+06 4.33796e+06 5.42593e+06 3.45942e+06 2.98219e+06
threshold=13588.855936500004 57914.183881627941 57679.833839401697 0 58142.037790455746 39029.125370806076 17507.070833333339 38704.460057333337 18956.849326958985 19179.830461032248 19146.212500000005 20677.729386114919 19231.125000000004 36581.387392422781 1 55685.687985328797 55143.83724058362 2.5000000000000004 -0.5 2 18913.854166666675 20669.650000000005 56803.847811000007 19133.395833333336 19261.966666666671 19222.716287878793 20102.408333333336 20193.854166666672 19229.07916666667 20211.255745751227
decision_type=2 2 2 1 2 2 2 2 2 2 2 2 2 2 1 2 2 2 2 1 2 2 2 2 2 2 2 2 2 2
left_child=-1 2 5 -4 -3 7 -7 8 13 -10 15 24 -13 18 22 16 -11 -16 19 20 -2 -21 23 -15 25 -12 -26 -28 -27 -29
right_child=1 4 3 -5 -6 6 -8 -9 9 10 11 12 -14 14 17 -17 -18 -19 -20 21 -22 -23 -24 -25 26 28 27 29 -30 -31
leaf_value=7.0004057994255646 -4.8993792769583795 13.626893345514933 -3.1108237389595281 -39.226488340468634 0.040488051305095578 1.2229839349404361 -28.789502175649005 18.824869659423829 -30.541265283931388 9.0706786320759711 -10.648126729329427 -56.23477710723877 -1.8033417020525253 -12.620496618180049 35.562646932187292 21.262272361017043 -19.946290254592896 13.345602929755433 0.69581583459143048 -0.54070834359036224 -25.776972422334882 23.708509120941162 -20.097203273039597 14.645515287464315 -24.226292920995643 35.304776420593264 19.885289868441497 -22.494171102841698 7.4054876441955573 2.9916907527230006
leaf_weight=26 44 78 31 21 4216 39 24 25 22 52 42 20 42 21 23 31 20 73 1313 79 54 20 26 22 27 20 22 24 25 22
leaf_count=26 44 78 31 21 4216 39 24 25 22 52 42 20 42 21 23 31 20 73 1313 79 54 20 26 22 27 20 22 24 25 22
internal_value=1.64138e-09 -0.0280967 -0.648171 -17.696 0.287283 -0.232371 -10.2103 0.0714537 -0.157918 -3.75916 -2.06116 -5.93074 -19.3619 0.63543 8.04129 7.10563 1.01041 18.6684 -0.17382 -5.96992 -16.4034 4.35812 -6.7443 1.32956 -1.3553 5.10358 -7.27028 -0.537743 19.8052 -10.3053
internal_weight=6504 6478 2184 52 4294 2132 63 2069 2044 369 347 244 62 1675 165 103 72 96 1510 197 98 99 69 43 182 87 95 68 45 46
internal_count=6504 6478 2184 52 4294 2132 63 2069 2044 369 347 244 62 1675 165 103 72 96 1510 197 98 99 69 43 182 87 95 68 45 46
cat_boundaries=0 1 2 3
cat_threshold=4 4 4
is_linear=0
shrinkage=0.05


Tree=227
num_leaves=31
num_cat=2
split_feature=0 0 2 8 4 2 3 5 9 0 2 2 2 1 2 0 2 2 5 5 2 4 3 4 2 2 2 3 8 1
split_gain=494556 745289 1.9455e+06 1.55236e+06 1.48323e+06 2.88011e+06 2.73367e+06 2.96808e+06 1.7722e+06 1.50454e+06 1.40949e+06 1.13241e+06 1.79244e+06 1.04894e+06 1.45513e+06 998565 1.14158e+06 1.60565e+06 3.31863e+06 2.05645e+06 1.24176e+06 4.37343e+06 1.69295e+06 7.59369e+06 1.42937e+06 2.22459e+06 3.57739e+06 1.33093e+06 2.00148e+06 2.03794e+06
threshold=91273.17081652426 85203.458592595227 61898.177199296304 0 -0.25881904510252113 63396.015681308905 28808.489832484327 0.1294095225512602 1.5000000000000002 84330.200794083357 61118.248046443521 60750.680446642262 60338.486673932101 21944.637500000008 65847.304557000025 80801.697480750023 58194.621124977995 59386.030644526218 -0.37940952255126015 0.37940952255126048 56043.365520060222 0.78656609248549325 27154.17016125553 0.12940952255126045 55608.005260997277 55295.263165308839 55101.819033071937 24515.226276716403 1 19610.404545454552
decision_type=2 2 2 1 2 2 2 2 2 2 2 2 2 2 2 2 2 2 2 2 2 2 2 2 2 2 2 2 1 2
left_child=1 2 10 13 5 6 7 -4 -6 -7 11 12 15 14 -3 16 20 19 -19 -18 22 27 24 -24 25 26 -1 -22 29 -29
right_child=-2 3 4 -5 8 9 -8 -9 -10 -11 -12 -13 -14 -15 -16 -17 17 18 -20 -21 21 -23 23 -25 -26 -27 -28 28 -30 -31
leaf_value=-0.057167422502455593 -7.0189374313354493 -10.760668683935094 -24.253186410665514 16.250354567028229 -21.564089173537035 14.057248249053956 6.2161028341813527 0.30067493438720705 -2.9194071273803712 -3.6471585273742679 8.4599817705154425 -10.588872573852541 13.435165981292725 11.041115101900969 3.4124241737885912 -8.7897646665573124 4.2605294838547705 -15.201213660606971 9.0213035371995751 21.981051557714292 -9.1676094641288124 -25.499894668942407 -3.2751661438412136 33.752961330413818 9.3042201251518435 -11.529650356656029 20.618802842639742 12.424771533693587 -12.810960882360286 -1.3990643256331143
leaf_weight=5535 25 27 32 21 26 30 22 20 25 20 50 25 25 22 55 32 64 26 31 22 42 21 45 20 41 42 21 42 22 73
leaf_count=5535 25 27 32 21 26 30 22 20 25 20 50 25 25 22 55 32 64 26 31 22 42 21 45 20 41 42 21 42 22 73
internal_value=6.73466e-09 0.0270834 -0.0481325 3.85046 -5.24692 -2.29484 -8.55857 -14.8094 -12.4245 6.97549 0.0991063 0.0308988 0.0743939 1.34663 -1.25433 0.0194475 0.0660648 4.48032 -2.02756 8.79369 -0.0408523 -3.91335 0.0949295 8.1181 0.0024474 -0.0656792 0.0209815 -1.38085 1.00633 3.64964
internal_weight=6504 6479 6354 125 175 124 74 52 51 50 6179 6129 6104 104 82 6079 6047 143 57 86 5904 200 5704 65 5639 5598 5556 179 137 115
internal_count=6504 6479 6354 125 175 124 74 52 51 50 6179 6129 6104 104 82 6079 6047 143 57 86 5904 200 5704 65 5639 5598 5556 179 137 115
cat_boundaries=0 1 2
cat_threshold=4 4
is_linear=0
shrinkage=0.05


Tree=228
num_leaves=31
num_cat=8
split_feature=1 3 9 5 3 1 1 4 3 6 1 6 8 3 1 1 3 8 7 5 3 4 7 1 1 1 7 1 8 5
split_gain=488643 1.04243e+06 551317 2.92382e+06 4.01631e+06 5.23812e+06 4.52152e+06 4.53782e+06 6.39938e+06 5.03743e+06 4.28984e+06 4.17108e+06 3.94132e+06 1.38603e+07 6.00497e+06 1.11821e+07 5.39755e+06 3.51149e+06 4.10964e+06 3.07925e+06 3.03836e+06 3.4065e+06 3.86991e+06 2.73453e+06 6.70303e+06 2.71176e+06 1.34257e+07 8.54444e+06 6.16236e+06 4.5387e+06
threshold=16609.01666666667 23811.269425071157 5.5000000000000009 -0.12940952255126037 17531.87540002292 20692.475000000002 20200.775000000005 -0.60355339059327362 21004.446763828495 0 20137.350000000002 1 2 21269.698924137498 20225.416666666672 20430.054166666669 24195.693601173767 3 4 0.25881904510252057 21200.688648230451 0.60355339059327384 5 21572.845833333336 20612.337500000001 20137.350000000002 6 20102.408333333336 7 1.0000000180025095e-35
decision_type=2 2 2 2 2 2 2 2 2 1 2 1 1 2 2 2 2 1 1 2 2 2 1 2 2 2 1 2 1 2
left_child=1 -1 25 12 5 19 7 8 -6 -9 17 23 13 -4 -15 -16 -17 18 -11 -5 21 22 -13 24 -8 27 29 -2 -28 -27
right_child=2 -3 3 4 6 -7 11 9 -10 10 -12 20 -14 14 15 16 -18 -19 -20 -21 -22 -23 -24 -25 -26 26 28 -29 -30 -31
leaf_value=11.132075566258925 -0.40649080130950282 -3.1217771727105847 29.245951511548913 0.62721991539001465 -25.400372543334964 5.991551951756553 4.7163263417035344 35.668134791200814 6.4762210317560154 -9.2415504046848849 27.485010865638998 -25.657398150044106 -2.2490017621942493 -27.525172805786134 35.073828735351562 14.226153626590969 -16.786701518931288 16.878540327151619 14.019967922087639 -18.013718671931162 1.9695127588603396 1.1075966891120463 -5.2024281449370342 2.3925050993760428 38.140439192454025 32.423040994008382 -23.961501408439794 22.840221557617188 -3.0426830323303449 0.17216751575469971
leaf_weight=29 3347 23 46 32 20 63 40 22 74 49 29 31 1166 21 20 20 47 48 31 72 738 136 91 60 24 24 73 40 68 20
leaf_count=29 3347 23 46 32 20 63 40 22 74 49 29 31 1166 21 20 20 47 48 31 72 738 136 91 60 24 24 73 40 68 20
internal_value=-1.55042e-08 4.82749 -0.0389072 0.475827 1.94129 -5.38592 2.81971 8.58956 -0.306033 13.261 10.1211 1.41331 -1.25608 6.26175 -3.52781 2.26465 -7.52913 6.18713 -0.227712 -12.278 0.33668 -4.33398 -10.4 10.0611 17.2504 -0.453923 -6.34863 -0.13195 -13.873 17.7636
internal_weight=6504 52 6452 2880 1560 167 1393 273 94 179 157 1120 1320 154 108 87 67 128 80 104 996 258 122 124 64 3572 185 3387 141 44
internal_count=6504 52 6452 2880 1560 167 1393 273 94 179 157 1120 1320 154 108 87 67 128 80 104 996 258 122 124 64 3572 185 3387 141 44
cat_boundaries=0 1 2 3 4 5 6 7 8
cat_threshold=2 1 1 4 4 4 1 4
is_linear=0
shrinkage=0.05


Tree=229
num_leaves=31
num_cat=4
split_feature=0 5 3 1 0 0 9 1 7 9 3 3 2 8 2 6 5 2 0 4 3 0 3 2 0 1 6 3 0 1
split_gain=475646 4.4381e+06 3.76541e+06 3.07105e+06 4.30066e+06 2.48876e+06 1.837e+06 2.70946e+06 1.67894e+06 1.23796e+06 1.12175e+06 2.10017e+06 1.30734e+06 3.17975e+06 2.91209e+06 3.3536e+06 2.1568e+06 2.13638e+06 5.14994e+06 8.33571e+06 6.09894e+06 3.04174e+06 2.37674e+06 3.24896e+06 3.11857e+06 7.67581e+06 4.5923e+06 2.94652e+06 2.74008e+06 2.29562e+06
threshold=42890.444056500004 -0.70710678118654757 11140.00792902174 20200.775000000005 40543.413127000014 43312.049806833333 4.5000000000000009 17751.417424242427 0 2.5000000000000004 11408.823827101494 11913.969310749244 26245.855353666673 1 28075.472575999996 2 -0.9159756150367534 30521.891937416665 49494.73759937501 0.78656609248549325 15385.889429722092 48939.706644833343 14221.39633375234 32032.548793833335 49494.73759937501 19153.016287878792 3 13943.097584220288 51439.421820333351 19230.145833333332
decision_type=2 2 2 2 2 2 2 2 1 2 2 2 2 1 2 1 2 2 2 2 2 2 2 2 2 2 1 2 2 2
left_child=1 2 3 4 6 -2 7 9 -8 -1 -7 -12 13 -13 15 -14 -17 18 20 -20 21 29 27 24 -24 -26 28 -19 -27 -16
right_child=5 -3 -4 -5 -6 10 8 -9 -10 -11 11 12 14 -15 17 16 -18 22 19 -21 -22 -23 23 -25 25 26 -28 -29 -30 -31
leaf_value=5.0393709688186652 -15.528775802025429 17.219404015308474 16.362654112125266 12.948270557544852 -25.859277716549965 9.6181433804829926 -15.231974952220918 13.998650714010001 0.56895539513949689 -9.0773146419990365 -12.849753776192665 -4.8137983011347911 3.9878357946872711 18.431383252912951 3.064547600379357 -5.0976349716186533 -24.567433228637235 1.2451173009099188 33.456621660905732 -6.6091475850059886 16.991742644309998 -23.444942218065265 10.549286787850518 -0.026881673099611765 -33.996281755412063 -30.442931599617005 4.1641477848933297 24.351835586807947 -4.8718191320245916 -14.763945434570312
leaf_weight=25 26 41 29 27 22 30 40 32 29 41 32 28 32 31 65 25 33 37 34 21 40 20 21 5562 27 20 65 22 22 25
leaf_count=25 26 41 29 27 22 30 40 32 29 41 32 28 32 31 65 25 33 37 34 21 40 20 21 5562 27 20 65 22 22 25
internal_value=-2.62449e-08 1.99372 -0.554253 -2.8255 -5.0789 -0.0917021 -2.34137 2.05889 -8.591 -3.73009 -0.0268824 -0.0738397 -0.00714646 7.39977 -0.0791294 -9.00617 -16.1753 0.0552017 5.07122 18.1588 0.272452 -5.80729 -0.122825 -0.225861 -7.36602 -10.1736 -4.16233 9.86118 -17.0485 -1.88781
internal_weight=6504 286 245 216 189 6218 167 98 69 66 6192 6162 6130 59 6071 90 58 5981 205 55 150 110 5776 5717 155 134 107 59 42 90
internal_count=6504 286 245 216 189 6218 167 98 69 66 6192 6162 6130 59 6071 90 58 5981 205 55 150 110 5776 5717 155 134 107 59 42 90
cat_boundaries=0 1 2 3 4
cat_threshold=4 4 2 2
is_linear=0
shrinkage=0.05


Tree=230
num_leaves=31
num_cat=5
split_feature=2 1 1 1 1 0 4 1 4 0 1 1 6 5 8 3 7 4 3 1 8 2 1 3 9 7 0 3 1 0
split_gain=480989 480324 2.54708e+06 4.66452e+06 4.49348e+06 4.78532e+06 6.57557e+06 9.39138e+06 3.20034e+06 2.73716e+06 5.76768e+06 3.82542e+06 7.75753e+06 7.43957e+06 6.14909e+06 5.37945e+06 4.0212e+06 4.00336e+06 3.63599e+06 3.38731e+06 2.97082e+06 2.62324e+06 2.45205e+06 1.06124e+07 5.66127e+06 4.16358e+06 2.56866e+06 2.61553e+06 2.41342e+06 3.8938e+06
threshold=13588.855936500004 20545.345833333336 20200.775000000005 20211.433333333338 20102.408333333336 55565.118999500002 -0.60355339059327362 20167.237500000003 0.91597561503675362 77231.222751000023 20430.054166666669 20425.750000000004 0 0.37940952255126048 1 14942.52297533327 2 -0.37940952255126059 24249.103974701076 20227.841666666671 3 39029.125370806076 20077.850000000006 19027.176112165795 6.5000000000000009 4 65453.69474540979 23926.064530930329 21192.020833333339 56337.463140666674
decision_type=2 2 2 2 2 2 2 2 2 2 2 2 1 2 1 2 1 2 2 2 1 2 2 2 2 1 2 2 2 2
left_child=-1 2 4 21 22 -6 7 -7 9 11 20 14 -13 -14 15 -5 -17 -16 19 -18 -11 -4 24 -24 -2 26 -26 -28 29 -3
right_child=1 28 3 8 5 6 -8 -9 -10 10 -12 12 13 -15 17 16 18 -19 -20 -21 -22 -23 23 -25 25 -27 27 -29 -30 -31
leaf_value=6.7870541132413429 -0.43481983382335188 -2.8158234729895142 -25.474593268741263 10.191199689033704 -5.5663148577396688 25.794065936406454 21.78256474494934 -13.08870247927579 8.1143107058250745 -7.6321327648465598 26.777977579290219 13.14166329247611 -38.074854605538505 -6.5095136237144473 24.851308226585388 3.4032022348264372 -10.340159915143794 1.401088934678298 0.58558468357209237 -28.321646430969238 12.73870544052124 -6.6364652747199644 17.300291924476625 -29.415809525212936 13.046087872982026 21.760566671689354 -17.412577020554316 5.5946620098749804 -0.95321734281245607 5.0087352283594839
leaf_weight=26 3663 223 33 39 52 24 80 44 73 63 22 21 35 40 28 41 55 52 31 50 25 42 20 31 40 48 21 30 998 554
leaf_count=26 3663 223 33 39 52 24 80 44 73 63 22 21 35 40 28 41 55 52 31 50 25 42 20 31 40 48 21 30 998 554
internal_value=-4.97902e-09 -0.0272404 -0.291742 -3.19734 0.174243 7.48156 12.0659 0.634628 -1.66762 -3.09009 3.87963 -5.04587 -13.719 -21.24 -2.23296 -6.61875 -10.3226 9.60867 -14.4606 -18.9028 -1.84496 -14.9252 -0.205062 -11.0958 -0.0589739 9.84551 3.56065 -3.87891 0.673577 2.76308
internal_weight=6504 6478 4703 650 4053 200 148 68 575 502 110 392 96 75 296 216 177 80 136 105 88 75 3853 51 3802 139 91 51 1775 777
internal_count=6504 6478 4703 650 4053 200 148 68 575 502 110 392 96 75 296 216 177 80 136 105 88 75 3853 51 3802 139 91 51 1775 777
cat_boundaries=0 1 2 3 4 5
cat_threshold=2 4 2 4 4
is_linear=0
shrinkage=0.05


Tree=231
num_leaves=31
num_cat=3
split_feature=1 1 0 1 4 5 3 0 3 1 9 4 1 1 3 3 7 7 3 0 3 3 3 0 2 8 0 2 1 3
split_gain=451769 4.00538e+06 1.16871e+07 3.41865e+06 3.92734e+06 5.64066e+06 3.35471e+06 3.43873e+06 6.66491e+06 3.61331e+06 3.19177e+06 4.81352e+06 3.77785e+06 6.80074e+06 9.82328e+06 1.08919e+07 7.97537e+06 6.88649e+06 5.75401e+06 1.02909e+07 3.969e+06 3.54802e+06 9.10633e+06 3.48914e+06 3.30156e+06 2.95006e+06 4.5636e+06 3.43244e+06 2.76486e+06 2.70431e+06
threshold=19013.812500000004 19133.395833333336 57800.862429364868 18560.691666666669 -0.91597561503675329 -0.12940952255126037 12674.21517154202 58804.112723000006 16385.88009252958 18690.645833333336 3.5000000000000004 -0.25881904510252113 17679.104166666668 18535.100000000002 20085.986173698981 20964.40588294487 0 1 25365.639862003631 61042.454143363087 15623.910963666031 17157.242331497462 21696.931891842727 62013.158172333344 34742.190494653587 2 68531.874499846293 54493.029678761777 17492.61818181819 11913.969310749244
decision_type=2 2 2 2 2 2 2 2 2 2 2 2 2 2 2 2 1 1 2 2 2 2 2 2 2 1 2 2 2 2
left_child=3 2 -2 4 5 -1 -5 8 -8 -9 12 21 -6 18 16 -16 24 -17 19 20 -14 29 -23 -19 -15 -7 -27 -28 -13 -12
right_child=1 -3 -4 6 10 25 7 9 -10 -11 11 28 13 14 15 17 -18 23 -20 -21 -22 22 -24 -25 -26 26 27 -29 -30 -31
leaf_value=18.011294530289515 -37.763584195650544 -0.10503563148448987 9.6444209951620845 -10.844830326806932 -0.30665035865433038 -12.486714536493475 7.5358456962986997 10.344523759399143 43.195280227661137 -13.975519280206591 -6.0176678423086809 -9.6672219435373954 -0.30432529421739801 15.147706928253175 41.382734353201734 27.430349006652833 -31.886947413853239 -21.800382182909097 8.783669662475587 -47.638935897827153 -20.424824328171582 -34.764849499293739 1.401084439650826 1.8062282289777483 -13.237800107683455 19.310098236628942 -15.885657159213364 7.2284992496172595 8.0841820118474015 15.794200664096408
leaf_weight=70 26 4629 26 21 718 33 38 56 20 21 30 24 43 20 21 20 35 23 22 25 57 28 46 49 21 35 29 36 255 27
leaf_count=70 26 4629 26 21 718 33 38 56 20 21 30 24 43 20 21 20 35 23 22 25 57 28 46 49 21 35 29 36 255 27
internal_value=-1.8231e-08 -0.260053 -14.0596 0.66775 0.00538352 6.52278 7.74573 10.6376 19.8322 3.71178 -0.898327 2.84488 -2.35441 -6.73028 -0.456836 8.89151 -14.3564 1.47504 -14.7961 -18.9462 -11.773 -5.06147 -12.2833 -5.73477 0.608789 0.476194 4.75395 -3.08397 6.55718 4.31427
internal_weight=6504 4681 52 1823 1667 203 156 135 58 77 1464 410 1054 336 189 113 76 92 147 125 100 131 74 72 41 133 100 65 279 57
internal_count=6504 4681 52 1823 1667 203 156 135 58 77 1464 410 1054 336 189 113 76 92 147 125 100 131 74 72 41 133 100 65 279 57
cat_boundaries=0 1 2 3
cat_threshold=4 2 2
is_linear=0
shrinkage=0.05


Tree=232
num_leaves=31
num_cat=7
split_feature=3 3 8 2 5 5 2 0 8 6 0 1 1 1 1 1 7 1 9 7 1 6 1 4 4 1 7 3 5 3
split_gain=476369 3.62017e+06 2.72973e+06 4.01303e+06 2.64371e+06 2.46123e+06 1.47574e+07 4.69591e+06 2.96154e+06 6.9503e+06 6.79359e+06 5.93485e+06 2.3348e+07 1.01284e+07 8.6858e+06 9.18113e+06 9.04168e+06 7.90468e+06 2.42841e+07 1.36949e+07 1.38274e+07 7.63568e+06 7.3699e+06 1.04825e+07 1.07245e+07 1.0281e+07 6.50574e+06 1.27485e+07 1.11753e+07 1.00673e+07
threshold=20041.714912913416 20168.005754415968 0 40115.288499500006 -0.98296291314453399 0.98296291314453421 37804.937435139414 54248.735486500002 1 2 55349.28919066667 19236.020833333336 19231.125000000004 19157.266666666674 18291.229166666668 18145.554166666672 3 19715.770833333339 5.5000000000000009 4 19345.729166666672 5 18552.162500000002 1.0000000180025095e-35 0.78656609248549325 18516.758333333339 6 15259.589545942401 0.1294095225512602 18594.9937565482
decision_type=2 2 1 2 2 2 2 2 1 1 2 2 2 2 2 2 1 2 2 1 2 1 2 2 2 2 1 2 2 2
left_child=5 2 3 -2 -3 8 7 -7 9 10 -1 12 13 14 15 -10 -16 18 19 20 -13 -15 25 -24 -25 -18 27 -19 -28 -29
right_child=1 4 -4 -5 -6 6 -8 -9 11 -11 -12 17 -14 21 16 -17 22 26 -20 -21 -22 -23 23 24 -26 -27 28 29 -30 -31
leaf_value=-4.2637427840914048 -16.42973630839381 -7.6677815515383161 -23.87481286790636 11.889467738433318 0.098008570691373365 8.1308124147612482 41.849580574035649 -21.768625211715701 1.4779214209256075 -1.0182892149462901 -41.88462438129244 -15.932370064808772 47.76405143737793 6.529746902831878 -29.805257942802029 26.566236350148223 -13.595488076374449 -41.96936669349671 34.875777866529383 -6.933307196668216 -68.562290112177536 27.441195675304961 -32.370345535061574 26.828262710571291 -22.541568985852329 13.066902412970862 7.6673898387681696 6.0375346493213735 -7.764658189394388 -26.431716409325603
leaf_weight=28 29 113 27 22 3635 29 24 24 240 846 21 26 30 198 38 43 58 24 23 70 24 56 44 22 22 96 400 94 166 32
leaf_count=28 29 113 27 22 3635 29 24 24 240 846 21 26 30 198 38 43 58 24 23 70 24 56 44 22 22 96 400 94 166 32
internal_value=2.09732e-09 -0.358001 -11.0194 -4.21361 -0.136125 0.511468 9.32125 -5.40856 0.250663 -2.0787 -20.387 1.47269 4.44258 2.85183 -0.887485 5.28993 -7.13108 -1.45571 -12.1883 -21.2089 -41.1947 11.1401 -3.57068 -15.1135 2.14335 3.02522 0.687809 -8.57034 3.14138 -2.20862
internal_weight=6504 3826 78 51 3748 2678 77 53 2601 895 49 1706 847 817 563 283 280 859 143 120 50 254 242 88 44 154 716 150 566 126
internal_count=6504 3826 78 51 3748 2678 77 53 2601 895 49 1706 847 817 563 283 280 859 143 120 50 254 242 88 44 154 716 150 566 126
cat_boundaries=0 1 2 3 4 5 6 7
cat_threshold=4 2 4 2 4 4 2
is_linear=0
shrinkage=0.05


Tree=233
num_leaves=31
num_cat=1
split_feature=2 0 2 2 0 1 9 3 1 3 5 1 1 1 9 1 1 4 3 0 1 4 7 3 1 1 3 3 3 4
split_gain=459956 2.23958e+06 1.25519e+06 1.23916e+06 1.18686e+06 1.0213e+06 1.91691e+06 1.84697e+06 2.2396e+06 3.25062e+06 1.47822e+06 907722 789112 764986 5.07354e+06 2.22577e+06 2.198e+06 3.58302e+06 2.65789e+06 2.50646e+06 2.50391e+06 2.30278e+06 1.8692e+06 1.41969e+06 792301 6.15227e+06 6.13265e+06 4.24012e+06 3.82373e+06 2.85082e+06
threshold=61898.177199296304 83388.336358129702 61544.399579127858 63396.015681308905 82216.548231471883 21169.054166666672 7.5000000000000009 29523.157306080608 21591.341666666671 28001.653634236383 -0.5 19613.229166666668 21696.658333333336 17483.612878787881 3.5000000000000004 17491.069318181821 17315.757954545457 0.60355339059327384 23156.784737210928 50464.00729958334 17080.575000000004 0.60355339059327384 0 23970.271276843097 17497.700000000004 17496.920833333334 16994.693249211672 22981.776216722319 20752.578564511579 0.37940952255126054
decision_type=2 2 2 2 2 2 2 2 2 2 2 2 2 2 2 2 2 2 2 2 2 2 1 2 2 2 2 2 2 2
left_child=2 3 13 4 -2 6 10 8 -7 -10 -3 -12 -9 14 16 22 17 18 19 -1 -21 23 -15 -18 25 26 -17 28 -28 -29
right_child=1 5 -4 -5 -6 7 -8 12 9 -11 11 -13 -14 15 -16 24 21 -19 -20 20 -22 -23 -24 -25 -26 -27 27 29 -30 -31
leaf_value=0.81091553280430473 -5.3417733200958804 10.156351981491879 11.277257391691208 1.5978001499176027 -19.543356557046213 -12.919715536208381 17.244108390808105 -4.4221080327033997 20.179500317573549 -2.2197267636008884 -8.5163227918985722 3.6743893770071177 -18.467680902481078 -18.80530586242676 -15.527535843126703 19.369003235060593 15.21289193725586 -10.729764971733093 -5.3449688166379934 30.870757517607316 7.5399012399756389 26.663708355313261 0.28167088550070057 -1.8122098485628766 -0.068949498014258301 25.745773693231435 -5.1526553811565527 15.256919816824107 -32.40847171436657 -9.1986265182495117
leaf_weight=31 28 29 25 20 31 21 22 20 25 46 37 26 20 29 33 29 25 40 32 23 23 21 23 24 5694 26 31 26 22 22
leaf_count=31 28 29 25 20 31 21 22 20 25 46 37 26 20 29 33 29 25 40 32 23 23 21 23 24 5694 26 31 26 22 22
internal_value=-1.1005e-08 -1.83339 0.0964319 -9.15769 -12.8036 0.51872 3.98539 -2.47523 1.42463 5.66733 0.81483 -3.48524 -11.4449 0.0510109 2.74886 -0.0641801 5.50284 2.06949 6.76646 11.7998 19.2053 12.811 -10.363 6.87407 0.0273648 3.54284 -0.89775 -6.71692 -16.4664 4.04813
internal_weight=6504 325 6179 79 59 246 114 132 92 71 92 63 40 6154 252 5902 219 149 109 77 46 70 52 49 5850 156 130 101 53 48
internal_count=6504 325 6179 79 59 246 114 132 92 71 92 63 40 6154 252 5902 219 149 109 77 46 70 52 49 5850 156 130 101 53 48
cat_boundaries=0 1
cat_threshold=4
is_linear=0
shrinkage=0.05


Tree=234
num_leaves=31
num_cat=4
split_feature=3 4 2 6 2 0 0 4 0 3 3 3 2 8 2 6 5 2 0 4 3 1 8 1 3 3 3 5 4 0
split_gain=471763 1.60307e+06 1.23713e+06 1.10169e+06 1.12501e+06 902720 2.66074e+06 3.90081e+06 2.29477e+06 2.17967e+06 1.0195e+06 1.8416e+06 1.22976e+06 2.80565e+06 2.61429e+06 3.23868e+06 1.49085e+06 1.36165e+06 5.22844e+06 7.72569e+06 6.01227e+06 2.30295e+06 4.19976e+06 2.40976e+06 2.05653e+06 2.85402e+06 3.61256e+06 4.9426e+06 4.36735e+06 5.16529e+06
threshold=9447.6797004382988 0.37940952255126054 20574.646844833343 0 17517.812765666658 42890.444056500004 41986.743928958349 0.25881904510252091 43312.049806833333 10867.40664542691 11408.823827101494 11913.969310749244 26245.855353666673 1 27733.210390666671 2 -0.9159756150367534 30521.891937416665 49494.73759937501 0.25881904510252091 16385.88009252958 19230.145833333332 3 19984.237500000003 14221.39633375234 15811.683412652475 15259.589545942401 -0.5 0.25881904510252091 51809.431932333333
decision_type=2 2 2 1 2 2 2 2 2 2 2 2 2 1 2 1 2 2 2 2 2 2 1 2 2 2 2 2 2 2
left_child=1 3 -2 -1 -5 6 7 9 -7 -4 -10 -12 13 -13 15 -14 -17 18 20 -20 21 22 -16 -23 -19 26 28 -28 29 -26
right_child=2 -3 5 4 -6 8 -8 -9 10 -11 11 12 14 -15 17 16 -18 24 19 -21 -22 23 -24 -25 25 -27 27 -29 -30 -31
leaf_value=8.6207177185095283 -9.5787498979007495 10.932974713347679 -1.2885794875522456 -0.0026707094107101216 -13.515756421089174 -14.913069082452701 19.213714559872948 -15.034598428231698 9.1673645973205566 20.768918280658269 -12.035950965434314 -4.2987070505108154 3.7613971453446613 17.536290617912048 8.776252127475427 -9.2535097503662112 -28.559279403686528 9.1663033267198983 40.199344897812068 1.9475728526259914 24.649882583391101 -25.914013166427612 -12.57529546183509 -4.1574813188825344 -29.477976040840151 0.0057429219986467744 -23.2303501552006 -1.7369757871936871 11.056247184826779 1.7753229654752294
leaf_weight=26 34 43 24 67 20 26 24 27 30 21 32 28 26 31 61 20 20 59 22 33 21 20 37 35 20 5499 53 54 52 39
leaf_count=26 34 43 24 67 20 26 24 27 30 21 32 28 26 31 61 20 20 59 22 33 21 20 37 35 20 5499 53 54 52 39
internal_value=1.70144e-08 2.71643 -0.0667553 -0.410225 -3.10913 -0.0155345 4.796 -0.00989974 -0.0898201 9.00492 -0.0275778 -0.0723438 -0.00989102 7.17392 -0.0797057 -9.97666 -18.9064 0.0290702 3.81038 17.2483 -0.437236 -3.88057 0.714954 -12.0689 -0.120847 -0.216691 -5.82753 -12.3832 0.491918 -8.81902
internal_weight=6504 156 6348 113 87 6314 96 72 6218 45 6192 6162 6130 59 6071 66 40 6005 229 55 174 153 98 55 5776 5717 218 107 111 59
internal_count=6504 156 6348 113 87 6314 96 72 6218 45 6192 6162 6130 59 6071 66 40 6005 229 55 174 153 98 55 5776 5717 218 107 111 59
cat_boundaries=0 1 2 3 4
cat_threshold=1 4 2 4
is_linear=0
shrinkage=0.05


Tree=235
num_leaves=31
num_cat=6
split_feature=2 1 1 1 6 3 1 0 4 1 5 4 0 1 1 6 3 8 3 4 7 3 3 1 8 7 3 1 3 9
split_gain=458143 463110 2.27562e+06 4.04908e+06 4.42909e+06 4.96476e+06 4.0464e+06 3.24949e+06 4.3515e+06 9.9969e+06 5.47782e+06 2.88624e+06 2.45784e+06 5.23406e+06 3.47289e+06 6.82746e+06 7.17713e+06 5.6411e+06 4.63024e+06 3.58126e+06 3.56344e+06 3.26098e+06 3.2372e+06 3.70281e+06 2.65949e+06 2.37184e+06 2.58566e+06 2.24605e+06 9.42252e+06 5.01046e+06
threshold=13588.855936500004 20545.345833333336 20200.775000000005 20102.408333333336 0 23438.544449234036 20211.433333333338 55565.118999500002 0.25881904510252091 20176.562500000004 -0.12940952255126037 0.91597561503675362 77231.222751000023 20430.054166666669 20425.750000000004 1 22876.616681012441 2 14942.52297533327 -0.37940952255126059 3 24249.103974701076 21600.004328367675 20227.841666666671 4 5 21429.229817327363 20077.850000000006 19027.176112165795 6.5000000000000009
decision_type=2 2 2 2 1 2 2 2 2 2 2 2 2 2 2 1 2 1 2 2 1 2 2 2 1 1 2 2 2 2
left_child=-1 2 3 27 5 7 25 -5 9 -9 -11 12 14 24 17 -16 -17 18 -8 -19 -20 22 23 -22 -14 -4 -27 29 -29 -2
right_child=1 -3 6 4 -6 -7 11 8 -10 10 -12 -13 13 -15 15 16 -18 19 20 -21 21 -23 -24 -25 -26 26 -28 28 -30 -31
leaf_value=6.623906964522142 -0.41967629382776828 0.66155925474725141 -26.530618259429936 -1.079124927520752 -7.5620263739330014 -9.1138577387883117 9.2628246698624057 32.842865809272318 35.164641926206393 -21.718185061500186 13.602285206836203 7.6815743936251302 -7.2831702883281411 25.459109002893623 12.123117901030042 -37.581198091217964 -6.4214149406978072 23.626694553239005 3.1520162059039607 1.4471722786243146 -2.4708658610071459 0.58486794502504413 -31.752455886205038 -24.852134433117783 11.990741536140442 4.6507779950680943 -18.162863745512787 16.127698078155518 -27.891573909021197 9.2517155756838889
leaf_weight=26 3663 1775 25 26 41 26 39 34 29 21 23 73 63 22 21 33 42 28 41 52 42 31 30 33 25 23 27 20 31 139
leaf_count=26 3663 1775 25 26 41 26 39 34 29 21 23 73 63 22 21 33 42 28 41 52 42 31 30 33 25 23 27 20 31 139
internal_value=2.338e-08 -0.0265856 -0.286304 0.15415 7.09071 10.8691 -3.03271 14.7755 18.6281 12.4798 -3.25521 -1.60794 -2.95881 3.64572 -4.81212 -13.076 -20.1317 -2.13195 -6.33267 9.21001 -9.76897 -13.6643 -17.8711 -12.3186 -1.80763 -13.9559 -7.66859 -0.20591 -10.6291 -0.0660931
internal_weight=6504 6478 4703 4053 200 159 650 133 107 78 44 575 502 110 392 96 75 296 216 80 177 136 105 75 88 75 50 3853 51 3802
internal_count=6504 6478 4703 4053 200 159 650 133 107 78 44 575 502 110 392 96 75 296 216 80 177 136 105 75 88 75 50 3853 51 3802
cat_boundaries=0 1 2 3 4 5 6
cat_threshold=4 2 4 2 4 2
is_linear=0
shrinkage=0.05


Tree=236
num_leaves=31
num_cat=5
split_feature=1 3 2 3 6 3 6 1 3 3 5 1 8 0 4 3 2 3 7 3 1 3 9 7 1 1 1 9 9 4
split_gain=446284 2.6547e+06 4.24829e+06 2.5349e+06 3.02331e+06 2.50422e+06 1.58932e+06 1.55485e+06 5.81558e+06 4.8681e+06 3.87167e+06 3.45509e+06 6.90888e+06 6.35264e+06 3.24e+06 4.3958e+06 3.34856e+06 2.64809e+06 4.02373e+06 3.04245e+06 2.92908e+06 2.53376e+06 4.71852e+06 3.60852e+06 3.55617e+06 2.09715e+06 2.02864e+06 6.53026e+06 4.67096e+06 4.04113e+06
threshold=21965.104166666668 28467.69557926006 58194.621124977995 23970.271276843097 0 17641.873186118686 1 21657.233333333334 17989.580444969844 27264.570400088818 -0.5 21309.620833333338 2 56803.847811000007 -0.25881904510252113 21874.847449542594 53110.384512011544 27264.570400088818 3 21931.458406806803 21591.341666666671 21429.229817327363 8.5000000000000018 4 21734.8125 21713.795833333337 20665.012500000001 8.5000000000000018 7.5000000000000009 -0.91597561503675329
decision_type=2 2 2 2 1 2 1 2 2 2 2 2 1 2 2 2 2 2 1 2 2 2 2 1 2 2 2 2 2 2
left_child=7 2 3 4 -2 -6 -7 11 -9 14 -11 26 -13 -14 15 -10 -17 18 19 -15 -21 23 24 -16 -23 -18 27 28 -1 -28
right_child=1 -3 -4 -5 5 6 -8 8 9 10 -12 12 13 17 21 16 25 -19 -20 20 -22 22 -24 -25 -26 -27 29 -29 -30 -31
leaf_value=-0.19015972401079098 11.169793918397692 -15.481179586052896 16.878559985756876 -8.4709523184941364 10.615806311244768 -17.123538234316069 -2.2983014392356078 -17.900357354482015 35.628881337425923 -18.147631688799176 3.7200921326875687 13.568130247012988 15.850430479503814 -32.05513833999634 -20.847271038237075 -5.5492356673530914 29.874196963310244 -1.1004299402236939 -0.47315631866455077 -23.913317704881944 -1.9945854610866971 -9.0317422238791867 22.65527826944987 7.0195230153890762 10.925123238076971 7.25110163915725 -8.3270957297749 -12.721469797807583 9.6021622573852543 4.2633868488964737
leaf_weight=4727 54 32 32 104 24 29 48 30 22 35 48 37 21 40 21 23 20 35 30 35 27 41 39 26 49 21 72 102 125 555
leaf_count=4727 54 32 32 104 24 29 48 30 22 35 48 37 21 40 21 23 20 35 30 35 27 41 39 26 49 21 72 102 125 555
internal_value=1.47365e-08 -1.81181 -0.308653 -2.43217 1.61966 -3.48635 -7.88183 0.0946798 3.21506 5.05118 -5.50124 -0.10686 -6.18158 -10.0685 8.39412 16.3484 9.7207 -13.3278 -16.5698 -21.3042 -14.3681 4.50739 8.12857 -5.4316 1.83366 18.2868 0.138044 -0.201091 0.0621157 2.81759
internal_weight=6504 323 291 259 155 101 77 6181 375 345 83 5806 225 188 262 86 64 167 132 102 62 176 129 47 90 41 5581 4954 4852 627
internal_count=6504 323 291 259 155 101 77 6181 375 345 83 5806 225 188 262 86 64 167 132 102 62 176 129 47 90 41 5581 4954 4852 627
cat_boundaries=0 1 2 3 4 5
cat_threshold=4 2 1 4 4
is_linear=0
shrinkage=0.05


Tree=237
num_leaves=31
num_cat=1
split_feature=9 5 3 4 2 0 0 0 1 1 1 1 3 3 2 2 1 3 0 3 1 1 3 7 1 1 1 1 1 3
split_gain=443396 2.76877e+06 3.77233e+06 3.54881e+06 5.7345e+06 3.90736e+06 3.31815e+06 6.84933e+06 3.5684e+06 3.48511e+06 2.95423e+06 4.3606e+06 3.88226e+06 3.55249e+06 1.02844e+07 4.74243e+06 4.49935e+06 3.1572e+06 2.89142e+06 4.78227e+06 3.54249e+06 2.86363e+06 4.49398e+06 2.6908e+06 9.37773e+06 8.35334e+06 7.56446e+06 9.41721e+06 6.80203e+06 7.51095e+06
threshold=2.5000000000000004 -0.70710678118654757 16777.896053797496 0.25881904510252091 37184.201930500014 73973.030017533209 56233.014181298153 58142.037790455746 17505.991666666672 17509.145833333339 20602.530681818185 19715.770833333339 20436.154817490064 18905.662759849198 43695.987368416674 41253.907321989267 19614.333333333339 26301.156689255422 50890.047597166667 17693.755930299583 19602.145833333339 18537.133333333335 24132.652317535834 0 18552.162500000002 19611.112500000003 18368.501515151522 17507.070833333339 19601.087500000005 23389.702318315027
decision_type=2 2 2 2 2 2 2 2 2 2 2 2 2 2 2 2 2 2 2 2 2 2 2 1 2 2 2 2 2 2
left_child=1 3 -3 5 -5 18 8 9 -4 -8 11 13 -13 14 -9 -15 23 -18 -1 -20 21 -21 -23 26 -25 28 27 -17 29 -26
right_child=-2 2 6 4 -6 -7 7 10 -10 -11 -12 12 -14 15 -16 16 17 -19 19 20 -22 22 -24 24 25 -27 -28 -29 -30 -31
leaf_value=2.0216384152250906 -0.21778797244758541 -16.402661766484382 -3.2314213791489603 -19.792945948769066 4.5447587336812703 -6.5337693364996658 -4.8125528907775887 -40.096405601501466 24.421026958738054 -33.351224020253056 -17.773828656023198 32.14894163608551 3.8935316931816843 18.927714740528781 10.002213400886173 3.5766361474990847 -29.424480863979888 -3.9680743140393293 36.393259317224675 2.8071401691436773 -2.3106859704426355 36.667573895742152 7.7398947515487677 -29.082483297586442 -23.213273076657899 -27.914777991885231 -0.57814061492013291 32.631740769885837 24.366371844874489 9.5129585437774669
leaf_weight=62 5088 36 20 34 84 38 20 20 28 23 22 20 31 34 21 83 21 29 22 25 35 29 25 32 27 21 446 42 36 50
leaf_count=62 5088 36 20 34 84 38 20 20 28 23 22 20 31 34 21 83 21 29 22 25 35 29 25 32 27 21 446 42 36 50
internal_value=8.84195e-09 0.78256 -0.493941 4.61207 -2.4678 8.152 0.0642592 -0.565675 12.8992 -20.0774 0.331657 0.767933 14.9741 -0.0725699 -14.4361 0.644734 -0.145128 -14.6598 10.9705 15.0501 10.9312 16.7979 23.2751 0.839583 -4.76368 1.0438 2.46855 13.3392 6.42548 -1.96247
internal_weight=6504 1416 1062 354 118 236 1026 978 48 43 935 913 51 862 41 821 787 50 198 136 114 79 54 737 166 134 571 125 113 77
internal_count=6504 1416 1062 354 118 236 1026 978 48 43 935 913 51 862 41 821 787 50 198 136 114 79 54 737 166 134 571 125 113 77
cat_boundaries=0 1
cat_threshold=4
is_linear=0
shrinkage=0.05


Tree=238
num_leaves=31
num_cat=2
split_feature=3 3 3 2 3 2 0 3 0 1 3 5 4 2 4 3 2 8 3 2 0 8 4 1 3 9 3 5 1 1
split_gain=474114 4.20621e+06 3.98249e+06 2.73666e+06 6.34984e+06 3.03869e+06 7.47985e+06 4.59371e+06 4.39855e+06 6.38809e+06 8.84311e+06 2.78128e+06 2.39848e+06 2.35244e+06 4.54978e+06 4.52645e+06 4.39431e+06 3.85408e+06 4.63572e+06 3.38494e+06 3.83486e+06 5.86635e+06 4.21256e+06 4.15351e+06 3.11803e+06 2.83289e+06 2.67883e+06 5.52827e+06 3.9211e+06 2.88053e+06
threshold=22662.117511438799 22703.779705803765 22610.492374998368 40709.607548207867 23105.948963543899 42007.185468825686 62443.832710290408 23970.271276843097 66934.238322625024 18548.237500000007 23867.232180293682 0.60355339059327384 0.91597561503675362 51740.308457608291 0.78656609248549325 26788.521953398133 51620.8636210759 0 26070.623547587365 52778.196122178822 74398.946743889173 1 -0.25881904510252113 18039.387500000001 29371.689118434351 1.5000000000000002 24515.226276716403 -0.12940952255126037 21233.400000000001 18568.144696969703
decision_type=2 2 2 2 2 2 2 2 2 2 2 2 2 2 2 2 2 1 2 2 2 1 2 2 2 2 2 2 2 2
left_child=2 -2 -1 4 -3 -5 7 -7 9 10 11 -8 -11 15 19 16 17 18 25 -15 21 22 -21 -22 -16 -10 27 -25 -29 -28
right_child=1 3 -4 5 -6 6 8 -9 13 12 -12 -13 -14 14 24 -17 -18 -19 -20 20 23 -23 -24 26 -26 -27 29 28 -30 -31
leaf_value=0.19478477997400512 -20.978077789306642 -8.1892355003356947 20.210212356567382 -11.368817332386971 25.679154957878975 32.682007563555679 -21.937240373520623 3.2363569846520059 -6.2880297853815854 -4.4746991038946584 -0.42817948477608819 -47.990353965759283 9.132011753320695 -9.3935090547258202 -13.708226061276362 23.499474226511442 24.343937328883584 -7.1273389400643383 -14.552620076364088 -0.019330003767302543 -23.068881893157961 26.830529248714448 24.090393611363002 -31.348940172195434 7.046138234571977 7.9553561892915283 15.605625826120377 6.4318874641340607 -18.236001030604044 0.29369273862028433
leaf_weight=4204 25 25 25 64 31 27 21 26 41 191 35 20 39 88 102 26 21 110 31 132 20 32 21 20 22 235 32 49 24 765
leaf_count=4204 25 25 25 64 31 27 21 26 41 191 35 20 39 88 102 26 21 110 31 132 20 32 21 20 22 235 32 49 24 765
internal_value=3.4011e-10 -0.582035 0.313107 -0.355413 10.5593 -0.634003 -0.311454 18.237 -0.784765 -6.32024 -18.8878 -34.6461 -2.16747 0.171676 -0.914103 3.23011 2.0269 0.903024 3.78035 0.0409906 0.799197 7.36175 3.28985 -0.534948 -10.026 5.83949 -0.0285678 -8.05893 -1.6781 0.908475
internal_weight=6504 2275 4229 2250 56 2194 2130 53 2077 306 76 41 230 1771 1307 464 438 417 307 1183 1095 185 153 910 124 276 890 93 73 797
internal_count=6504 2275 4229 2250 56 2194 2130 53 2077 306 76 41 230 1771 1307 464 438 417 307 1183 1095 185 153 910 124 276 890 93 73 797
cat_boundaries=0 1 2
cat_threshold=4 4
is_linear=0
shrinkage=0.05


Tree=239
num_leaves=31
num_cat=6
split_feature=3 3 8 2 0 0 2 0 4 9 1 1 1 1 1 10 1 7 8 1 4 3 0 9 7 6 1 7 1 9
split_gain=455307 3.26811e+06 2.49441e+06 3.61957e+06 2.44917e+06 6.7097e+06 2.44806e+06 3.9495e+06 5.02398e+06 3.32836e+06 2.50722e+06 7.14865e+06 4.92975e+06 5.00665e+06 4.65625e+06 6.30823e+06 7.54004e+06 4.25278e+06 5.49244e+06 3.18799e+06 9.04399e+06 4.20658e+06 6.4412e+06 4.16745e+06 1.52948e+07 6.76673e+06 4.86367e+06 7.65308e+06 3.97607e+06 4.61673e+06
threshold=20041.714912913416 20168.005754415968 0 40115.288499500006 54506.000779166665 54878.250022110042 48232.493053152779 65350.315839364404 -0.91597561503675329 5.5000000000000009 21696.658333333336 22038.241666666672 21035.450000000004 21192.020833333339 20687.725000000006 1.0000000180025095e-35 20710.675000000003 1 2 20669.650000000005 0.78656609248549325 15898.752562220425 56520.700443698493 8.5000000000000018 3 4 20464.283333333336 5 20417.916666666668 6.5000000000000009
decision_type=2 2 1 2 2 2 2 2 2 2 2 2 2 2 2 2 2 1 1 2 2 2 2 2 1 1 2 1 2 2
left_child=6 2 3 -2 -3 -6 7 10 9 -9 12 -12 14 -14 19 -16 -17 18 -15 23 21 -21 -23 26 25 -25 28 -28 29 -1
right_child=1 4 -4 -5 5 -7 -8 8 -10 -11 11 -13 13 17 15 16 -18 -19 -20 20 -22 22 -24 24 -26 -27 27 -29 -30 -31
leaf_value=0.18314358078400111 -15.575695175960147 15.782132090131441 -22.768556382921009 11.319397821209648 -26.593695483605071 -0.070862828421230248 -16.927595672607421 13.795209334446833 27.767086115082108 -12.629367819699375 -16.520930689857121 17.790262408256531 30.485811889648438 -23.294306772405452 -21.5681303024292 -12.296578142119618 22.123793550638055 17.074808578956418 10.361309729682075 37.660033162434893 -17.221136088993241 -8.0574344800866182 29.362631723155147 23.891318370677809 -36.526747322082521 -13.465009828047322 -6.4142271955807999 30.693370128400399 -15.761443261096353 15.723213696966367
leaf_weight=1941 29 24 27 22 24 3700 20 26 30 22 63 20 25 22 57 41 26 41 27 21 23 23 23 27 34 22 24 33 38 49
leaf_count=1941 29 24 27 22 24 3700 20 26 30 22 63 20 25 22 57 41 26 41 27 21 23 23 23 27 34 22 24 33 38 49
internal_value=-9.96343e-09 -0.349997 -10.4797 -3.97389 -0.139186 -0.241794 0.500033 0.631167 11.7159 1.68394 0.296046 -8.25317 0.580221 10.6912 0.0920737 -9.34133 1.06058 5.19275 -4.74938 0.610117 9.83105 19.1176 10.6526 0.227329 -10.7599 7.11909 0.664712 15.0691 0.259854 0.565789
internal_weight=6504 3826 78 51 3748 3724 2678 2658 78 48 2580 83 2497 115 2382 124 67 90 49 2258 90 67 46 2168 83 49 2085 57 2028 1990
internal_count=6504 3826 78 51 3748 3724 2678 2658 78 48 2580 83 2497 115 2382 124 67 90 49 2258 90 67 46 2168 83 49 2085 57 2028 1990
cat_boundaries=0 1 2 3 4 5 6
cat_threshold=4 4 4 4 4 4
is_linear=0
shrinkage=0.05


Tree=240
num_leaves=31
num_cat=3
split_feature=3 3 5 2 6 1 1 3 4 1 1 7 8 1 3 3 2 1 2 9 9 1 1 1 2 1 1 1 1 9
split_gain=448616 2.38261e+06 3.55917e+06 2.18813e+06 1.73828e+06 2.17524e+06 1.97355e+06 2.8444e+06 7.19121e+06 2.57572e+06 9.46071e+06 3.94112e+06 3.4005e+06 8.59774e+06 6.5387e+06 6.16199e+06 9.04833e+06 6.03869e+06 4.29181e+06 2.75701e+06 6.78771e+06 6.06079e+06 9.24025e+06 5.31954e+06 5.1279e+06 3.78051e+06 3.15189e+06 9.4709e+06 7.0588e+06 6.99481e+06
threshold=23602.413946675308 23482.126532906303 0.60355339059327384 41500.816868833332 0 22230.429166666672 22038.241666666672 23749.951172220768 1.0000000180025095e-35 17502.866666666672 18039.387500000001 1 2 19602.145833333339 27154.17016125553 26301.156689255422 55494.309675749086 19615.573863636368 46931.994962500008 1.5000000000000002 3.5000000000000004 19650.995833333338 19929.39166666667 20204.404166666671 56848.540422187143 18552.162500000002 21233.400000000001 20430.054166666669 21649.529166666671 8.5000000000000018
decision_type=2 2 2 2 1 2 2 2 2 2 2 1 1 2 2 2 2 2 2 2 2 2 2 2 2 2 2 2 2 2
left_child=1 -1 -3 -2 5 6 7 8 -5 11 -11 -9 19 -14 15 16 18 -16 -15 -12 25 -22 -23 24 -24 -21 27 -25 -28 -30
right_child=3 2 -4 4 -6 -7 -8 9 -10 10 12 -13 13 14 17 -17 -18 -19 -20 20 21 22 23 26 -26 -27 28 -29 29 -31
leaf_value=0.14391564616860542 -17.107314376831056 24.457828460693364 -2.2223990402221681 -25.410463765088252 -11.678880654363072 15.010947358089945 -8.6325510172776774 -2.7321081337127979 12.374014055728914 26.565350102015902 -2.2953475284305487 -26.064332762218658 -24.744619547526042 9.3474273058084343 35.372977905273437 -22.203619143366815 25.13906153396324 2.4636197349299556 -14.688872890472414 -5.8007463836669926 -20.481666213274003 28.444421231362128 -30.548347531832185 -3.4425716157686916 2.250789989124645 15.319059553892494 -12.224930114781156 16.999472277563648 -0.58395419499230772 21.758800821526108
leaf_weight=4604 20 25 25 34 34 23 71 131 20 35 352 21 45 26 20 44 27 46 65 25 32 31 26 118 22 139 102 109 189 43
leaf_count=4604 20 25 25 34 34 23 71 131 20 35 352 21 45 26 20 44 27 46 65 25 32 31 26 118 22 139 102 109 189 43
internal_value=2.81809e-09 0.261812 11.1177 -0.658634 -0.478867 -0.26684 -0.465029 -0.124316 -11.4162 0.245685 0.875767 -5.95564 0.260342 -4.77169 -0.829659 -6.23425 -0.279568 12.4362 -7.82136 1.41669 2.97966 0.75396 1.81574 0.460259 -15.5154 12.0996 1.82716 6.37321 -1.26252 3.55716
internal_weight=6504 4654 50 1850 1830 1796 1773 1702 54 1648 1496 152 1461 273 228 162 118 66 91 1188 836 672 640 609 48 164 561 227 334 232
internal_count=6504 4654 50 1850 1830 1796 1773 1702 54 1648 1496 152 1461 273 228 162 118 66 91 1188 836 672 640 609 48 164 561 227 334 232
cat_boundaries=0 1 2 3
cat_threshold=4 4 4
is_linear=0
shrinkage=0.05


Tree=241
num_leaves=31
num_cat=3
split_feature=3 1 9 1 4 3 3 0 1 3 3 0 0 1 8 4 1 4 7 3 1 1 4 9 2 8 3 3 3 0
split_gain=446803 705869 5.09468e+06 3.27042e+06 3.14852e+06 2.71116e+06 2.31947e+06 2.58789e+06 1.24124e+06 5.31009e+06 4.22565e+06 3.60009e+06 3.12576e+06 2.03105e+06 5.53596e+06 5.73365e+06 1.96368e+06 5.75479e+06 4.67062e+06 2.88425e+06 2.52186e+06 6.67598e+06 6.67015e+06 5.51571e+06 6.78585e+06 4.92389e+06 4.72157e+06 6.74037e+06 5.3206e+06 8.96217e+06
threshold=30908.467491710664 17477.004166666669 3.5000000000000004 17315.757954545457 0.78656609248549325 24030.331899106797 23156.784737210928 44437.780449749996 17493.779166666667 16994.693249211672 21352.320186235022 64842.232008727275 71838.048692229684 17497.700000000004 0 -1.0000000180025095e-35 17502.866666666672 0.12940952255126045 1 22181.344437025316 17679.104166666668 17879.841666666671 1.0000000180025095e-35 3.5000000000000004 50970.946575034286 2 16544.084729035731 17795.604694889968 20525.977887032106 62939.635599522953
decision_type=2 2 2 2 2 2 2 2 2 2 2 2 2 2 1 2 2 2 1 2 2 2 2 2 2 1 2 2 2 2
left_child=1 2 3 4 6 -5 7 -1 9 -3 -11 -12 -13 14 15 -10 17 -15 19 -19 23 22 -22 24 25 -18 -27 -28 -29 -30
right_child=-2 8 -4 5 -6 -7 -8 -9 13 10 11 12 -14 16 -16 -17 20 18 -20 -21 21 -23 -24 -25 -26 26 27 28 29 -31
leaf_value=-3.0553266231830305 -6.671474010467529 16.887241678652554 -16.095670267843431 28.945792770385744 -13.052874537876674 5.1797479053338371 -4.9110092472385718 15.878565283953135 29.720756126852599 -21.954998209930604 14.844277295199308 -22.594391897450322 4.4329494667053231 3.2006945941027478 -9.5960455024943627 1.089273272951444 -20.655993793849593 -21.507927532196046 -34.020387967427574 3.352757298946381 -40.650327901840214 0.00028020928613673639 -3.8417001962661743 26.718117530529316 25.081142596540783 -13.91476377911038 26.972039634950701 -9.3089778157531242 32.230708708586512 -10.242570860489556
leaf_weight=26 25 23 31 24 28 24 37 59 34 42 22 23 20 85 34 36 27 20 24 28 20 5547 32 26 29 36 31 61 27 23
leaf_count=26 25 23 31 24 28 24 37 59 34 42 22 23 20 85 34 36 27 20 24 28 20 5547 32 26 29 36 31 61 27 23
internal_value=4.25127e-08 0.0257427 2.75221 5.70314 2.06806 17.0628 5.53844 10.087 -0.0741551 -4.90878 -9.59391 -1.60674 -10.0235 0.0285412 6.95629 14.996 -0.0912204 -5.60963 -16.0107 -7.00586 0.056653 -0.166885 -17.9989 4.87045 2.44293 -0.75955 2.25845 6.3587 0.601823 12.693
internal_weight=6504 6479 229 198 150 48 122 85 6250 130 107 65 43 6120 104 70 6016 157 72 48 5859 5599 52 260 234 205 178 142 111 50
internal_count=6504 6479 229 198 150 48 122 85 6250 130 107 65 43 6120 104 70 6016 157 72 48 5859 5599 52 260 234 205 178 142 111 50
cat_boundaries=0 1 2 3
cat_threshold=4 4 1
is_linear=0
shrinkage=0.05


Tree=242
num_leaves=31
num_cat=4
split_feature=2 1 1 1 6 3 7 5 4 3 3 8 1 3 5 0 0 0 4 1 5 3 2 3 8 1 0 1 5 1
split_gain=443611 451957 2.10855e+06 3.697e+06 4.09494e+06 4.22074e+06 3.59453e+06 6.79001e+06 6.27871e+06 4.87288e+06 9.00744e+06 5.79785e+06 6.08781e+06 4.39566e+06 3.42859e+06 3.11325e+06 8.18372e+06 2.92225e+06 3.93732e+06 9.00084e+06 4.91807e+06 2.84151e+06 2.76988e+06 2.5022e+06 2.78934e+06 6.35183e+06 5.59171e+06 2.14294e+06 2.29911e+06 1.99019e+06
threshold=13588.855936500004 20545.345833333336 20200.775000000005 20102.408333333336 0 23438.544449234036 1 0.1294095225512602 0.78656609248549325 24515.226276716403 17473.214995624006 2 20425.750000000004 21819.315968695199 -0.70710678118654757 66277.987431333342 60904.192126833346 55565.118999500002 0.25881904510252091 20176.562500000004 -0.12940952255126037 18441.082486465039 49284.059872751226 25051.739714294574 3 20430.054166666669 78660.766235919451 20230.716666666671 0.78656609248549303 20077.850000000006
decision_type=2 2 2 2 1 2 1 2 2 2 2 1 2 2 2 2 2 2 2 2 2 2 2 2 1 2 2 2 2 2
left_child=-1 2 3 29 5 17 7 -4 9 10 -8 14 -13 -9 -12 16 21 -5 19 -19 -21 -10 27 -11 25 -25 -26 28 -16 -2
right_child=1 -3 6 4 -6 -7 8 13 15 23 11 12 -14 -15 22 -17 -18 18 -20 20 -22 -23 -24 24 26 -27 -28 -29 -30 -31
leaf_value=6.5180024440471946 -0.071193861007408252 0.65364775489795379 -25.195730071514845 -1.0308779056255635 -7.3197913960712713 -8.0224661313570476 6.4985001074473061 -10.785250969856016 13.175926791876556 17.999995679440708 -39.560745329856871 7.7303698420524602 -21.947232945760092 19.280461902618409 7.2342795562744149 -9.1037474060058603 33.293404331803323 31.131341261022232 33.387632080604291 -20.615455518450059 12.851798700249715 -7.5828621864318855 -31.732821826140089 -2.5004648571283048 -28.865475654602051 27.253608977794649 6.8202956489894708 -22.719209791819257 -15.132418879756223 -10.014382594239478
leaf_weight=26 3802 1775 48 26 41 26 75 31 32 23 20 48 27 20 20 20 32 34 29 21 23 34 24 71 21 24 23 30 27 51
leaf_count=26 3802 1775 48 26 41 26 75 31 32 23 20 48 27 20 20 20 32 34 29 21 23 34 24 71 21 24 23 30 27 51
internal_value=7.20544e-11 -0.0261606 -0.282733 0.141244 6.76938 10.4024 -2.92639 -11.6983 -1.35032 -4.13661 -8.23763 -13.8765 -2.95357 1.00522 -20.6468 8.87395 12.5429 14.0043 17.6577 11.8094 -3.12121 2.48201 -16.9015 2.72374 0.19601 5.01635 -10.2115 -12.2788 -5.61467 -0.202806
internal_weight=6504 6478 4703 4053 200 159 650 99 551 433 271 196 75 51 121 118 98 133 107 78 44 66 101 162 139 95 44 77 47 3853
internal_count=6504 6478 4703 4053 200 159 650 99 551 433 271 196 75 51 121 118 98 133 107 78 44 66 101 162 139 95 44 77 47 3853
cat_boundaries=0 1 2 3 4
cat_threshold=4 2 4 4
is_linear=0
shrinkage=0.05


Tree=243
num_leaves=31
num_cat=2
split_feature=2 0 2 2 2 1 3 2 1 3 3 5 1 9 1 4 3 0 3 1 1 3 3 0 1 8 4 1 4 7
split_gain=441214 1.93012e+06 1.14465e+06 1.14568e+06 1.07386e+06 831466 2.74807e+06 1.87077e+06 2.80656e+06 1.32923e+06 1.15551e+06 767679 711091 4.72532e+06 3.30774e+06 2.91971e+06 2.16597e+06 2.13374e+06 2.06875e+06 1.51362e+06 1.15037e+06 4.81627e+06 3.76395e+06 3.30364e+06 1.82338e+06 4.9962e+06 5.17462e+06 1.78469e+06 5.1937e+06 4.21524e+06
threshold=61898.177199296304 83388.336358129702 63396.015681308905 62703.365406165824 61544.399579127858 21445.600000000002 28322.859494397697 65847.304557000025 19610.404545454552 27659.104947533779 29842.244892381288 0.1294095225512602 17477.004166666669 3.5000000000000004 17315.757954545457 0.60355339059327384 23156.784737210928 41469.130444833354 24030.331899106797 17080.575000000004 17493.779166666667 16994.693249211672 21352.320186235022 64842.232008727275 17497.700000000004 0 -1.0000000180025095e-35 17502.866666666672 0.12940952255126045 1
decision_type=2 2 2 2 2 2 2 2 2 2 2 2 2 2 2 2 2 2 2 2 2 2 2 2 2 1 2 2 2 1
left_child=4 2 3 -2 12 7 -7 8 -3 -10 11 -8 13 14 15 16 17 -1 -16 -19 21 -14 -23 -24 25 26 -22 28 -26 -30
right_child=1 5 -4 -5 -6 6 10 -9 9 -11 -12 -13 20 -15 18 -17 -18 19 -20 -21 24 22 23 -25 27 -27 -28 -29 29 -31
leaf_value=-2.7884869484674364 -6.3296167251041959 -12.700832116965092 1.7420928955078125 -20.513297301530841 10.436178348541262 8.4093576302399509 -9.5159523890568671 11.359886479907566 -3.7765480843457313 12.090010767272025 -16.511738091927988 3.0243275974107826 16.017790703151537 -15.340466046717859 27.502062845230103 -9.5342482781410212 -4.673687228560448 23.832085882384202 6.5173222160857662 7.381105439751237 28.238277727014879 -20.853689163745869 14.105623002485798 -9.812143189566477 3.0442196913326489 -9.1126836468191712 1.0383694893783992 0.080377757411496581 -6.6520081281661989 -32.31580906311671
leaf_weight=21 35 33 20 24 25 37 26 45 22 33 27 23 23 31 24 40 32 29 23 27 34 42 22 42 85 34 36 5537 48 24
leaf_count=21 35 33 20 24 25 37 26 45 22 33 27 23 23 31 24 40 32 29 23 27 34 42 22 42 85 34 36 5537 48 24
internal_value=7.99357e-10 -1.79565 -8.59511 -12.0992 0.0944467 0.387918 -2.76572 3.06732 -1.1732 5.74339 -8.20621 -3.6297 0.0524344 2.7988 5.66777 2.01969 6.25967 10.8034 17.2329 15.9004 -0.0527495 -4.72273 -9.22303 -1.59041 0.0511532 6.61203 14.2498 -0.0686803 -5.32559 -15.2066
internal_weight=6504 325 79 59 6179 246 113 133 88 55 76 49 6154 227 196 149 109 77 47 56 5927 129 106 64 5798 104 70 5694 157 72
internal_count=6504 325 79 59 6179 246 113 133 88 55 76 49 6154 227 196 149 109 77 47 56 5927 129 106 64 5798 104 70 5694 157 72
cat_boundaries=0 1 2
cat_threshold=4 4
is_linear=0
shrinkage=0.05


Tree=244
num_leaves=31
num_cat=3
split_feature=3 1 9 3 9 5 6 3 1 4 4 6 7 4 9 0 3 0 5 2 0 5 9 3 0 2 1 9 3 4
split_gain=418100 585037 3.88503e+06 1.62279e+06 2.85739e+06 2.20214e+06 2.73238e+06 1.89291e+06 1.60768e+06 1.85825e+06 1.4535e+06 691349 7.23551e+06 9.88636e+06 9.07595e+06 5.91524e+06 4.99059e+06 3.69653e+06 3.54922e+06 3.26426e+06 2.87539e+06 7.84698e+06 6.18158e+06 5.58846e+06 1.06366e+07 5.35905e+06 4.78551e+06 3.58032e+06 3.39019e+06 2.76541e+06
threshold=30908.467491710664 17483.612878787881 3.5000000000000004 10432.223890258634 2.5000000000000004 0.1294095225512602 0 23926.064530930329 17491.069318181821 -0.37940952255126059 0.25881904510252091 1 2 -0.25881904510252113 5.5000000000000009 69676.539540333339 19892.69927881255 57327.910610166669 -0.5 52299.056962491049 60224.162688081407 -0.37940952255126015 1.5000000000000002 18823.526507476836 58279.807229810242 38600.606215333333 18137.750000000004 5.5000000000000009 17930.13998384761 -0.78656609248549303
decision_type=2 2 2 2 2 2 1 2 2 2 2 1 1 2 2 2 2 2 2 2 2 2 2 2 2 2 2 2 2 2
left_child=1 2 3 -1 5 6 -5 -7 9 -3 -6 12 13 16 -15 20 17 -10 -16 -17 23 -22 -23 25 -25 28 -24 -28 -14 -29
right_child=-2 8 -4 4 10 7 -8 -9 11 -11 -12 -13 15 14 18 19 -18 -19 -20 -21 21 22 26 24 -26 -27 27 29 -30 -31
leaf_value=-8.8341210985183718 -6.4536230049133296 0.6258538026076097 -13.635030656872374 3.0506606225456512 9.1471856355667125 16.528656680767352 -17.113771049181619 0.38785974839154413 -22.085222189724448 -18.278009135906512 26.548689719608856 0.25788527644911724 1.4090023092649602 -23.757518924985614 -5.7810848188400277 -28.698862472534184 -6.6951855134963996 -52.484759521484378 20.489150635153056 -4.8987417705795346 23.78049771499634 18.797514235502796 18.184990205764773 -44.529339599609379 -0.052991499551912638 -14.442352223863791 -22.765740333064912 -13.598353374004365 15.792778099666942 5.9120498520987379
leaf_weight=20 25 26 33 56 28 39 24 34 20 26 21 5006 594 28 20 25 20 20 36 34 50 38 20 20 41 51 31 32 44 42
leaf_count=20 25 26 33 56 28 39 24 34 20 26 21 5006 594 28 20 25 20 20 36 34 50 38 20 20 41 51 31 32 44 42
internal_value=-3.62448e-10 0.0249021 2.37222 4.75168 6.09681 2.73145 -2.99867 9.01103 -0.0712686 -8.82608 16.605 0.0024919 -1.09399 -11.587 -0.514557 0.384474 -27.0884 -37.285 11.1069 -14.9835 1.32602 6.45282 1.13758 -0.129986 -14.6354 1.15424 -4.23103 -8.50075 2.40099 -2.52488
internal_weight=6504 6479 255 222 202 153 80 73 6224 52 49 6172 1166 144 84 1022 60 40 56 59 963 213 163 750 61 689 125 105 638 74
internal_count=6504 6479 255 222 202 153 80 73 6224 52 49 6172 1166 144 84 1022 60 40 56 59 963 213 163 750 61 689 125 105 638 74
cat_boundaries=0 1 2 3
cat_threshold=4 2 4
is_linear=0
shrinkage=0.05


Tree=245
num_leaves=31
num_cat=2
split_feature=2 5 9 4 4 1 1 0 1 4 0 1 1 1 2 7 0 0 9 0 0 2 3 1 1 3 0 6 3 3
split_gain=451897 422689 3.73806e+06 4.09392e+06 3.07751e+06 6.09853e+06 3.39544e+06 1.06697e+07 4.96762e+06 3.937e+06 3.08097e+06 4.22009e+06 4.45967e+06 3.26455e+06 4.59415e+06 3.06439e+06 3.21922e+06 2.88312e+06 2.65499e+06 4.36575e+06 4.24275e+06 6.21534e+06 3.08564e+06 2.48437e+06 3.43992e+06 6.68086e+06 2.49669e+06 2.48173e+06 2.44396e+06 5.85545e+06
threshold=13588.855936500004 -0.78656609248549325 2.5000000000000004 1.0000000180025095e-35 1.0000000180025095e-35 19052.983333333337 19231.125000000004 62236.308236999997 18172.016666666666 0.37940952255126054 58534.263873850148 18543.879166666669 18354.39166666667 19157.266666666674 28433.995769833342 0 47480.638253416662 41469.130444833354 6.5000000000000009 60647.829716333341 55565.118999500002 30521.891937416665 12234.145103318357 19434.437500000004 19608.049999999999 24132.652317535834 64598.312484839094 1 14597.551624151072 22662.117511438799
decision_type=2 2 2 2 2 2 2 2 2 2 2 2 2 2 2 1 2 2 2 2 2 2 2 2 2 2 2 1 2 2
left_child=-1 2 3 28 5 15 7 10 -9 27 11 12 17 -13 -15 16 -4 -6 19 20 21 22 -7 -5 25 -25 -26 -8 -2 -30
right_child=1 -3 4 23 6 18 9 8 -10 -11 -12 13 -14 14 -16 -17 -18 -19 -20 -21 -22 -23 -24 24 26 -27 -28 -29 29 -31
leaf_value=6.5785981618441074 -2.0317174654740557 0.17878849189261845 21.561869873720056 -8.2052598597398454 -13.247524824738504 -16.364668550162481 -13.652987098693849 -10.889206797736032 -45.707808761596681 10.17505795669461 18.736121520996093 22.450272208452226 -24.234105497790921 12.656384637438018 -18.493524346351624 -7.9343635783475994 0.86579821223304387 6.3845297304789232 -5.287536797523499 -31.043570955338016 9.8136165965687141 -37.448316530747853 8.4676560141823511 33.914916775443338 -18.937958340417772 -0.544469481248122 4.2415676337022052 1.241058127514951 30.991610260804492 4.958675600864269
leaf_weight=26 26 5149 34 67 32 29 32 21 20 126 20 24 31 29 20 34 42 45 180 31 22 22 22 22 21 39 26 222 36 54
leaf_count=26 26 5149 34 67 32 29 32 21 20 126 20 24 31 29 20 34 42 45 180 31 22 22 22 22 21 39 26 222 36 54
internal_value=-8.60339e-09 -0.0264038 -0.821389 4.18683 -2.22543 -5.55447 0.00107155 -4.62814 -27.8739 2.94915 0.113529 -1.94422 -8.22106 7.34207 -0.0578639 4.54272 10.1246 -1.77425 -9.18418 -14.7508 -9.43421 -15.2349 -5.65269 -0.641571 4.05072 11.8835 -6.11524 -0.635357 11.471 15.3718
internal_weight=6504 6478 1329 291 1038 416 622 242 41 380 201 181 108 73 49 110 76 77 306 126 95 73 51 175 108 61 47 254 116 90
internal_count=6504 6478 1329 291 1038 416 622 242 41 380 201 181 108 73 49 110 76 77 306 126 95 73 51 175 108 61 47 254 116 90
cat_boundaries=0 1 2
cat_threshold=4 1
is_linear=0
shrinkage=0.05


Tree=246
num_leaves=31
num_cat=4
split_feature=0 5 3 1 0 0 9 1 7 9 3 3 2 2 6 8 5 2 0 4 3 1 8 3 3 0 3 0 4 3
split_gain=467768 4.00011e+06 2.92935e+06 2.50224e+06 3.83001e+06 1.9739e+06 1.67431e+06 2.29179e+06 1.45727e+06 1.17002e+06 844448 1.61032e+06 1.07046e+06 2.49969e+06 2.69853e+06 2.44825e+06 1.78097e+06 1.6619e+06 4.17294e+06 6.94987e+06 5.28546e+06 2.78362e+06 3.42592e+06 1.89102e+06 2.78709e+06 2.63072e+06 4.8497e+06 6.24053e+06 6.00577e+06 3.65465e+06
threshold=42890.444056500004 -0.70710678118654757 11140.00792902174 20200.775000000005 40543.413127000014 43312.049806833333 4.5000000000000009 17751.417424242427 0 2.5000000000000004 11408.823827101494 11913.969310749244 26245.855353666673 28075.472575999996 1 2 -0.9159756150367534 30521.891937416665 49494.73759937501 0.78656609248549325 16385.88009252958 19230.145833333332 3 14221.39633375234 13943.097584220288 51090.665051257594 15623.910963666031 49921.96701800001 0.60355339059327384 16491.046139095542
decision_type=2 2 2 2 2 2 2 2 1 2 2 2 2 2 1 1 2 2 2 2 2 2 1 2 2 2 2 2 2 2
left_child=1 2 3 4 6 -2 7 9 -8 -1 -7 -12 15 14 -14 -13 -16 18 20 -20 21 22 -15 24 -19 26 27 -25 29 -28
right_child=5 -3 -4 -5 -6 10 8 -9 -10 -11 11 12 13 17 16 -17 -18 23 19 -21 -22 -23 -24 25 -26 -27 28 -29 -30 -31
leaf_value=5.5064356547594073 -13.838840000446027 16.432009089865335 14.479244416335533 11.793105111298738 -24.089548566124659 8.3351632181803392 -14.049306769222023 13.28610045015812 0.67165823311641304 -8.2174166446778827 -11.261130058765412 -4.0301752473626822 3.3045355737209321 9.2209091751663781 -4.7161024169921877 16.366701499877436 -22.408457698244039 0.41259528495169973 30.21715199596742 -6.3668004217601961 23.410370813097273 -14.209680375598726 -11.227733421325684 1.2990781874883743 22.885521401058543 -0.037726938475141643 26.263769921012546 -34.490532105544524 -14.726897415361908 -1.3534420356750489
leaf_weight=25 26 41 29 27 22 30 40 32 29 41 32 28 32 54 25 31 33 37 34 21 21 42 33 21 22 5581 23 29 38 25
leaf_count=25 26 41 29 27 22 30 40 32 29 41 32 28 32 54 25 31 33 37 34 21 21 42 33 21 22 5581 23 29 38 25
internal_value=-5.88257e-09 1.97714 -0.441838 -2.44513 -4.47917 -0.0909395 -1.89576 2.30512 -7.86223 -3.01899 -0.0332126 -0.0739544 -0.0155548 -0.0806908 -8.35152 6.68683 -14.7824 0.0437657 4.46783 16.2487 0.148167 -3.6387 1.46453 -0.113252 8.79233 -0.205158 -7.076 -19.4589 0.123355 11.8798
internal_weight=6504 286 245 216 189 6218 167 98 69 66 6192 6162 6130 6071 90 59 58 5981 205 55 150 129 87 5776 59 5717 136 50 86 48
internal_count=6504 286 245 216 189 6218 167 98 69 66 6192 6162 6130 6071 90 59 58 5981 205 55 150 129 87 5776 59 5717 136 50 86 48
cat_boundaries=0 1 2 3 4
cat_threshold=4 2 4 4
is_linear=0
shrinkage=0.05


Tree=247
num_leaves=31
num_cat=2
split_feature=3 5 2 1 2 2 4 0 4 0 2 4 4 9 10 1 1 3 7 2 3 3 2 4 4 6 3 3 5 9
split_gain=440412 1.74174e+06 1.24859e+06 1.72319e+06 1.39862e+06 1.50355e+06 2.71249e+06 1.79341e+06 3.32925e+06 1.81578e+06 3.64008e+06 4.57456e+06 3.38745e+06 2.45624e+06 2.32619e+06 4.82918e+06 3.24086e+06 3.14276e+06 2.69342e+06 3.25276e+06 2.02297e+06 3.32254e+06 2.54008e+06 2.60821e+06 3.26962e+06 2.96508e+06 1.57936e+06 1.43635e+06 1.36338e+06 1.31671e+06
threshold=9009.7655346716001 -0.78656609248549325 20574.646844833343 19204.258333333335 22276.536217310058 23684.236161992922 1.0000000180025095e-35 44437.780449749996 -0.25881904510252113 48446.704004154708 30521.891937416665 0.91597561503675362 -1.0000000180025095e-35 4.5000000000000009 1.0000000180025095e-35 19229.07916666667 18690.645833333336 14103.945144517744 0 26245.855353666673 14221.39633375234 13943.097584220288 32032.548793833335 0.91597561503675362 0.12940952255126045 1 17266.213343683274 15811.683412652475 -0.9159756150367534 4.5000000000000009
decision_type=2 2 2 2 2 2 2 2 2 2 2 2 2 2 2 2 2 2 1 2 2 2 2 2 2 1 2 2 2 2
left_child=1 -1 3 -2 28 6 -6 8 -7 14 11 12 -11 -14 15 16 17 -9 -17 -20 21 -12 23 24 -22 -26 -27 -15 -4 -24
right_child=2 -3 4 -5 5 7 -8 9 -10 10 20 -13 13 27 -16 18 -18 -19 19 -21 22 -23 29 -25 25 26 -28 -29 -30 -31
leaf_value=0.2689046691965174 -17.997779721799105 15.704029000889172 17.271975306842638 0.19294493993123374 2.8910740944055413 -8.0438364982604984 -19.948192420372596 -12.291442989816472 14.274903889135883 -0.43663394030402691 0.39196541244919236 -11.059773704528808 32.633806718479505 19.167680763475826 9.1013950654438567 -30.708629875183107 13.008063806069865 10.456662897630173 3.4803718515804842 -17.88271481406932 -15.789655675386129 25.686503095626833 -0.88156435213853934 -20.657274726585108 -8.293877487182618 20.869762382507325 2.473152882712228 2.1865854454040528 0.84263836996895936 0.66608070035485323
leaf_weight=108 23 22 23 30 26 24 26 49 55 34 37 25 22 33 28 20 37 22 28 49 38 20 2481 27 40 20 28 20 28 3081
leaf_count=108 23 22 23 30 26 24 26 49 55 34 37 25 22 33 28 20 37 22 28 49 38 20 2481 27 40 20 28 20 28 3081
internal_value=1.48159e-08 2.881 -0.0587591 -7.70114 0.00532041 -0.0617574 -8.52856 0.00904891 7.49453 -0.0872783 0.0835202 8.23037 12.6547 18.5895 -4.41662 -6.26298 1.00985 -5.24273 -14.3606 -10.1143 -0.105613 9.26724 -0.199096 -6.55467 -3.53269 1.7601 10.1384 12.7597 8.25195 -0.0242658
internal_weight=6504 130 6374 53 6321 6270 52 6218 79 6139 5906 134 109 75 233 205 108 71 97 77 5772 57 5715 153 126 88 48 53 51 5562
internal_count=6504 130 6374 53 6321 6270 52 6218 79 6139 5906 134 109 75 233 205 108 71 97 77 5772 57 5715 153 126 88 48 53 51 5562
cat_boundaries=0 1 2
cat_threshold=2 2
is_linear=0
shrinkage=0.05


Tree=248
num_leaves=31
num_cat=4
split_feature=2 0 0 7 0 2 1 2 3 1 2 4 7 1 0 3 1 5 1 0 8 2 0 7 3 3 3 3 5 5
split_gain=429098 425701 5.4133e+06 5.27017e+06 4.89226e+06 2.23603e+06 4.44838e+06 3.15762e+06 2.28593e+06 7.59325e+06 2.61216e+06 2.13586e+06 8.52476e+06 2.14728e+06 2.3271e+06 2.28006e+06 1.95955e+06 1.63276e+06 2.80276e+06 2.90546e+06 2.91793e+06 2.44649e+06 5.09063e+06 4.43678e+06 2.90719e+06 2.24191e+06 1.9866e+06 5.4975e+06 4.59592e+06 4.13814e+06
threshold=13588.855936500004 57914.183881627941 57679.833839401697 0 58142.037790455746 39029.125370806076 17507.070833333339 38704.460057333337 21200.688648230451 18543.879166666669 38360.154231575762 -0.5 1 18913.854166666675 52000.652156390184 15494.649966284005 17751.417424242427 -0.98296291314453399 19261.966666666671 72317.170030621215 2 38360.154231575762 58534.263873850148 3 18309.930745627837 18441.082486465039 19780.655842890224 19599.110622425625 -0.5 -0.12940952255126037
decision_type=2 2 2 1 2 2 2 2 2 2 2 2 1 2 2 2 2 2 2 2 1 2 2 1 2 2 2 2 2 2
left_child=-1 2 5 -4 -3 7 -7 8 10 -10 11 12 13 16 -15 -16 -2 18 -6 20 -20 23 24 -19 -23 -25 27 29 -29 -24
right_child=1 4 3 -5 17 6 -8 -9 9 -11 -12 -13 -14 14 15 -17 -18 21 19 -21 -22 22 26 25 -26 -27 -28 28 -30 -31
leaf_value=6.4105013700631943 -18.759202270507814 12.671197953590982 -3.4321247469994334 -35.873065939403716 -20.635774047851566 0.93772693352821546 -26.421465206146241 17.739251007080078 9.8107371139526371 -33.758901519775392 15.262227535247803 0.48652181903489833 4.8105102929748407 -33.489448924498127 -1.1490555238723754 -24.232360939357591 1.3149482480941281 8.7084950367609668 12.187653816037063 -14.529967176119488 -10.731672781989689 0.98301590919494641 5.9963603655497231 -3.7384539159138996 25.283698558807373 -21.634633659181141 -0.25413810407486132 -2.4986259627342227 26.737125091436436 -3.3502158123769883
leaf_weight=26 20 78 31 21 25 39 24 25 20 20 28 1741 119 22 20 23 31 30 41 30 21 20 231 30 32 42 3410 20 41 243
leaf_count=26 20 78 31 21 25 39 24 25 20 20 28 1741 119 22 20 23 31 30 41 30 21 20 231 30 32 42 3410 20 41 243
internal_value=1.86781e-08 -0.0257291 -0.594067 -16.5333 0.263337 -0.205306 -9.48482 0.0772507 -0.138772 -11.9741 0.0974619 -0.117423 -4.59176 -14.2372 -20.263 -13.4959 -6.55727 0.0337799 -5.7903 -1.7562 4.42466 0.20002 0.395155 -7.4466 15.9373 -14.1779 0.19029 3.023 17.1516 1.20476
internal_weight=6504 6478 2184 52 4294 2132 63 2069 2044 40 2004 1976 235 116 65 43 51 4216 117 92 62 4099 3997 102 52 72 3945 535 61 474
internal_count=6504 6478 2184 52 4294 2132 63 2069 2044 40 2004 1976 235 116 65 43 51 4216 117 92 62 4099 3997 102 52 72 3945 535 61 474
cat_boundaries=0 1 2 3 4
cat_threshold=4 4 4 2
is_linear=0
shrinkage=0.05


Tree=249
num_leaves=31
num_cat=3
split_feature=3 3 2 3 2 3 2 4 1 0 7 1 1 1 0 0 1 2 9 8 2 8 0 5 1 1 1 9 3 4
split_gain=407475 8.54115e+06 3.22899e+06 1.95891e+06 7.95693e+06 5.52789e+06 1.85917e+06 2.41367e+06 4.59358e+06 4.20714e+06 3.42557e+06 3.47557e+06 2.36177e+06 3.37837e+06 2.28862e+06 3.15577e+06 2.96943e+06 2.19121e+06 7.71296e+06 7.69308e+06 5.40135e+06 2.50854e+06 7.46085e+06 6.99997e+06 5.75126e+06 5.02679e+06 6.12585e+06 5.05705e+06 5.9832e+06 7.04236e+06
threshold=17989.580444969844 17930.13998384761 33598.988840666665 18196.765996846851 38704.460057333337 18269.055799120808 44071.830557333342 -0.78656609248549303 18913.854166666675 60140.999651390222 0 19211.495833333338 20241.179166666672 20091.895833333336 50269.209296833345 56670.131892500001 18422.837500000005 37480.906651750003 4.5000000000000009 1 37184.201930500014 2 52423.261828166673 0.78656609248549303 20710.675000000003 20702.375000000004 21944.637500000008 6.5000000000000009 17380.192498966568 0.25881904510252091
decision_type=2 2 2 2 2 2 2 2 2 2 1 2 2 2 2 2 2 2 2 1 2 1 2 2 2 2 2 2 2 2
left_child=1 6 -2 4 -4 -5 7 8 14 17 -10 -12 13 -13 -1 -16 -17 20 19 -19 21 22 24 -24 -9 27 -27 28 -23 -30
right_child=2 -3 3 5 -6 -7 -8 9 10 -11 11 12 -14 -15 15 16 -18 18 -20 -21 -22 25 23 -25 -26 26 -28 -29 29 -31
leaf_value=-8.7583663798868656 -18.53959190050761 29.087168935629041 9.5644153042696427 23.41963850402832 -24.702190976672703 -0.15608369718697915 15.012360400245303 -0.44065358606974292 5.4698117256164558 21.568372019131981 -31.526470700899765 -13.32928574562073 -23.605211175006371 11.436319364820209 18.487443178210938 -10.378379635512829 14.181040846705438 -44.600912170410162 8.2063300421071599 -3.6868919301916052 23.098697167855722 0.26061936711286171 -19.945674624520802 7.8670485305786135 25.502817104173744 -17.983502391179403 13.969198617935181 13.860617047732639 0.41887932343360701 31.086231678807078
leaf_weight=32 24 26 32 25 36 4567 21 300 26 24 24 40 23 21 35 32 20 20 43 27 27 682 92 30 23 60 20 97 39 36
leaf_count=32 24 26 32 25 36 4567 21 300 26 24 24 40 23 21 35 32 20 20 43 27 27 682 92 30 23 60 20 97 39 36
internal_value=3.38759e-09 0.634896 -0.246693 -0.152481 -8.57673 -0.0277316 0.222544 0.0473689 -4.47448 0.800019 -10.8235 -14.746 -9.95153 -4.80342 2.67484 6.88015 -0.932449 0.466837 -7.09658 -21.0971 0.950981 0.517342 -2.57218 -13.1065 1.40671 1.98933 -9.99533 3.11202 1.73472 15.1392
internal_weight=6504 1820 4684 4660 68 4592 1794 1773 253 1520 134 108 84 61 119 87 52 1496 90 47 1406 1379 445 122 323 934 80 854 757 75
internal_count=6504 1820 4684 4660 68 4592 1794 1773 253 1520 134 108 84 61 119 87 52 1496 90 47 1406 1379 445 122 323 934 80 854 757 75
cat_boundaries=0 1 2 3
cat_threshold=2 4 2
is_linear=0
shrinkage=0.05


Tree=250
num_leaves=31
num_cat=2
split_feature=9 5 5 3 0 3 3 8 1 1 3 5 3 2 2 1 3 1 1 3 1 3 3 9 3 3 1 7 3 1
split_gain=418961 2.36715e+06 3.4977e+06 6.90078e+06 4.38311e+06 4.73354e+06 5.0666e+06 4.42109e+06 4.26713e+06 8.20858e+06 4.89432e+06 4.24799e+06 4.65358e+06 4.13825e+06 4.53006e+06 5.83194e+06 4.12298e+06 3.3207e+06 4.68745e+06 3.3689e+06 3.28392e+06 2.92612e+06 5.91721e+06 2.80436e+06 6.2706e+06 3.73626e+06 2.63202e+06 3.70317e+06 3.04354e+06 3.00207e+06
threshold=2.5000000000000004 -0.70710678118654757 1.0000000180025095e-35 27451.273072404285 60647.829716333341 24743.287908519629 29371.689118434351 0 19612.591666666671 19604.341666666671 20395.844495093614 0.78656609248549303 26788.521953398133 38811.95820683334 40868.395504912864 18568.144696969703 26070.623547587365 19596.858333333334 19570.983333333337 21561.659067585028 17501.933333333338 24610.785403644 22380.455764279788 1.5000000000000002 21045.582769170294 24306.916126495358 19615.573863636368 1 26301.156689255422 19605.335606060613
decision_type=2 2 2 2 2 2 2 1 2 2 2 2 2 2 2 2 2 2 2 2 2 2 2 2 2 2 2 1 2 2
left_child=1 20 4 11 -3 8 7 16 9 10 -6 12 26 -13 -15 21 -7 18 -17 -19 -1 22 -16 -22 -25 -26 27 -4 29 -29
right_child=-2 2 3 -5 5 6 -8 -9 -10 -11 -12 13 -14 14 15 17 -18 19 -20 -21 23 -23 -24 24 25 -27 -28 28 -30 -31
leaf_value=-5.8528931698432345 -0.21170186443230921 -17.591260328999272 -11.939600334478463 28.548555183410645 -17.305743794441224 13.415660950270567 10.681583191366757 -26.568111947003537 -10.542336206776756 39.877601623535156 12.987586755752563 15.382700660705567 26.897612331027076 -28.777819080352785 19.345043296813966 -2.4424992515927268 -10.450081457110013 13.914678592681884 -33.692340535776957 -8.7953205896227544 2.9202275451793467 18.851829835772516 -17.142940597534182 0.2531616853207958 40.225007069629179 13.627512402688303 14.382570142524187 2.6329672347719426 -10.758138300390804 16.588456399897311
leaf_weight=65 5088 54 46 23 20 22 34 34 28 20 40 25 21 20 20 21 102 20 28 89 186 32 25 49 23 31 43 214 34 47
leaf_count=65 5088 54 46 23 20 22 34 34 28 20 40 25 21 20 20 21 102 20 28 89 186 32 25 49 23 31 43 214 34 47
internal_value=-1.73549e-08 0.760691 -0.419603 1.60941 -4.47762 -2.11717 -6.82763 -10.5954 6.25699 12.1368 2.88981 0.704881 3.9788 -4.03061 -5.93388 -3.98971 -6.21584 -9.4884 -20.2996 -4.62835 4.30157 7.29332 -0.926059 6.58545 13.2042 24.9561 2.72543 1.25547 3.313 5.14602
internal_weight=6504 1416 1062 708 354 300 192 158 108 80 60 685 405 280 255 235 124 158 49 109 354 77 45 289 103 54 384 341 295 261
internal_count=6504 1416 1062 708 354 300 192 158 108 80 60 685 405 280 255 235 124 158 49 109 354 77 45 289 103 54 384 341 295 261
cat_boundaries=0 1 2
cat_threshold=4 1
is_linear=0
shrinkage=0.05


Tree=251
num_leaves=31
num_cat=8
split_feature=1 1 7 3 8 0 9 8 1 9 7 0 4 8 6 1 1 3 1 7 2 1 9 2 3 9 8 3 1 1
split_gain=418273 6.22859e+06 1.19856e+07 8.9566e+06 1.21174e+07 6.94721e+06 2.83599e+06 6.73294e+06 1.68784e+07 8.78146e+06 6.05596e+06 1.48895e+07 5.93076e+06 8.04094e+06 8.42765e+06 5.84204e+06 5.54167e+06 5.39239e+06 5.33155e+06 9.89514e+06 5.06232e+06 1.09514e+07 6.6942e+06 4.44789e+06 5.50882e+06 4.33414e+06 4.39619e+06 4.25243e+06 4.14659e+06 9.75109e+06
threshold=19170.850000000002 19204.258333333335 0 19750.358280652104 1 61133.692575770321 3.5000000000000004 2 18354.39166666667 4.5000000000000009 3 54248.735486500002 -0.37940952255126059 4 5 18816.562500000004 18039.387500000001 22662.117511438799 18537.133333333335 6 36337.579297166667 18816.562500000004 5.5000000000000009 41374.404631833335 20964.40588294487 2.5000000000000004 7 21429.229817327363 18188.416666666668 17501.095833333336
decision_type=2 2 1 2 1 2 2 1 2 2 1 2 2 1 1 2 2 2 2 1 2 2 2 2 2 2 1 2 2 2
left_child=6 2 5 4 -4 -2 12 8 -8 -10 11 15 13 16 18 -9 -1 20 19 25 21 -12 -23 -22 -25 26 -15 -20 29 -27
right_child=1 -3 3 -5 -6 -7 7 10 9 -11 17 -13 -14 14 -16 -17 -18 -19 27 -21 23 22 -24 24 -26 28 -28 -29 -30 -31
leaf_value=-2.7380736972010418 -13.275632581256685 0.084917823979410195 17.642376963297526 20.826824734662033 -31.878646701176962 -46.162180739182695 15.045502964225975 -1.9485898208618164 -8.9436628739039108 -52.178391464896826 12.828428922839786 -41.005590594333157 -3.4683360872378382 5.255069991810756 22.393627289268707 27.536173191070556 -30.859787435965103 -6.8264335615881571 32.769870229562123 -19.38483232718248 20.842823654267846 -26.07014552874443 4.2833782252143413 -8.4320441340145305 14.387289921990757 6.6796443589528414 30.883926433987085 6.2697467187555826 18.811169398914682 -27.158410809256818
leaf_weight=86 42 4343 21 37 30 26 37 105 24 23 115 23 796 44 72 20 22 58 24 52 123 39 34 38 87 60 27 41 22 33
leaf_count=86 42 4343 21 37 30 26 37 105 24 23 115 23 796 44 72 20 22 58 24 52 123 39 34 38 87 60 27 41 22 33
internal_value=-2.14928e-08 -0.267676 -10.0838 2.09913 -11.4876 -25.8499 0.600634 3.09656 -10.2151 -30.1011 4.83827 -4.03383 -0.816132 3.55479 7.01694 2.76897 -8.46657 7.49631 3.36307 -0.103048 9.40163 3.21366 -11.9329 14.0925 7.45021 5.28756 15.0013 16.0544 -0.709593 -5.32741
internal_weight=6504 4499 156 88 51 68 2005 726 84 47 642 148 1279 483 375 125 108 494 303 238 436 188 73 248 125 186 71 65 115 93
internal_count=6504 4499 156 88 51 68 2005 726 84 47 642 148 1279 483 375 125 108 494 303 238 436 188 73 248 125 186 71 65 115 93
cat_boundaries=0 1 2 3 4 5 6 7 8
cat_threshold=2 4 1 1 2 4 4 4
is_linear=0
shrinkage=0.05


Tree=252
num_leaves=31
num_cat=2
split_feature=3 3 2 3 5 3 0 8 7 0 2 1 0 1 1 3 1 1 4 1 3 3 5 1 1 1 2 0 0 0
split_gain=440223 7.63227e+06 2.91252e+06 1.80603e+06 7.40233e+06 4.97547e+06 1.72142e+06 5.42099e+06 1.28995e+07 4.30859e+06 4.15577e+06 3.516e+06 3.15469e+06 2.97341e+06 5.3112e+06 4.966e+06 1.56467e+07 1.52066e+07 5.42868e+06 3.98184e+06 1.09823e+07 3.80943e+06 3.78248e+06 4.52756e+06 3.69187e+06 5.75545e+06 1.82832e+06 1.7793e+06 6.4252e+06 5.63446e+06
threshold=17989.580444969844 17930.13998384761 33598.988840666665 18196.765996846851 1.0000000180025095e-35 18269.055799120808 57914.183881627941 0 1 58534.263873850148 38704.460057333337 17502.866666666672 56520.700443698493 19133.395833333336 19222.716287878793 20595.376116464529 19606.491666666672 19261.966666666671 0.78656609248549325 18537.133333333335 21045.582769170294 20085.986173698981 0.78656609248549303 17509.145833333339 20102.408333333336 20193.854166666672 35504.457727412933 61233.236304472106 61661.361347250015 60904.192126833346
decision_type=2 2 2 2 2 2 2 1 1 2 2 2 2 2 2 2 2 2 2 2 2 2 2 2 2 2 2 2 2 2
left_child=1 -1 -2 4 -4 -5 7 12 -9 10 -8 -12 -7 19 21 17 -17 18 -16 22 -21 -15 23 -10 -19 -26 -27 29 -29 -11
right_child=2 -3 3 5 -6 6 9 8 13 27 11 -13 -14 14 15 16 -18 24 -20 20 -22 -23 -24 -25 25 26 -28 28 -30 -31
leaf_value=0.27012125118620023 -17.629761068026223 27.555796774534077 -22.057979192733768 22.197807579040528 11.461680672849928 19.182675586044791 0.060540271196209021 -39.799382606506356 17.715916619581336 -0.85819714848588158 1.0500153732299804 26.42554893937222 -0.9348071695942628 -5.4093293931749136 41.702926841735845 -49.607913021814255 2.660300178527832 -21.980604577786995 8.7524164733886725 40.253933993252843 -10.939589557647706 -30.911019894480706 -15.244534667762551 -7.2467951484215565 18.990602965976883 -20.079935087981049 -1.9994874691141065 13.86722985351787 -0.053257698594240482 -17.030784225079323
leaf_weight=1794 24 26 40 25 28 40 61 25 34 410 20 43 38 27 25 21 45 33 25 22 20 32 37 39 23 27 29 85 3344 62
leaf_count=1794 24 26 40 25 28 40 61 25 34 410 20 43 38 27 25 21 45 33 25 22 20 32 37 39 23 27 29 85 3344 62
internal_value=1.5259e-08 0.659917 -0.256415 -0.166939 -8.25577 -0.0471563 -0.168926 -2.81426 -4.86447 0.18729 9.36284 18.3698 9.38185 -2.87501 -5.86966 -2.4096 -13.9705 2.3004 25.2277 2.77936 15.8761 -19.2408 -2.2212 4.37967 -7.935 -2.06784 -10.7168 -0.10437 0.291811 -2.98256
internal_weight=6504 1820 4684 4660 68 4592 4567 542 464 4025 124 63 78 439 287 228 66 162 50 152 42 59 110 73 112 79 56 3901 3429 472
internal_count=6504 1820 4684 4660 68 4592 4567 542 464 4025 124 63 78 439 287 228 66 162 50 152 42 59 110 73 112 79 56 3901 3429 472
cat_boundaries=0 1 2
cat_threshold=2 1
is_linear=0
shrinkage=0.05


Tree=253
num_leaves=31
num_cat=3
split_feature=3 3 2 1 3 2 3 9 1 1 8 1 1 4 9 2 6 9 3 3 1 0 7 9 1 4 1 9 0 2
split_gain=397302 6.88812e+06 2.65757e+06 3.61817e+06 2.31618e+06 6.0162e+06 4.46076e+06 1.83607e+06 1.71517e+06 5.32285e+06 6.28689e+06 5.3089e+06 3.58796e+06 3.01884e+06 6.06461e+06 3.64276e+06 3.56293e+06 4.63964e+06 1.00399e+07 9.00362e+06 6.66523e+06 5.40098e+06 3.69904e+06 3.17863e+06 5.80094e+06 3.14461e+06 6.392e+06 5.28201e+06 7.63926e+06 4.588e+06
threshold=17989.580444969844 17930.13998384761 34481.004207333339 19345.729166666672 18196.765996846851 40004.300111811404 18269.055799120808 4.5000000000000009 18188.416666666668 18145.554166666672 0 18315.529166666674 17679.104166666668 1.0000000180025095e-35 3.5000000000000004 34230.980613833337 1 4.5000000000000009 16289.153133173919 14942.52297533327 18913.854166666675 58534.263873850148 2 5.5000000000000009 19232.783333333336 0.91597561503675362 19146.212500000005 5.5000000000000009 52913.345731490561 33598.988840666665
decision_type=2 2 2 2 2 2 2 2 2 2 1 2 2 2 2 2 1 2 2 2 2 2 1 2 2 2 2 2 2 2
left_child=1 8 3 -2 5 7 -6 -4 9 12 -11 -10 -1 16 15 -15 23 18 19 20 -18 -20 -19 24 -13 27 -27 28 -16 -28
right_child=2 -3 4 -5 6 -7 -8 -9 11 10 -12 13 -14 14 25 -17 17 22 21 -21 -22 -23 -24 -25 -26 26 29 -29 -30 -31
leaf_value=3.3953366547028225 5.696527285802933 26.17800705249493 12.188027121803977 -20.288202909521157 21.087917915344239 -28.759108123779299 -0.090744258685552665 -8.7440862321853654 -24.408727579531462 -0.18756410425359554 36.81653749148051 -3.5992572578223978 -9.4812782224380623 -5.183382775865752 5.9591661114211476 -29.929288330078123 26.301071366019869 8.7657782865607228 4.9019577759962818 44.383526047070823 -10.995110229492189 -29.190534623463947 -6.7718290719402932 8.8024762344360354 -25.269675132463565 -25.213935463516805 -6.2044148636452947 0.40272399910858703 27.628712839126589 12.408112285392626
leaf_weight=300 21 26 22 37 25 25 4534 20 23 22 24 74 66 58 218 20 23 46 26 24 25 21 229 20 53 27 81 308 50 56
leaf_count=300 21 26 22 37 25 25 4534 20 23 22 24 74 66 58 218 20 23 46 26 24 25 21 229 20 53 27 81 308 50 56
internal_value=-1.14338e-08 0.626921 -0.243594 -10.8799 -0.110238 -9.33915 0.0253923 2.22035 0.256615 3.08812 19.1189 -0.587511 1.07332 -0.184355 1.73212 -11.5285 -3.08209 -0.603609 7.64455 19.3785 6.87598 -10.3309 -4.17281 -9.72509 -12.6428 3.12986 -2.97853 4.86905 10.002 1.40363
internal_weight=6504 1820 4684 58 4626 67 4559 42 1794 412 46 1382 366 1359 818 78 541 394 119 72 48 47 275 147 127 740 164 576 268 137
internal_count=6504 1820 4684 58 4626 67 4559 42 1794 412 46 1382 366 1359 818 78 541 394 119 72 48 47 275 147 127 740 164 576 268 137
cat_boundaries=0 1 2 3
cat_threshold=2 4 2
is_linear=0
shrinkage=0.05


Tree=254
num_leaves=31
num_cat=6
split_feature=1 8 6 3 3 4 3 1 6 1 1 5 1 8 7 3 3 3 0 4 6 3 3 3 2 3 3 3 3 1
split_gain=386506 2.22084e+06 1.80532e+06 2.30295e+06 2.27721e+06 2.46163e+06 4.66094e+06 3.66181e+06 1.88666e+06 2.29561e+06 1.38277e+06 5.05222e+06 2.92829e+06 5.67858e+06 5.29153e+06 1.0851e+07 3.59552e+06 2.83552e+06 2.75147e+06 2.59939e+06 2.45483e+06 5.59298e+06 2.93669e+06 2.18294e+06 2.36285e+06 2.16798e+06 4.9099e+06 2.00467e+06 1.99751e+06 1.95986e+06
threshold=21965.104166666668 0 1 17641.873186118686 24030.331899106797 -0.25881904510252113 28467.69557926006 22038.241666666672 2 22017.554166666672 21657.233333333334 -0.78656609248549325 21233.400000000001 3 4 22475.42227706252 27264.570400088818 18956.849326958985 81129.90123394446 -1.0000000180025095e-35 5 21931.458406806803 23389.702318315027 21874.847449542594 53329.163901333341 24306.916126495358 26946.230957421289 20677.729386114919 24306.916126495358 20665.012500000001
decision_type=2 1 1 2 2 2 2 2 1 2 2 2 2 1 1 2 2 2 2 2 1 2 2 2 2 2 2 2 2 2
left_child=10 -2 4 -4 -3 6 -6 -7 -5 -10 12 25 29 -14 16 -16 20 -13 19 23 21 -15 -23 -19 -25 -12 -27 -21 -29 -1
right_child=1 2 3 8 5 7 -8 -9 9 -11 11 17 13 14 15 -17 -18 18 -20 27 -22 22 -24 24 -26 26 -28 28 -30 -31
leaf_value=-0.1727794589296579 -11.609792564312619 12.870988291761151 9.0452732721964519 -17.910683591438062 18.772203968552983 3.7963428393006327 -10.763666265661067 -21.465807305849516 6.6743255472183227 -13.232119933196479 -19.180191137050763 -9.7944062306330757 13.084823116096292 -36.741708352986507 19.972816303798133 -17.436158646477594 1.8144522905349731 32.072444167137142 -1.2214454370386463 -6.8473030646642048 -1.2939183462233772 4.1353430604934696 -18.350421412710872 -0.84682393312454229 21.061020424962045 17.056081061363223 -15.380333065986633 13.936702350940971 -0.48807164298163519 2.906284540592075
leaf_weight=4954 48 46 24 33 34 32 22 26 30 28 29 26 37 34 42 36 32 20 68 24 21 20 53 20 32 20 28 72 36 577
leaf_count=4954 48 46 24 33 34 32 22 26 30 28 29 26 37 34 42 36 32 20 68 24 21 20 53 20 32 20 28 72 36 577
internal_value=2.4553e-08 -1.68611 0.0460223 -4.73248 3.48057 -0.308542 7.16883 -7.52807 -8.36618 -2.93568 0.088111 3.03076 -0.10195 -5.13781 -7.97074 2.70714 -13.1762 5.98084 7.48876 10.3922 -16.9239 -19.9914 -12.1899 18.0342 12.6349 -8.38641 -1.86516 6.22376 9.12844 0.148432
internal_weight=6504 323 275 115 160 114 56 58 91 58 6181 375 5806 275 238 78 160 298 272 204 128 107 73 72 52 77 48 132 108 5531
internal_count=6504 323 275 115 160 114 56 58 91 58 6181 375 5806 275 238 78 160 298 272 204 128 107 73 72 52 77 48 132 108 5531
cat_boundaries=0 1 2 3 4 5 6
cat_threshold=1 4 2 1 4 4
is_linear=0
shrinkage=0.05


Tree=255
num_leaves=31
num_cat=3
split_feature=9 1 1 8 5 3 0 4 3 5 1 1 6 3 1 1 5 7 5 3 3 3 1 3 3 0 2 0 2 2
split_gain=399043 6.284e+06 4.76539e+06 3.12542e+06 5.49932e+06 2.99921e+06 4.75625e+06 4.56558e+06 3.97779e+06 3.68855e+06 3.68095e+06 7.15201e+06 5.01138e+06 3.36298e+06 3.32988e+06 3.71282e+06 3.1891e+06 2.97749e+06 3.33893e+06 2.72297e+06 2.53864e+06 2.27062e+06 2.15256e+06 1.45968e+06 3.69444e+06 3.24852e+06 6.12572e+06 2.61991e+06 5.44901e+06 8.6311e+06
threshold=8.5000000000000018 20653.858333333334 21664.279166666671 0 -0.5 18309.930745627837 63388.933090966595 -0.37940952255126059 23156.784737210928 -0.12940952255126037 20667.275000000005 20672.245833333338 1 15811.683412652475 20676.562500000004 21284.737500000007 0.37940952255126048 2 -0.60355339059327384 19989.367311169004 21771.451139890323 19927.8236823562 20687.725000000006 22520.025859572128 22610.492374998368 71838.048692229684 51620.8636210759 62443.832710290408 42007.185468825686 41044.07014635302
decision_type=2 2 2 1 2 2 2 2 2 2 2 2 1 2 2 2 2 1 2 2 2 2 2 2 2 2 2 2 2 2
left_child=23 -2 3 4 -3 10 14 8 9 -8 -5 -12 13 16 -7 19 17 18 -13 -16 -4 -17 -14 25 -25 26 -1 28 29 -26
right_child=1 2 20 5 -6 6 7 -9 -10 -11 11 12 22 -15 15 21 -18 -19 -20 -21 -22 -23 -24 24 27 -27 -28 -29 -30 -31
leaf_value=0.73540782755117329 -17.189893051556179 30.057742945353194 -2.1004151662190753 -14.638506112992765 -1.0411638346585361 -29.34047026281004 -14.486385993957521 21.435324450901575 -17.769892798832483 11.504377857474395 29.26190865834554 -29.411425599597749 19.579013366699218 -22.328773864746097 -13.324285106658937 -8.3901011421566931 14.480774325909824 6.0342445938675491 -1.5382363471117886 11.215398700420673 18.615563906032591 -31.641401745024183 2.2816665546314137 -16.132082992944962 7.75151067135939 13.038832641097736 -25.152014889924423 -1.0733563424231094 18.290110008933329 -26.674720115661621
leaf_weight=3545 56 21 21 32 44 27 20 21 35 43 24 21 35 25 20 21 23 27 22 26 50 21 37 39 67 53 23 2025 55 25
leaf_count=3545 56 21 21 32 44 27 20 21 35 43 24 21 35 25 20 21 23 27 22 26 50 21 37 39 67 53 23 2025 55 25
internal_value=-3.74305e-11 -1.15376 0.304075 -1.28323 9.00618 -2.67659 -6.72899 0.278623 -4.25496 3.25334 1.17814 3.54325 0.294574 -6.04846 -13.9803 -9.26758 -1.67203 -6.97938 -15.1507 0.545971 12.4883 -20.0158 10.6901 0.132943 -0.879357 0.751058 0.568533 -0.605482 5.83972 -1.60344
internal_weight=6504 672 616 545 65 480 234 119 98 63 246 214 190 118 115 88 93 70 43 46 71 42 72 5832 2211 3621 3568 2172 147 92
internal_count=6504 672 616 545 65 480 234 119 98 63 246 214 190 118 115 88 93 70 43 46 71 42 72 5832 2211 3621 3568 2172 147 92
cat_boundaries=0 1 2 3
cat_threshold=1 2 2
is_linear=0
shrinkage=0.05


Tree=256
num_leaves=31
num_cat=1
split_feature=9 5 1 1 1 2 5 5 3 4 2 8 0 2 3 1 0 2 9 1 3 3 1 0 3 5 3 9 5 0
split_gain=403165 2.1446e+06 2.85219e+06 5.87526e+06 5.04299e+06 2.33611e+06 2.13691e+06 5.94066e+06 5.50551e+06 4.00123e+06 5.27569e+06 3.9913e+06 3.52347e+06 7.0091e+06 2.52185e+06 2.60226e+06 2.89881e+06 6.82679e+06 4.73447e+06 5.8146e+06 3.79461e+06 3.30792e+06 1.97384e+06 1.96617e+06 7.17194e+06 4.80966e+06 2.42772e+06 2.12297e+06 2.48975e+06 1.91091e+06
threshold=2.5000000000000004 0.91597561503675351 19611.895833333336 19605.335606060613 19570.983333333337 43400.506164191655 0.1294095225512602 -0.5 27154.17016125553 0.25881904510252091 36946.171975333353 0 60326.931356433146 43957.034054786403 28950.578429239431 20241.179166666672 50890.047597166667 37281.135431750008 1.5000000000000002 19507.616666666672 12234.145103318357 25567.366383004533 18552.162500000002 68798.168294136369 23438.544449234036 -0.12940952255126037 29371.689118434351 1.5000000000000002 -0.12940952255126037 77231.222751000023
decision_type=2 2 2 2 2 2 2 2 2 2 2 1 2 2 2 2 2 2 2 2 2 2 2 2 2 2 2 2 2 2
left_child=1 6 3 4 5 -3 7 9 -8 14 -11 -12 -9 -14 15 16 20 -18 21 -20 -1 -19 -7 25 -25 -15 27 28 -26 -29
right_child=-2 2 -4 -5 -6 22 8 12 -10 10 11 -13 13 23 -16 -17 17 18 19 -21 -22 -23 -24 24 26 -27 -28 29 -30 -31
leaf_value=11.944089846177535 -0.20767263558666871 -11.250609338283539 -16.963254268964132 19.308859586715698 -21.723407085736596 18.018351049008579 2.9927711870850979 -20.606835316249303 29.800217945575714 -18.087866356826964 -15.399818195746498 6.4020699527285521 23.986719149634951 -28.993215612002782 -9.8012812410082137 -9.1875702452659613 38.160076075014864 -5.6378826151634094 9.652509539127351 41.004461824326292 -12.625979026158651 13.193720842019108 -1.7499120031084336 20.690300809420073 -23.203944722281562 0.31324281522205899 7.346207631152609 -11.519218270544862 -5.2766075470868286 7.1482564797768227
leaf_weight=33 5088 26 36 28 36 23 452 35 20 42 26 109 21 28 21 20 23 58 50 21 30 39 28 26 45 28 23 29 34 26
leaf_count=33 5088 26 36 28 36 23 452 35 20 42 26 109 21 28 21 20 23 58 50 21 30 39 28 26 45 28 23 29 34 26
internal_value=1.30047e-09 0.746214 -4.40205 -1.19494 -6.27552 0.946866 1.48168 -0.147243 4.12868 3.33156 -2.61164 2.20319 -5.71333 -3.70843 6.89748 8.17731 9.54462 12.6123 9.11474 18.9256 0.244057 1.93359 7.16519 -6.1419 -3.63319 -14.34 -7.66129 -10.2372 -15.4884 -2.69459
internal_weight=6504 1416 177 141 113 77 1239 767 472 472 177 135 295 260 295 274 254 191 168 71 63 97 51 239 183 56 157 134 79 55
internal_count=6504 1416 177 141 113 77 1239 767 472 472 177 135 295 260 295 274 254 191 168 71 63 97 51 239 183 56 157 134 79 55
cat_boundaries=0 1
cat_threshold=1
is_linear=0
shrinkage=0.05


Tree=257
num_leaves=31
num_cat=4
split_feature=3 1 1 4 1 7 6 3 0 0 2 0 2 5 3 0 3 3 1 4 3 1 3 8 0 2 1 1 7 9
split_gain=367498 500572 5.60346e+06 5.73371e+06 3.60725e+06 6.17143e+06 5.0699e+06 4.48254e+06 4.01156e+06 6.86477e+06 2.8928e+06 4.9308e+06 2.86197e+06 2.50988e+06 4.78956e+06 4.66397e+06 2.91005e+06 9.96791e+06 5.75828e+06 4.44747e+06 5.05204e+06 7.89042e+06 4.17668e+06 3.46187e+06 4.62297e+06 8.99194e+06 4.61014e+06 2.86436e+06 4.60484e+06 3.31825e+06
threshold=30908.467491710664 17679.104166666668 17879.841666666671 1.0000000180025095e-35 17509.145833333339 0 1 20041.714912913416 63260.743154500007 56337.463140666674 35104.966121208352 60224.162688081407 24065.484532333347 0.91597561503675351 21771.451139890323 62443.832710290408 23533.66011257744 23105.948963543899 17495.937500000004 1.0000000180025095e-35 20525.977887032106 17494.979166666668 19385.217026861814 2 69209.566029441587 49766.631122833351 17489.083333333339 17477.004166666669 3 2.5000000000000004
decision_type=2 2 2 2 2 1 1 2 2 2 2 2 2 2 2 2 2 2 2 2 2 2 2 1 2 2 2 2 1 2
left_child=1 4 3 -3 6 -6 7 10 9 -7 12 -12 -1 16 -15 -16 17 19 -19 20 22 -22 -8 24 25 -18 -26 29 -29 -21
right_child=-2 2 -4 -5 5 8 13 -9 -10 -11 11 -13 -14 14 15 -17 23 18 -20 27 21 -23 -24 -25 26 -27 -28 28 -30 -31
leaf_value=-4.1886770216623948 -6.0504965152740482 -37.489104337692261 0.0022609251495420515 -3.3620011866092683 -5.4482568413561046 25.418351173400879 9.5767146983778613 -30.557066399710521 34.249948553605513 -4.0810213577456596 16.327754749457043 -13.73851203918457 -28.60679111480713 -24.341942607439481 17.749626215298971 -14.12242001620206 -12.601726449502481 9.1113532929193415 45.715437351573598 -8.3334583587646485 16.345743057944556 -25.109735997517905 34.537230954851424 11.298487197651582 -3.501395831388586 26.21524411010742 -30.393009719848635 -22.118077777561389 -0.7535222422281902 15.516972710745677
leaf_weight=30 25 20 5547 32 55 38 83 21 22 41 30 25 20 26 24 22 37 21 22 25 22 24 21 34 34 25 30 38 75 35
leaf_count=30 25 20 5547 32 55 38 83 21 22 41 30 25 20 26 24 22 37 21 22 25 22 24 21 34 34 25 30 38 75 35
internal_value=2.40065e-09 0.0233466 -0.150889 -16.4878 1.13192 8.02833 -0.354051 -9.46924 15.3671 10.1086 -5.25168 2.66127 -13.9559 1.56654 -7.18879 2.50647 2.76499 5.22392 27.839 2.21325 8.51415 -5.2832 14.6168 -2.85982 -6.68032 3.05028 -16.1068 -3.24996 -7.93806 5.57929
internal_weight=6504 6479 5599 52 880 156 724 126 101 79 105 55 50 598 72 46 526 366 43 323 150 46 104 160 126 62 64 173 113 60
internal_count=6504 6479 5599 52 880 156 724 126 101 79 105 55 50 598 72 46 526 366 43 323 150 46 104 160 126 62 64 173 113 60
cat_boundaries=0 1 2 3 4
cat_threshold=2 1 4 1
is_linear=0
shrinkage=0.05


Tree=258
num_leaves=31
num_cat=4
split_feature=9 1 1 8 1 3 5 3 1 1 1 6 3 4 5 3 5 1 1 1 7 1 3 3 3 2 3 3 0 7
split_gain=369290 1.92989e+06 5.63946e+06 3.39397e+06 3.21904e+06 2.87924e+06 4.96008e+06 4.10274e+06 5.10576e+06 4.20048e+06 5.95227e+06 4.31512e+06 4.02536e+06 3.72828e+06 3.52068e+06 5.89796e+06 3.70648e+06 4.76141e+06 3.62018e+06 6.78151e+06 3.44319e+06 3.40185e+06 2.7045e+06 2.61839e+06 9.09298e+06 2.58573e+06 5.26959e+06 3.52564e+06 2.54418e+06 2.35543e+06
threshold=2.5000000000000004 20593.920833333341 19715.770833333339 0 19614.333333333339 15811.683412652475 -0.5 24132.652317535834 19609.62272727273 19237.950000000004 19596.858333333334 1 11664.542168402599 -0.25881904510252113 0.1294095225512602 27451.273072404285 0.78656609248549303 19611.895833333336 19605.335606060613 19570.983333333337 2 19596.858333333334 24743.287908519629 24082.656050551508 22380.455764279788 45499.866768958338 23208.128202063202 18137.393422046418 73973.030017533209 3
decision_type=2 2 2 1 2 2 2 2 2 2 2 1 2 2 2 2 2 2 2 2 1 2 2 2 2 2 2 2 2 1
left_child=1 2 4 -4 5 12 7 9 22 13 -11 -12 -1 -7 25 16 29 18 19 23 -14 -21 -9 24 -18 27 -27 -8 -24 -16
right_child=-2 -3 3 -5 -6 6 14 8 -10 10 11 -13 20 -15 15 -17 17 -19 -20 21 -22 -23 28 -25 -26 26 -28 -29 -30 -31
leaf_value=5.5464776200217178 -0.19875651946871209 -8.7396953124266403 26.523636840371523 0.56590983390808114 -9.7809854984283451 18.24814129203558 -1.9406695322556928 -18.512682170122861 22.567807641396158 42.071764308214192 -6.1630478429794309 24.245312772478378 -4.1907805688919559 -4.7181444046109222 -7.3733480980267405 27.145233873887499 7.4769178473431133 -25.511317729949951 13.142768483843122 -30.657810369031182 -28.613923065750686 -6.4395255713627257 12.405799690452781 9.6715204962094639 -32.906323127746582 14.042517048603779 -6.8830538925917253 -29.938205636065945 -2.8227384697716191 6.0972119693460911
leaf_weight=37 5088 52 34 20 73 30 22 20 26 24 20 28 31 43 37 22 46 23 35 29 27 29 37 60 20 37 161 23 106 264
leaf_count=37 5088 52 34 20 73 30 22 20 26 24 20 28 31 43 37 22 46 23 35 29 27 29 37 60 20 37 161 23 106 264
internal_value=4.14736e-09 0.714176 1.07459 16.9097 0.421844 1.02395 1.7197 6.84493 1.99108 13.1717 21.7407 11.5752 -7.33969 4.72006 -0.398898 1.7656 0.737324 -3.86977 -1.59691 -4.40065 -15.5602 -18.5487 -1.2911 2.11193 -4.76043 -5.43157 -2.97272 -16.2505 1.11751 4.44136
internal_weight=6504 1416 1364 54 1310 1237 1142 334 189 145 72 48 95 73 808 565 543 242 219 184 58 58 163 126 66 243 198 45 143 301
internal_count=6504 1416 1364 54 1310 1237 1142 334 189 145 72 48 95 73 808 565 543 242 219 184 58 58 163 126 66 243 198 45 143 301
cat_boundaries=0 1 2 3 4
cat_threshold=4 4 1 1
is_linear=0
shrinkage=0.05


Tree=259
num_leaves=31
num_cat=4
split_feature=1 1 1 6 3 1 0 4 1 3 4 2 3 6 4 1 5 9 5 4 0 1 0 3 6 3 3 6 1 9
split_gain=376389 1.93376e+06 3.29966e+06 3.63607e+06 3.7258e+06 3.29832e+06 2.44251e+06 3.41909e+06 8.07744e+06 4.41335e+06 2.32878e+06 2.28989e+06 1.9956e+06 5.84971e+06 8.23131e+06 4.35447e+06 9.73484e+06 5.2277e+06 2.81545e+06 2.49726e+06 2.0582e+06 1.86825e+06 3.59553e+06 6.55232e+06 5.48534e+06 5.33749e+06 3.35341e+06 3.31799e+06 3.12216e+06 2.94226e+06
threshold=20545.345833333336 20200.775000000005 20102.408333333336 0 23438.544449234036 20211.433333333338 55565.118999500002 0.25881904510252091 20176.562500000004 21157.603557165454 0.91597561503675362 39029.125370806076 22816.074929588034 1 -1.0000000180025095e-35 20241.179166666672 0.78656609248549303 7.5000000000000009 0.78656609248549303 0.37940952255126054 62013.158172333344 21192.020833333339 56337.463140666674 16889.389546719274 2 16941.471242588374 18309.930745627837 3 21546.808333333338 8.5000000000000018
decision_type=2 2 2 1 2 2 2 2 2 2 2 2 2 1 2 2 2 2 2 2 2 2 2 2 1 2 2 1 2 2
left_child=1 2 -1 4 6 11 -4 8 -8 -10 12 -3 13 14 -7 16 20 19 -16 -17 -15 22 25 -24 -25 27 -26 -2 -23 -27
right_child=21 5 3 -5 -6 10 7 -9 9 -11 -12 -13 -14 15 18 17 -18 -19 -20 -21 -22 28 23 24 26 29 -28 -29 -30 -31
leaf_value=-0.15232722721703412 20.566521199544272 -22.484143433426368 -0.50473982004018925 -6.8428754137783514 -7.4540310492882362 -44.103160724639899 29.4352305356194 31.239307396987392 -20.359553165435791 11.442835378646851 6.8648031927134898 -4.8835740668433054 0.72161058711283133 25.19947531461716 -14.243503142302892 -21.959099314429544 -19.045320860544841 12.215916804472606 7.0342192888259891 -1.6285512405893077 5.8691459292457218 -7.4599004921913155 -23.4803452539444 19.780832987926047 20.027652709881465 0.43623097624097557 2.7541149311894486 -0.77699308299670256 0.36573170812203076 -22.311159324645999
leaf_weight=3879 21 33 26 41 26 20 34 29 20 24 73 42 231 40 53 44 24 24 22 23 21 150 20 61 30 21 443 137 848 44
leaf_count=3879 21 33 26 41 26 20 34 29 20 24 73 42 231 40 53 44 24 24 22 23 21 150 20 61 30 21 443 137 848 44
internal_value=2.29917e-08 -0.23303 0.170584 6.43344 9.8569 -2.76586 13.241 16.5811 11.1312 -3.0128 -1.47952 -12.6278 -2.69294 -5.6035 -15.6023 -0.20643 7.9311 -7.80742 -8.00204 -14.98 18.5448 0.620845 2.45926 4.6172 5.66954 -2.90171 3.84969 2.0598 -0.810466 -14.962
internal_weight=6504 4729 4079 200 159 650 133 107 78 44 575 75 502 271 95 176 85 91 75 67 61 1775 777 554 534 223 473 158 998 65
internal_count=6504 4729 4079 200 159 650 133 107 78 44 575 75 502 271 95 176 85 91 75 67 61 1775 777 554 534 223 473 158 998 65
cat_boundaries=0 1 2 3 4
cat_threshold=4 4 1 4
is_linear=0
shrinkage=0.05


Tree=260
num_leaves=31
num_cat=3
split_feature=5 9 4 7 0 9 1 3 1 0 3 3 3 1 1 9 1 1 3 4 3 8 1 1 1 1 6 3 1 0
split_gain=382813 3.11904e+06 3.22698e+06 2.84815e+06 5.17382e+06 1.12779e+07 9.37474e+06 4.92039e+06 5.17549e+06 4.36071e+06 4.29002e+06 4.27915e+06 6.36368e+06 5.4165e+06 5.08103e+06 3.52724e+06 3.85695e+06 3.48933e+06 7.61716e+06 6.84164e+06 6.50793e+06 4.39502e+06 3.05946e+06 7.08127e+06 4.03477e+06 3.02008e+06 2.46255e+06 4.53306e+06 2.63144e+06 2.23268e+06
threshold=-0.78656609248549325 2.5000000000000004 1.0000000180025095e-35 0 53664.030421793403 4.5000000000000009 17879.841666666671 23156.784737210928 18531.924621212125 55448.089057333353 11140.00792902174 11664.542168402599 15385.889429722092 20676.562500000004 19217.645833333339 5.5000000000000009 19907.125000000004 19219.670833333337 13397.635610659798 1.0000000180025095e-35 14103.945144517744 1 20193.854166666672 20230.716666666671 21233.400000000001 20221.150000000001 2 26070.623547587365 21686.137500000001 39539.52726475001
decision_type=2 2 2 1 2 2 2 2 2 2 2 2 2 2 2 2 2 2 2 2 2 1 2 2 2 2 1 2 2 2
left_child=1 2 -1 7 10 6 -6 8 -3 -7 25 -10 -13 14 -14 -11 -17 18 -12 -19 -21 -20 -18 -24 -25 29 -26 28 -28 -5
right_child=-2 3 -4 4 5 9 -8 -9 11 15 17 12 13 -15 -16 16 22 19 21 20 -22 -23 23 24 26 -27 27 -29 -30 -31
leaf_value=10.204283914525631 0.19678017153111818 7.6818386104371816 -0.47031348425116248 -2.7917176697498718 -1.7109130718089915 -22.396092481198522 -40.685962565739949 5.6732543207564454 3.3808574784885757 17.442794979943169 32.305392187520077 -41.166196768624445 -7.1911726518110797 4.589941222579391 -41.575399344308039 -20.23911518096924 15.082374031313003 -16.362299505869547 14.724329727523182 -3.1318183189783344 27.560340444503296 -8.8805849855596364 -28.076849898048067 7.5534705991667472 -20.948128085136418 13.337028320312502 -5.0339526990364343 -11.798869881033898 14.548732980092367 -20.153186381946909
leaf_weight=118 5149 27 177 117 27 23 36 53 22 27 38 28 22 27 21 25 31 36 49 39 31 33 23 123 20 25 29 64 42 22
leaf_count=118 5149 27 177 117 27 23 36 53 22 27 38 28 22 27 21 25 31 36 49 39 31 33 23 123 20 25 29 64 42 22
internal_value=1.26603e-08 -0.747765 3.79953 -2.01328 -0.763416 -4.29614 -23.9824 -7.38772 -12.0968 -1.24889 3.49397 -16.547 -21.0206 -12.9623 -23.9835 0.0177407 -1.30012 7.96117 13.8003 1.35082 10.4604 5.22479 0.126009 -1.41435 0.791542 -2.66204 -4.57437 -2.14863 6.55017 -5.53958
internal_weight=6504 1355 295 1060 860 470 63 200 147 407 390 120 98 70 43 384 357 226 120 106 70 82 332 301 278 164 155 135 71 139
internal_count=6504 1355 295 1060 860 470 63 200 147 407 390 120 98 70 43 384 357 226 120 106 70 82 332 301 278 164 155 135 71 139
cat_boundaries=0 1 2 3
cat_threshold=2 4 1
is_linear=0
shrinkage=0.05


Tree=261
num_leaves=31
num_cat=5
split_feature=3 3 2 0 4 9 1 1 3 7 4 5 1 8 3 0 8 2 3 4 5 3 0 7 7 1 3 3 2 1
split_gain=368898 2.93439e+06 2.29476e+06 3.12155e+06 4.26842e+06 3.14705e+06 2.33357e+06 1.80033e+07 9.92868e+06 9.46916e+06 9.0915e+06 9.09083e+06 4.30876e+06 7.02302e+06 3.9878e+06 3.56387e+06 5.8494e+06 4.65726e+06 3.42119e+06 3.13123e+06 3.95837e+06 3.56054e+06 3.2032e+06 8.51792e+06 5.34391e+06 5.30662e+06 3.47167e+06 5.07468e+06 7.39747e+06 7.17362e+06
threshold=20041.714912913416 20168.005754415968 48232.493053152779 65350.315839364404 -0.91597561503675329 5.5000000000000009 19261.966666666671 19204.258333333335 16941.471242588374 0 1.0000000180025095e-35 1.0000000180025095e-35 19434.437500000004 1 16289.153133173919 61758.219189585936 2 43400.506164191655 13589.341542425629 -0.70710678118654735 0.1294095225512602 16889.389546719274 60224.162688081407 3 4 21309.620833333338 18823.526507476836 19599.110622425625 38139.620460000006 20204.404166666671
decision_type=2 2 2 2 2 2 2 2 2 1 2 2 2 1 2 2 1 2 2 2 2 2 2 1 1 2 2 2 2 2
left_child=2 -2 3 6 5 -5 7 15 14 10 -10 -12 13 -8 18 17 -17 -1 -9 20 21 -14 26 -24 25 -25 -21 28 -28 -29
right_child=1 -3 -4 4 -6 -7 12 8 9 -11 11 -13 19 -15 -16 16 -18 -19 -20 22 -22 -23 23 24 -26 -27 27 29 -30 -31
leaf_value=-0.80221076292553173 -9.9136596132547439 -0.11528229854181966 -16.423039131164554 12.961527644670927 25.226723829905193 -12.733206098729916 -34.441952941894534 -2.1650897741317752 36.445265712160051 45.254637485080302 -22.811733827136813 17.479232343037925 -8.2426339659197581 2.6739803910255433 -17.436186628341677 -34.896949882507322 0.77917450798882382 22.979892143181392 18.425789514340853 0.36648523291279334 -17.519451251878575 12.533286255598069 32.508875974019368 15.291016411396766 -20.843650835210628 -8.8438557783762626 -5.3220984876865431 22.720068338513375 -40.120018931229907 -15.938749172290168
leaf_weight=1044 78 3748 20 26 30 22 25 43 33 36 21 42 58 26 20 20 27 21 38 774 59 32 27 62 22 36 42 24 24 24
leaf_count=1044 78 3748 20 26 30 22 25 43 33 36 21 42 58 26 20 20 27 21 38 774 59 32 27 62 22 36 42 24 24 24
internal_value=1.75461e-08 -0.31504 0.450091 0.577052 10.4317 1.18477 0.279122 1.72005 14.3575 23.3859 15.1852 4.04891 -1.29015 -15.5201 2.55799 -0.927906 -14.4022 -0.333268 7.49483 -0.677204 -7.45406 -0.85564 0.298402 7.13499 1.42587 6.42514 -0.83333 -8.97945 -17.9759 3.39066
internal_weight=6504 3826 2678 2658 78 48 2580 1345 233 132 96 63 1235 51 101 1112 47 1065 81 1184 149 90 1035 147 120 98 888 114 66 48
internal_count=6504 3826 2678 2658 78 48 2580 1345 233 132 96 63 1235 51 101 1112 47 1065 81 1184 149 90 1035 147 120 98 888 114 66 48
cat_boundaries=0 1 2 3 4 5
cat_threshold=4 4 2 1 4
is_linear=0
shrinkage=0.05


Tree=262
num_leaves=31
num_cat=3
split_feature=3 3 2 2 4 3 7 2 1 9 5 4 6 1 1 7 3 4 1 1 0 9 3 1 5 9 3 1 1 0
split_gain=368057 6.23259e+06 2.4137e+06 1.74133e+06 1.89269e+06 3.57741e+06 2.71276e+06 5.60408e+06 3.475e+06 3.6287e+06 3.3811e+06 3.01885e+06 2.39277e+06 4.04209e+06 7.83708e+06 1.05429e+07 8.50178e+06 5.53435e+06 7.92574e+06 5.08718e+06 4.31691e+06 1.57075e+07 4.03913e+06 3.85582e+06 6.81215e+06 3.53593e+06 3.12571e+06 2.75308e+06 2.30953e+06 2.07424e+06
threshold=17989.580444969844 17930.13998384761 33598.988840666665 44071.830557333342 -0.5 17584.411056035919 0 38012.577080063071 17507.070833333339 5.5000000000000009 -0.12940952255126037 -0.78656609248549303 1 17512.470833333336 19204.258333333335 2 17266.213343683274 -1.0000000180025095e-35 20108.779166666671 19715.770833333339 51644.997365378797 4.5000000000000009 16941.471242588374 19231.125000000004 -0.70710678118654757 5.5000000000000009 15259.589545942401 19405.683333333334 18913.854166666675 51644.997365378797
decision_type=2 2 2 2 2 2 1 2 2 2 2 2 1 2 2 1 2 2 2 2 2 2 2 2 2 2 2 2 2 2
left_child=1 3 -2 4 5 6 7 28 -8 -10 -9 -11 13 -6 15 20 -17 27 19 22 21 -15 23 24 -19 -20 -21 -16 -1 -27
right_child=2 -3 -4 -5 12 -7 8 10 9 11 -12 -13 -14 14 17 16 -18 18 25 26 -22 -23 -24 -25 -26 29 -28 -29 -30 -31
leaf_value=-4.8282347030639654 -16.050246969858804 24.908273117358871 -0.15300288491266834 14.564595921834311 22.709850897612398 -20.113465009416856 20.929582038133042 19.822102006276452 -5.3476941363429127 1.4017655190181089 -2.0929653109926165 24.790396991643039 -0.50486465434511607 14.88468387267169 4.5089645385742188 -47.308562866846728 -3.168745121955872 14.879941594123842 -15.182168776648385 19.643904168265209 15.417677388693157 -39.336239693381572 28.19112210954939 21.967579428354899 -23.748883288247246 19.43784986972809 47.263155822753909 -18.975046546642599 -19.121748250814587 0.54019150643978475
leaf_weight=50 24 26 4660 21 27 28 23 24 106 37 66 22 897 34 24 24 20 25 28 21 38 22 28 24 21 20 20 26 65 53
leaf_count=50 24 26 4660 21 27 28 23 24 106 37 66 22 897 34 24 24 20 25 28 21 38 22 28 24 21 20 20 26 65 53
internal_value=-1.16297e-08 0.603406 -0.234458 0.251162 0.0816287 -2.84591 -1.61565 -5.59381 2.72223 0.184233 3.75105 10.123 0.993237 3.94664 2.76298 -7.04512 -27.245 7.43028 10.583 18.3283 2.41015 -6.41639 12.1413 5.72134 -2.75496 -0.0763721 33.1167 -7.70272 -12.9072 5.71763
internal_weight=6504 1820 4684 1794 1773 421 393 205 188 165 90 59 1352 455 428 138 44 290 240 139 94 56 98 70 46 101 41 50 115 73
internal_count=6504 1820 4684 1794 1773 421 393 205 188 165 90 59 1352 455 428 138 44 290 240 139 94 56 98 70 46 101 41 50 115 73
cat_boundaries=0 1 2 3
cat_threshold=4 4 4
is_linear=0
shrinkage=0.05


Tree=263
num_leaves=31
num_cat=2
split_feature=2 5 9 1 4 4 1 1 0 1 8 4 0 1 1 1 2 0 3 0 3 7 2 0 3 1 1 3 2 3
split_gain=400396 469648 2.70398e+06 3.59037e+06 2.5954e+06 2.33504e+06 4.57289e+06 2.84787e+06 8.9272e+06 4.13919e+06 3.61442e+06 3.44728e+06 3.11628e+06 3.71885e+06 3.61743e+06 3.02335e+06 4.16582e+06 2.62346e+06 5.75494e+06 3.93478e+06 3.53655e+06 2.59649e+06 4.29382e+06 2.09791e+06 2.08329e+06 1.97375e+06 1.94714e+06 3.70107e+06 2.41681e+06 1.92552e+06
threshold=13588.855936500004 -0.78656609248549325 2.5000000000000004 17507.070833333339 1.0000000180025095e-35 1.0000000180025095e-35 18354.39166666667 19231.125000000004 62236.308236999997 18172.016666666666 0 0.37940952255126054 58534.263873850148 18543.879166666669 18354.39166666667 19157.266666666674 28433.995769833342 53664.030421793403 14424.000396325237 56592.441907333334 21600.004328367675 1 46036.015834208338 41469.130444833354 16696.600854042033 20710.675000000003 20230.716666666671 25365.639862003631 53770.491026833326 9725.5047294310389
decision_type=2 2 2 2 2 2 2 2 2 2 1 2 2 2 2 2 2 2 2 2 2 1 2 2 2 2 2 2 2 2
left_child=-1 2 3 -2 -5 6 -4 8 12 -10 25 17 13 14 23 -15 -17 18 -12 -19 -21 22 -8 -7 -6 -9 -22 -28 -29 -3
right_child=1 29 5 4 24 7 21 10 9 -11 11 -13 -14 15 -16 16 -18 19 -20 20 26 -23 -24 -25 -26 -27 27 28 -30 -31
leaf_value=6.1923932002140925 -8.6512722716611972 10.983799648866421 6.2212604929606128 12.325017572691044 -9.7706526663995561 -11.962437744438649 -25.139786343044705 -14.499942738704739 -10.116284093402681 -41.899271507263187 -1.9631148338317872 12.457429688350828 18.709116363525393 21.16735965112845 -22.403566791165261 11.613713210204551 -18.048537889719011 -22.876031084060671 31.145481745402023 15.378555336594582 -17.261481984456381 -5.2377817566141545 1.4170411213584568 4.7841966349683291 4.8614178123727312 2.2918451690673827 16.204677708943688 -20.642022886730377 1.1875306688249112 0.10481017827608433
leaf_weight=26 51 41 75 96 31 32 45 42 21 20 35 102 20 24 31 29 20 20 21 32 21 273 23 45 113 30 24 21 32 5108
leaf_count=26 51 41 75 96 31 32 45 42 21 20 35 102 20 24 31 29 20 20 21 32 21 273 23 45 113 30 24 21 32 5108
internal_value=1.47193e-08 -0.0248537 -0.862835 3.39669 5.95688 -2.05698 -4.95677 -0.117567 -4.35711 -25.6202 2.58235 4.94005 -0.0198699 -2.08937 -7.98166 6.62799 -0.493328 1.21786 10.4526 -2.22978 0.946565 -7.41529 -16.1573 -2.17544 1.71146 -7.50336 -3.76592 -0.0853147 -7.46192 0.191436
internal_weight=6504 6478 1329 291 240 1038 416 622 242 41 380 308 201 181 108 73 49 206 56 150 130 341 68 77 144 72 98 77 53 5149
internal_count=6504 6478 1329 291 240 1038 416 622 242 41 380 308 201 181 108 73 49 206 56 150 130 341 68 77 144 72 98 77 53 5149
cat_boundaries=0 1 2
cat_threshold=2 2
is_linear=0
shrinkage=0.05


Tree=264
num_leaves=31
num_cat=2
split_feature=0 5 3 1 0 0 9 1 7 9 7 1 1 9 1 3 1 1 1 4 1 4 1 1 0 0 2 9 1 1
split_gain=394240 3.37508e+06 2.43437e+06 1.97271e+06 3.27427e+06 1.7656e+06 1.33333e+06 2.24439e+06 1.29022e+06 887040 840031 3.42652e+06 1.01911e+07 4.64385e+06 1.09392e+07 3.85486e+06 4.05136e+06 5.70074e+06 5.30064e+06 9.17995e+06 3.74337e+06 3.34725e+06 3.06852e+06 3.03924e+06 6.51714e+06 5.10034e+06 7.86222e+06 7.59891e+06 5.48163e+06 2.43194e+06
threshold=42890.444056500004 -0.70710678118654757 11140.00792902174 20200.775000000005 40543.413127000014 43312.049806833333 4.5000000000000009 17751.417424242427 0 2.5000000000000004 1 21834.804166666672 20681.966666666671 8.5000000000000018 20438.316666666669 17100.780318021101 17879.841666666671 18816.562500000004 19609.62272727273 -1.0000000180025095e-35 22001.545833333337 -1.0000000180025095e-35 20167.237500000003 17505.991666666672 56670.131892500001 56670.131892500001 38811.95820683334 1.5000000000000002 19611.112500000003 19577.379166666669
decision_type=2 2 2 2 2 2 2 2 1 2 1 2 2 2 2 2 2 2 2 2 2 2 2 2 2 2 2 2 2 2
left_child=1 2 3 4 6 -2 7 9 -8 -1 11 12 13 14 15 16 -7 -18 19 -19 -13 -16 -20 24 -17 -25 -27 28 -28 -29
right_child=5 -3 -4 -5 -6 10 8 -9 -10 -11 -12 20 -14 -15 21 23 17 18 22 -21 -22 -23 -24 25 -26 26 27 29 -30 -31
leaf_value=4.252753167152405 -13.085760301810044 15.092723551029113 13.195315466255977 10.409140346668385 -22.171010728315878 13.876086711883545 -12.79649619460106 12.965154115157203 1.0550167708561338 -7.6967981338500984 0.18517083656394517 -20.457702938926982 22.017765963331186 -20.101977679308725 6.3143178094517109 -33.548482711315152 -14.403162601590157 -6.664195796576414 -14.533945503750363 37.220475541628325 1.3221690682803884 32.177894237123688 3.7168590113764908 12.054242661514799 1.8277912181356681 -37.880932264328003 30.623840622674852 -4.2874277652578154 -2.252098523080349 -19.842100327544742
leaf_weight=25 26 41 29 27 22 50 40 32 29 41 5455 47 47 34 22 30 64 22 37 26 34 29 61 37 23 20 21 47 32 54
leaf_count=25 26 41 29 27 22 50 40 32 29 41 5455 47 47 34 22 30 64 22 37 26 34 29 61 37 23 20 21 47 32 54
internal_value=1.89403e-09 1.81511 -0.40686 -2.23308 -4.03911 -0.0834868 -1.65047 2.09832 -6.97485 -3.17045 -0.0288907 -1.61329 -0.415305 -2.14659 -1.08488 -3.23642 1.08498 -1.96052 3.49378 17.1067 -11.3155 21.0211 -3.17375 -7.49233 -18.1965 -4.80361 -8.38832 -4.55811 10.7742 -12.6038
internal_weight=6504 286 245 216 189 6218 167 98 69 66 6192 737 656 609 575 524 260 210 146 48 81 51 98 264 53 211 174 154 53 101
internal_count=6504 286 245 216 189 6218 167 98 69 66 6192 737 656 609 575 524 260 210 146 48 81 51 98 264 53 211 174 154 53 101
cat_boundaries=0 1 2
cat_threshold=4 1
is_linear=0
shrinkage=0.05


Tree=265
num_leaves=31
num_cat=2
split_feature=9 3 9 5 1 4 3 8 1 2 2 3 3 1 1 1 0 4 5 3 5 3 0 3 1 2 4 1 4 6
split_gain=397136 3.05312e+06 1.16139e+07 1.25076e+07 8.71847e+06 1.20392e+07 9.64495e+06 8.59439e+06 8.73917e+06 6.17327e+06 9.3785e+06 1.00705e+07 6.19302e+06 4.5528e+06 1.99945e+07 1.60549e+07 7.54402e+06 1.52811e+07 6.89694e+06 6.76581e+06 4.51186e+06 4.60151e+06 7.56778e+06 7.26367e+06 5.28658e+06 3.44079e+06 3.43871e+06 6.02331e+06 3.03917e+06 5.47033e+06
threshold=4.5000000000000009 19927.8236823562 3.5000000000000004 -0.70710678118654757 18543.879166666669 0.91597561503675362 21518.415203754997 0 18188.416666666668 47503.149048551633 42192.957115708341 20595.376116464529 20847.572023428449 19236.020833333336 19223.979166666668 19605.335606060613 60647.829716333341 0.37940952255126054 -0.78656609248549325 14942.52297533327 0.91597561503675351 21352.320186235022 62443.832710290408 24132.652317535834 17501.095833333336 46426.86133883334 -0.25881904510252113 19229.07916666667 -0.70710678118654735 1
decision_type=2 2 2 2 2 2 2 1 2 2 2 2 2 2 2 2 2 2 2 2 2 2 2 2 2 2 2 2 2 1
left_child=1 7 20 -4 -5 6 9 8 -1 10 11 -6 -12 14 -9 18 17 -17 -15 -16 -3 -22 24 25 -23 -24 -21 -28 29 -2
right_child=28 2 3 4 5 -7 -8 13 -10 -11 12 -13 -14 15 19 16 -18 -19 -20 26 21 22 23 -25 -26 -27 27 -29 -30 -31
leaf_value=-6.109722366333008 -9.8036571865440703 1.2441515243177215 -38.045671102162956 21.110346710205079 9.1273157835006717 -42.016208373583282 -29.307176547580298 -0.62890917479535169 34.913202976536105 -19.726535213694856 0.42187416267395017 -28.186535829486271 33.413844160600142 -6.1357931545802522 0.58718726348876948 11.976230097925942 21.631056086961614 -39.257742610844701 -38.172189371358783 48.376608562469485 -22.817549716101752 33.482485055923462 -40.215937293659557 -1.8290356551066485 -0.17517382758004327 -11.561145591735841 42.971555757522587 9.6072100731634329 1.1842721101499663 -0.18491415669520697
leaf_weight=20 186 1246 37 25 40 26 36 783 37 34 25 33 33 28 25 43 43 22 42 20 36 20 22 101 28 20 24 31 2718 720
leaf_count=20 186 1246 37 25 40 26 36 783 37 34 25 33 33 28 25 43 43 22 42 20 36 20 22 101 28 20 24 31 2718 720
internal_value=1.40382e-08 -0.438275 -1.73505 -10.8996 -6.91382 -10.0002 -5.85881 1.60547 20.5192 -0.742797 4.18428 -7.74059 19.1932 0.589374 2.05993 -6.70557 5.38373 -5.3645 -25.3576 23.1135 0.0630141 -6.42023 -3.32964 -9.09585 13.8489 -26.5708 30.6223 24.1662 0.348298 -2.15962
internal_weight=6504 2880 1762 289 252 227 201 1118 57 165 131 73 58 1061 883 178 108 65 70 100 1473 227 191 143 48 42 75 55 3624 906
internal_count=6504 2880 1762 289 252 227 201 1118 57 165 131 73 58 1061 883 178 108 65 70 100 1473 227 191 143 48 42 75 55 3624 906
cat_boundaries=0 1 2
cat_threshold=1 2
is_linear=0
shrinkage=0.05


Tree=266
num_leaves=31
num_cat=4
split_feature=2 5 9 1 4 7 9 0 9 1 3 9 3 0 0 1 8 1 1 1 3 8 3 2 1 3 3 8 3 2
split_gain=379746 464061 2.38522e+06 3.27257e+06 2.33701e+06 2.19175e+06 4.16897e+06 4.46959e+06 9.61281e+06 6.49625e+06 5.12101e+06 4.33363e+06 4.15616e+06 4.59796e+06 6.38091e+06 4.09916e+06 3.86893e+06 3.80479e+06 6.09427e+06 4.86902e+06 4.40998e+06 4.01196e+06 3.69784e+06 4.06266e+06 3.06867e+06 7.17185e+06 5.93822e+06 4.66548e+06 2.51446e+06 2.43031e+06
threshold=13588.855936500004 -0.78656609248549325 2.5000000000000004 17507.070833333339 1.0000000180025095e-35 0 8.5000000000000018 54119.268705382616 4.5000000000000009 18422.837500000005 11140.00792902174 5.5000000000000009 23156.784737210928 63658.391952583341 59180.090122591078 19715.770833333339 1 20193.854166666672 20230.716666666671 21445.600000000002 26946.230957421289 2 11664.542168402599 28075.472575999996 19219.670833333337 13397.635610659798 13760.266708748344 3 17157.242331497462 41500.816868833332
decision_type=2 2 2 2 2 1 2 2 2 2 2 2 2 2 2 2 1 2 2 2 2 1 2 2 2 2 2 1 2 2
left_child=-1 2 3 -2 -5 12 7 10 9 -9 -7 -10 13 14 22 -13 -8 -17 -19 -20 21 -21 -4 -24 25 -12 -26 -27 -18 -30
right_child=1 -3 5 4 -6 6 16 8 11 -11 24 15 -14 -15 -16 17 28 18 19 20 -22 -23 23 -25 26 27 -28 -29 29 -31
leaf_value=6.0305909963754516 -8.3589962014964989 0.19079555781978871 3.4722157369960436 11.630491945395868 1.5591123407499659 -5.8111755098615383 -9.074243490219116 -5.4123531194833614 15.967049095548433 -38.613335104549634 30.029631393834165 -24.093029610315959 5.3221645577898569 -32.670209230695455 10.743585139683315 12.382037191133243 24.65181621428459 -28.752992212772369 5.2167730546212416 5.8240145079943604 -24.897900997508657 -16.728769109827098 -38.411620596476965 -12.044086441894372 -13.853450126182743 13.464297854666619 13.583012239086001 -10.446996728111717 -2.3506913892684445 19.100569008744284
leaf_weight=26 51 5149 22 96 144 126 25 26 29 34 38 24 53 21 35 37 31 24 111 49 33 33 21 48 41 51 38 34 31 23
leaf_count=26 51 5149 22 96 144 126 25 26 29 34 38 24 53 21 35 37 31 24 111 49 33 33 21 48 41 51 38 34 31 23
internal_value=-2.60483e-08 -0.0242043 -0.857187 3.1434 5.58766 -1.97874 -0.856309 -2.22717 -5.77485 -24.2262 2.09927 -2.51872 -6.68173 -11.0097 -7.39957 -4.24248 8.21629 -2.5825 -4.79725 -2.25328 -9.46351 -3.25211 -14.3777 -20.069 7.03352 11.9724 -0.656164 3.89978 13.3017 6.78596
internal_weight=6504 6478 1329 291 240 1038 838 728 400 60 328 340 200 147 126 311 110 287 250 226 115 82 91 69 202 123 79 85 85 54
internal_count=6504 6478 1329 291 240 1038 838 728 400 60 328 340 200 147 126 311 110 287 250 226 115 82 91 69 202 123 79 85 85 54
cat_boundaries=0 1 2 3 4
cat_threshold=2 2 4 4
is_linear=0
shrinkage=0.05


Tree=267
num_leaves=31
num_cat=2
split_feature=3 4 2 1 2 2 4 0 4 3 1 2 5 7 1 1 9 1 3 4 1 1 2 3 2 8 4 3 4 1
split_gain=371137 1.50903e+06 969459 1.45092e+06 1.18059e+06 1.41963e+06 2.28679e+06 1.63963e+06 2.64821e+06 1.49952e+06 2.2993e+06 1.14373e+06 1.13968e+06 884020 3.93593e+06 8.48818e+06 3.82502e+06 1.02142e+07 3.46626e+06 3.06329e+06 2.8631e+06 5.02266e+06 7.16705e+06 1.0532e+07 5.01381e+06 2.93152e+06 8.23574e+06 1.33026e+07 7.18139e+06 2.74558e+06
threshold=9009.7655346716001 0.37940952255126054 20574.646844833343 19204.258333333335 22276.536217310058 23684.236161992922 1.0000000180025095e-35 44437.780449749996 -0.25881904510252113 12234.145103318357 20658.583333333339 24621.747477541674 -0.9159756150367534 0 21834.804166666672 20681.966666666671 8.5000000000000018 20438.316666666669 21561.659067585028 -1.0000000180025095e-35 18816.562500000004 19609.62272727273 37596.008449357752 19179.830461032248 32911.768865474369 1 -0.25881904510252113 17531.87540002292 -1.0000000180025095e-35 18188.416666666668
decision_type=2 2 2 2 2 2 2 2 2 2 2 2 2 1 2 2 2 2 2 2 2 2 2 2 2 1 2 2 2 2
left_child=1 -1 3 -2 12 6 -6 8 -7 10 -9 -10 -4 14 15 16 17 18 20 -19 25 22 24 -24 -22 26 -11 29 -27 -28
right_child=2 -3 4 -5 5 7 -8 9 11 13 -12 -13 -14 -15 -16 -17 -18 19 -20 -21 21 -23 23 -25 -26 28 27 -29 -30 -31
leaf_value=-0.30585406780242924 -16.23634101826212 12.480007307330768 15.82605122483295 0.45554715792338057 2.1990762307093692 -6.6911909988770892 -18.771532711615929 -18.91808171455677 20.829171019334062 5.2470969342268434 3.3262858572460363 6.387170452907168 0.80489159992762982 0.20377431168397386 -12.34877216908839 20.304760194861373 -19.394693196217219 6.1838290301236247 -18.183736211061479 30.926062317552237 8.4212209333073016 -3.7954035772753594 -22.032552855590296 23.845043797926472 42.177738198367031 -15.986601048249467 2.7384290633663055 -51.596515035629274 20.201838710390291 -17.983949089050295
leaf_weight=100 23 30 23 30 26 24 26 26 26 52 21 29 28 5389 77 46 30 22 36 29 22 173 29 22 22 26 31 24 29 33
leaf_count=100 23 30 23 30 26 24 26 26 26 52 21 29 28 5389 77 46 30 22 36 29 22 173 29 22 22 26 31 24 29 33
internal_value=-9.9671e-09 2.64473 -0.0539402 -6.7881 0.00252405 -0.0591039 -8.28623 0.00969802 7.16706 -0.0824068 -8.97911 13.2143 7.57914 -0.0137685 -1.68139 -0.369268 -2.00893 -1.06062 -3.23896 20.2529 -2.07694 1.27694 10.5139 -2.24222 25.2995 -6.68638 -10.5289 -19.8511 3.09458 -7.94655
internal_weight=6504 130 6374 53 6321 6270 52 6218 79 6139 47 55 51 6092 703 626 580 550 499 51 463 268 95 51 44 195 140 88 55 64
internal_count=6504 130 6374 53 6321 6270 52 6218 79 6139 47 55 51 6092 703 626 580 550 499 51 463 268 95 51 44 195 140 88 55 64
cat_boundaries=0 1 2
cat_threshold=1 4
is_linear=0
shrinkage=0.05


Tree=268
num_leaves=31
num_cat=1
split_feature=3 3 3 2 3 2 0 3 0 1 3 0 9 1 3 3 5 1 1 5 5 9 1 1 0 9 3 7 1 1
split_gain=367637 3.83605e+06 3.2945e+06 1.9926e+06 5.41511e+06 2.61258e+06 5.44657e+06 4.14306e+06 3.92463e+06 5.56762e+06 8.37769e+06 2.78614e+06 2.58045e+06 3.41534e+06 2.46818e+06 4.81291e+06 3.02218e+06 2.92376e+06 2.39095e+06 2.08861e+06 3.03693e+06 4.6852e+06 2.70913e+06 2.87377e+06 4.44055e+06 3.77122e+06 4.4042e+06 2.04819e+06 1.99959e+06 4.96772e+06
threshold=22662.117511438799 22703.779705803765 22610.492374998368 40709.607548207867 23105.948963543899 42007.185468825686 62443.832710290408 23970.271276843097 67129.338528666689 17523.445833333335 23867.232180293682 67473.02396694418 7.5000000000000009 21309.620833333338 23208.128202063202 24195.693601173767 0.78656609248549303 19566.029166666671 19596.858333333334 -0.12940952255126037 -0.5 8.5000000000000018 17505.991666666672 21649.529166666671 77231.222751000023 1.5000000000000002 28950.578429239431 0 21309.620833333338 21887.366666666672
decision_type=2 2 2 2 2 2 2 2 2 2 2 2 2 2 2 2 2 2 2 2 2 2 2 2 2 2 2 1 2 2
left_child=2 -2 -1 4 -3 -5 7 -7 9 10 -8 -10 14 -14 18 16 -16 -17 -11 20 21 28 -22 24 27 26 -26 -24 -13 -30
right_child=1 3 -4 5 -6 6 8 -9 11 12 -12 19 13 -15 15 17 -18 -19 -20 -21 22 -23 23 -25 25 -27 -28 -29 29 -31
leaf_value=0.16809745555855227 -19.990457504272463 -8.2963243484497067 18.372746948242188 -10.487574341893197 22.980066071787192 29.311315561223918 -40.792629641752981 1.3472656850631421 14.475829514335183 -7.1919756317138681 -2.3066921880168301 1.0915666315733115 22.179571836644953 -2.6976006636748444 -8.7230657230724002 9.8673970020178601 -34.644605742330135 -7.5055570725556269 16.446026772001513 1.9275224738718604 6.8133262024985415 19.921691018959574 -24.679897637819423 2.0219193786382674 -25.938811205228173 5.8243256006240847 3.1427011241083562 -7.0471658955449641 -14.125082732409965 2.9335762070805842
leaf_weight=4204 25 25 25 64 31 27 26 26 34 20 31 457 22 37 22 33 23 91 23 782 36 29 58 56 30 50 23 23 82 89
leaf_count=4204 25 25 25 64 31 27 26 26 34 20 31 457 22 37 22 33 23 91 23 782 36 29 58 56 30 50 23 23 82 89
internal_value=-1.61372e-08 -0.512528 0.275715 -0.296106 9.01739 -0.533825 -0.234746 15.5931 -0.638634 -5.65754 -19.8617 0.30259 -2.66995 6.57863 -5.24385 -7.96518 -21.9719 -2.88211 5.45161 0.0216044 -1.57585 0.273069 -5.97709 -7.89566 -10.914 -4.02588 -13.3185 -19.6731 -0.634272 -5.2466
internal_weight=6504 2275 4229 2250 56 2194 2130 53 2077 328 57 1749 271 59 212 169 45 124 43 1715 933 657 276 240 184 103 53 81 628 171
internal_count=6504 2275 4229 2250 56 2194 2130 53 2077 328 57 1749 271 59 212 169 45 124 43 1715 933 657 276 240 184 103 53 81 628 171
cat_boundaries=0 1
cat_threshold=4
is_linear=0
shrinkage=0.05


Tree=269
num_leaves=31
num_cat=3
split_feature=5 9 3 4 2 3 2 0 1 3 4 1 9 8 8 3 1 3 0 4 3 2 7 0 3 3 3 0 9 0
split_gain=350245 2.28863e+06 3.08727e+06 2.64081e+06 4.62011e+06 2.3307e+06 4.04454e+06 3.28943e+06 3.02899e+06 2.5567e+06 2.04531e+06 4.05694e+06 2.50056e+06 3.52067e+06 2.97254e+06 2.6345e+06 8.21793e+06 3.3175e+06 2.63385e+06 2.20051e+06 2.11817e+06 3.53859e+06 4.35325e+06 1.99574e+06 1.92532e+06 2.67392e+06 1.66234e+06 3.10593e+06 1.65688e+06 3.75125e+06
threshold=-0.78656609248549325 2.5000000000000004 29523.157306080608 0.25881904510252091 37184.201930500014 25502.914030895587 46302.041583484701 50890.047597166667 19237.950000000004 14103.945144517744 1.0000000180025095e-35 19052.983333333337 3.5000000000000004 0 1 21600.004328367675 19730.95416666667 25365.639862003631 61133.692575770321 0.25881904510252091 17473.214995624006 29825.346077166669 2 58279.807229810242 12884.62846946177 9725.5047294310389 11408.823827101494 47480.638253416662 6.5000000000000009 60647.829716333341
decision_type=2 2 2 2 2 2 2 2 2 2 2 2 2 1 1 2 2 2 2 2 2 2 1 2 2 2 2 2 2 2
left_child=1 2 3 5 -5 6 7 9 -9 -1 11 26 14 -14 -12 18 -17 -18 20 -19 21 24 -23 -22 25 -15 -3 -28 29 -13
right_child=-2 10 -4 4 -6 -7 -8 8 -10 -11 12 28 13 15 -16 16 17 19 -20 -21 23 22 -24 -25 -26 -27 27 -29 -30 -31
leaf_value=10.972838678956032 0.18822350540808114 -4.7460607575207225 -14.41010048907736 -16.674493122802062 5.6400074847757002 23.785260671648114 -7.9288763595593954 4.9833855223655705 29.787887920439246 -11.556712346076965 -13.299063180070934 -6.9956391901718948 -6.9314210698718117 -3.1709131002426147 6.3943663985640917 -23.570758990680474 14.321701318390517 -12.903272129694622 22.962533881447534 3.6817738167444869 -16.044374988192605 25.861556690389463 1.6243595570325853 4.3462904521397183 -8.4274745507673785 14.566671471263087 23.595049858093262 1.3661281238902701 -4.4481393639246631 -27.026544386340728
leaf_weight=34 5149 41 23 34 73 22 37 20 32 20 66 95 105 42 27 34 49 30 22 60 21 44 32 28 33 43 22 55 180 31
leaf_count=34 5149 41 23 34 73 22 37 20 32 20 66 95 105 42 27 34 49 30 22 60 21 44 32 28 33 43 22 55 180 31
internal_value=2.59663e-08 -0.715249 3.17995 4.66734 -1.45058 8.63473 6.30387 11.2719 20.2477 2.62856 -1.79929 -4.48923 -0.00599654 1.29149 -7.58162 3.26273 -1.53661 3.85303 6.39589 -1.84657 4.89603 7.24211 15.6564 -4.39257 1.82273 5.80222 3.38678 7.71725 -7.52638 -11.9239
internal_weight=6504 1355 295 272 107 165 143 106 52 54 1060 424 636 543 93 438 173 139 265 90 243 194 76 49 118 85 118 77 306 126
internal_count=6504 1355 295 272 107 165 143 106 52 54 1060 424 636 543 93 438 173 139 265 90 243 194 76 49 118 85 118 77 306 126
cat_boundaries=0 1 2 3
cat_threshold=2 4 4
is_linear=0
shrinkage=0.05


Tree=270
num_leaves=31
num_cat=5
split_feature=3 6 7 4 9 3 1 4 1 3 0 0 3 1 3 4 6 1 8 0 0 2 0 1 3 3 6 1 0 2
split_gain=385497 1.31237e+06 4.49594e+06 1.32349e+06 637373 5.72869e+06 8.70248e+06 6.30041e+06 9.30136e+06 4.36548e+06 5.50598e+06 4.32094e+06 6.88556e+06 4.04967e+06 5.48076e+06 4.6981e+06 2.65915e+06 1.95021e+06 3.78875e+06 4.54363e+06 3.69076e+06 1.66122e+06 2.48053e+06 5.28819e+06 1.37363e+06 3.34578e+06 5.29435e+06 5.55222e+06 2.88902e+06 5.52415e+06
threshold=9447.6797004382988 0 1 0.37940952255126054 8.5000000000000018 22272.336827037605 20665.012500000001 -0.70710678118654735 20672.245833333338 19750.358280652104 59180.090122591078 63971.549820291671 19179.830461032248 21591.341666666671 19989.367311169004 0.60355339059327384 2 20702.375000000004 3 49494.73759937501 50269.209296833345 30872.559557621607 55448.089057333353 20687.725000000006 22520.025859572128 22816.074929588034 4 20221.150000000001 71838.048692229684 51620.8636210759
decision_type=2 1 1 2 2 2 2 2 2 2 2 2 2 2 2 2 1 2 1 2 2 2 2 2 2 2 1 2 2 2
left_child=1 -1 -3 -4 24 6 9 8 -7 10 -6 12 16 14 -14 -16 17 -8 19 -19 -20 -18 -23 -24 28 26 -26 -28 29 -2
right_child=4 2 3 -5 5 7 11 -9 -10 -11 -12 -13 13 -15 15 -17 21 18 20 -21 -22 22 23 -25 25 -27 27 -29 -30 -31
leaf_value=11.48313161469996 0.71577003191668032 -19.825229246720028 0.86022715977260045 13.269929654367509 -23.703809184412805 24.969821010936393 -11.620860830307008 17.143246428583947 -13.037143613497419 -33.257333871722224 8.584055942037832 12.042514144049751 -26.207237921442307 -32.186540540059404 -14.680409132915996 16.632083984375001 19.122946312313989 -26.853601322174075 27.143105564117434 5.7320695711218796 -3.2326946008205413 -7.6700931433475379 22.234947998459276 -4.3209791685405525 10.22977260180882 -0.39199462623774323 -22.522075469566115 3.7258132046666641 12.314289202780095 -23.871053131766942
leaf_weight=32 3401 23 70 31 31 22 50 76 60 32 23 54 28 24 23 25 21 20 20 23 20 33 37 38 28 2088 66 29 53 23
leaf_count=32 3401 23 70 31 31 22 50 76 60 32 23 54 28 24 23 25 21 20 20 23 20 33 37 38 28 2088 66 29 53 23
internal_value=4.20935e-09 2.45554 0.125834 4.66915 -0.060344 -1.53115 -4.14453 6.77212 -2.84015 -18.6235 -9.95157 -1.15129 -3.11942 -14.2813 -8.62697 1.62818 1.14082 -3.82007 0.879202 -9.42406 11.9552 6.25554 3.75354 8.77994 0.11032 -0.86407 -8.87784 -14.5096 0.729927 0.550613
internal_weight=6504 156 124 101 6348 660 502 158 82 86 54 416 362 100 76 48 262 133 83 43 40 129 108 75 5688 2211 123 95 3477 3424
internal_count=6504 156 124 101 6348 660 502 158 82 86 54 416 362 100 76 48 262 133 83 43 40 129 108 75 5688 2211 123 95 3477 3424
cat_boundaries=0 1 2 3 4 5
cat_threshold=1 4 2 4 1
is_linear=0
shrinkage=0.05


Tree=271
num_leaves=31
num_cat=2
split_feature=2 5 9 1 4 7 2 3 4 9 0 9 1 3 9 1 1 1 1 1 8 1 2 3 0 1 1 3 3 0
split_gain=371357 418979 1.93414e+06 2.82706e+06 2.00478e+06 1.84885e+06 3.87486e+06 3.73867e+06 4.34215e+06 3.60288e+06 3.69569e+06 8.49391e+06 5.77644e+06 4.43021e+06 4.01703e+06 3.54398e+06 3.48043e+06 5.48702e+06 4.31323e+06 3.90232e+06 3.38006e+06 2.80005e+06 2.70093e+06 4.54281e+06 3.00043e+06 2.61206e+06 5.09625e+06 5.34613e+06 2.59931e+06 2.39773e+06
threshold=13588.855936500004 -0.78656609248549325 2.5000000000000004 17507.070833333339 1.0000000180025095e-35 0 37693.703530910403 11664.542168402599 0.25881904510252091 8.5000000000000018 54119.268705382616 4.5000000000000009 18422.837500000005 11140.00792902174 5.5000000000000009 19715.770833333339 20193.854166666672 20230.716666666671 21445.600000000002 21916.975000000002 1 17497.700000000004 40868.395504912864 23156.784737210928 63658.391952583341 18531.924621212125 19219.670833333337 13760.266708748344 14942.52297533327 53516.107807333348
decision_type=2 2 2 2 2 1 2 2 2 2 2 2 2 2 2 2 2 2 2 2 1 2 2 2 2 2 2 2 2 2
left_child=-1 2 3 -2 -5 6 7 -4 -9 10 13 12 -12 -7 -13 -16 -17 -18 -19 -20 -11 -15 -8 24 -24 -23 28 -28 -27 -22
right_child=1 -3 5 4 -6 9 22 8 -10 20 11 14 -14 21 15 16 17 18 19 -21 29 25 23 -25 -26 26 27 -29 -30 -31
leaf_value=5.9636152780972997 -7.9037619674907011 0.18035424342576128 2.8818194172599103 10.655712779735525 1.3276434670719837 -5.4923572927122084 13.800723824134241 -31.250611331588345 -2.4680280113220214 -8.5215698699951172 -4.8981916794410125 15.563655517841207 -36.205789184570314 22.486400666832925 -22.351069943110147 11.962291405652021 -27.199330004056293 4.9762657655251994 -20.328267994986643 -1.4559512737819127 27.053264872233076 -6.9571957445144648 -3.044673843383789 5.26021720823252 -30.104757581438339 27.671583557128908 -13.271735344863522 12.760993440527665 6.433490402221679 7.5826183378696443
leaf_weight=26 51 5149 22 96 144 126 26 38 20 25 26 29 34 24 24 37 24 111 45 70 21 40 20 53 21 34 41 38 25 64
leaf_count=26 51 5149 22 96 144 126 26 38 20 25 26 29 34 24 24 37 24 111 45 70 21 40 20 53 21 34 41 38 25 64
internal_value=-1.28254e-09 -0.0239355 -0.815424 2.78707 5.05887 -1.82537 -6.14483 -14.6685 -21.3256 -0.794473 -2.06887 -5.29483 -22.6392 1.86523 -2.23406 -3.89366 -2.35018 -4.46843 -2.05453 -8.84077 7.6397 6.45462 -0.462359 -4.40747 -16.9047 4.29303 7.55397 -0.749663 18.6724 12.393
internal_weight=6504 6478 1329 291 240 1038 200 80 58 838 728 400 60 328 340 311 287 250 226 115 110 202 120 94 41 178 138 79 59 85
internal_count=6504 6478 1329 291 240 1038 200 80 58 838 728 400 60 328 340 311 287 250 226 115 110 202 120 94 41 178 138 79 59 85
cat_boundaries=0 1 2
cat_threshold=2 2
is_linear=0
shrinkage=0.05


Tree=272
num_leaves=31
num_cat=8
split_feature=9 1 7 1 1 7 6 3 0 3 8 8 1 7 1 3 8 4 5 5 0 4 2 1 1 1 3 7 9 4
split_gain=370522 3.02848e+06 3.19549e+07 3.87327e+06 8.36649e+06 4.95903e+06 1.00823e+07 6.7378e+06 9.54235e+06 3.4402e+06 3.39254e+06 2.6924e+06 2.06945e+06 9.29767e+06 5.2779e+06 5.41288e+06 3.84677e+06 3.65318e+06 3.16773e+06 2.43103e+06 2.24077e+06 1.94316e+06 1.87352e+06 2.28927e+06 8.80993e+06 9.80507e+06 9.2008e+06 6.41921e+06 7.72484e+06 6.8663e+06
threshold=5.5000000000000009 19163.162500000006 0 19204.258333333335 19507.616666666672 1 2 19708.244062679627 55143.83724058362 20789.29974032475 3 4 20137.350000000002 5 20040.262500000004 18594.9937565482 6 -0.25881904510252113 1.0000000180025095e-35 -0.12940952255126037 58534.263873850148 0.12940952255126045 65847.304557000025 19229.07916666667 19231.125000000004 19232.783333333336 20395.844495093614 7 3.5000000000000004 -0.37940952255126059
decision_type=2 2 1 2 2 1 1 2 2 2 1 1 2 1 2 2 1 2 2 2 2 2 2 2 2 2 2 1 2 2
left_child=12 2 -2 5 10 7 9 8 -3 -7 -5 -9 14 18 22 -16 17 -15 -14 -18 -17 -21 23 -1 26 -26 -25 -27 -29 -30
right_child=1 3 -4 4 -6 6 -8 11 -10 -11 -12 -13 13 16 15 20 19 -19 -20 21 -22 -23 -24 24 25 27 -28 28 29 -31
leaf_value=0.46338556351107707 -12.194941779802431 4.987612631917 55.479994905911965 3.934440100193024 0.20033655087863522 -17.298239456176759 11.400436782836914 -0.3349395434061686 -38.664858064197361 -44.092934517238454 28.856482723024158 23.348724716050285 26.824694907665254 -32.381156963109973 25.852977537497498 -10.374433434527853 -15.993320476512114 -9.838772343426216 -0.1185257339477539 14.296960618279199 9.8325985684114343 -6.7179846156727185 14.496242913745698 -3.364441728591919 28.98616456251878 6.8444987242391129 -46.044503021240239 -0.95782362397925602 -23.404630601406097 -5.4828127638893847
leaf_weight=2182 53 31 26 22 2573 25 21 21 21 23 36 28 24 32 39 23 24 41 20 22 34 22 21 28 26 169 23 653 80 161
leaf_count=2182 53 31 26 22 2573 25 21 21 21 23 36 28 24 32 39 23 24 41 20 22 34 22 21 28 26 169 23 653 80 161
internal_value=-2.42387e-08 0.423335 10.0778 0.151038 0.623663 -7.16353 -17.4954 -0.105104 -12.6413 -30.1374 19.4033 13.1986 -0.336425 -5.48793 -0.0593017 11.4996 -11.7496 -19.7204 14.5778 -3.19268 1.67888 3.78949 -0.391236 -0.485347 -2.30125 -1.35005 -22.6123 -2.09204 -3.78139 -11.432
internal_weight=6504 2880 79 2801 2631 170 69 101 52 48 58 49 3624 185 3439 96 141 73 44 68 57 44 3343 3322 1140 1089 51 1063 894 241
internal_count=6504 2880 79 2801 2631 170 69 101 52 48 58 49 3624 185 3439 96 141 73 44 68 57 44 3343 3322 1140 1089 51 1063 894 241
cat_boundaries=0 1 2 3 4 5 6 7 8
cat_threshold=4 4 4 2 4 1 4 2
is_linear=0
shrinkage=0.05


Tree=273
num_leaves=31
num_cat=2
split_feature=3 4 2 1 2 3 0 4 9 2 0 2 4 9 3 3 2 6 9 9 1 10 1 1 3 7 2 2 0 9
split_gain=369375 1.29455e+06 807480 1.33454e+06 1.04922e+06 748467 595055 4.14036e+06 5.04205e+06 2.14095e+06 1.29395e+06 3.05506e+06 3.75567e+06 2.74717e+06 1.89974e+06 2.8767e+06 2.55578e+06 2.07583e+06 3.33054e+06 5.10911e+06 1.89698e+06 1.86107e+06 3.44115e+06 3.04624e+06 2.64017e+06 2.14771e+06 3.44146e+06 1.53528e+06 2.0728e+06 1.34257e+06
threshold=9009.7655346716001 0.37940952255126054 20574.646844833343 19204.258333333335 21238.330608946995 10432.223890258634 44437.780449749996 -0.25881904510252113 3.5000000000000004 24065.484532333347 48446.704004154708 30521.891937416665 0.91597561503675362 4.5000000000000009 14221.39633375234 13943.097584220288 32032.548793833335 0 4.5000000000000009 5.5000000000000009 19715.770833333339 1.0000000180025095e-35 19229.07916666667 18690.645833333336 14103.945144517744 1 26245.855353666673 30091.574911208329 49494.73759937501 4.5000000000000009
decision_type=2 2 2 2 2 2 2 2 2 2 2 2 2 2 2 2 2 1 2 2 2 2 2 2 2 1 2 2 2 2
left_child=1 -1 3 -2 -4 -6 7 -7 -9 -10 21 12 13 -12 15 -13 17 20 -19 -20 -16 22 23 24 -8 -24 -27 28 -15 -18
right_child=2 -3 4 -5 5 6 10 8 9 -11 11 14 -14 27 16 -17 29 18 19 -21 -22 -23 25 -25 -26 26 -28 -29 -30 -31
leaf_value=-0.094424824595451359 -15.261097745273425 11.748009253293276 10.220594932556153 0.74736890633900965 -7.5531872402537958 -12.029600397497417 -11.729416009479641 -8.3287518287527149 9.5452735016220505 28.620590972900391 23.857715319097043 0.7234818020382443 -9.9428015518188477 -6.7101548102594197 -21.991116324067118 24.259802536964418 -0.88196815201117007 11.331254586577415 -26.931475879835048 3.963309109210968 -5.0298472909366385 8.3759494202477605 -26.764444675445556 12.425450613692 9.1205510486255985 5.2531878898883697 -16.478400077625196 16.31558895111084 13.935946555137633 0.68079918442473564
leaf_weight=100 23 30 25 30 33 32 49 29 38 24 32 37 25 31 32 20 2481 32 23 32 34 28 20 37 22 29 49 26 20 3081
leaf_count=100 23 30 25 30 33 32 49 29 38 24 32 37 25 31 32 20 2481 32 23 32 34 28 20 37 22 29 49 26 20 3081
internal_value=-2.24188e-08 2.63844 -0.053812 -6.1997 -0.0022803 -0.042873 -0.00330089 3.44011 8.88001 16.9293 -0.0722813 0.0721981 7.53572 11.5446 -0.101071 8.98184 -0.191662 -6.56685 -1.49423 -8.95633 -13.2535 -3.71884 -5.36279 0.793078 -5.26886 -12.1468 -8.39871 6.4274 1.38636 -0.0162928
internal_weight=6504 130 6374 53 6321 6296 6263 123 91 62 6140 5906 134 109 5772 57 5715 153 87 55 66 234 206 108 71 98 78 77 51 5562
internal_count=6504 130 6374 53 6321 6296 6263 123 91 62 6140 5906 134 109 5772 57 5715 153 87 55 66 234 206 108 71 98 78 77 51 5562
cat_boundaries=0 1 2
cat_threshold=2 2
is_linear=0
shrinkage=0.05


Tree=274
num_leaves=31
num_cat=4
split_feature=9 1 1 8 5 3 0 0 1 1 6 1 1 1 3 5 7 3 3 3 3 1 3 3 6 1 0 2 0 0
split_gain=373948 4.89369e+06 3.71733e+06 2.58795e+06 4.76698e+06 2.69742e+06 3.72698e+06 3.82531e+06 3.487e+06 6.59349e+06 3.76286e+06 3.00826e+06 3.04222e+06 2.89577e+06 2.86044e+06 2.72728e+06 2.88528e+06 2.33744e+06 2.19674e+06 2.12266e+06 1.96519e+06 1.66117e+06 1.331e+06 2.92973e+06 4.75661e+06 4.8993e+06 2.56369e+06 4.89129e+06 2.25237e+06 2.28109e+06
threshold=8.5000000000000018 20653.858333333334 21664.279166666671 0 -0.5 18309.930745627837 63388.933090966595 75421.207269589693 20667.275000000005 20672.245833333338 1 20676.562500000004 21284.737500000007 20679.108333333341 15811.683412652475 1.0000000180025095e-35 2 19989.367311169004 22380.455764279788 21771.451139890323 19927.8236823562 20687.725000000006 22520.025859572128 22816.074929588034 3 20221.150000000001 71838.048692229684 51620.8636210759 58534.263873850148 67129.338528666689
decision_type=2 2 2 1 2 2 2 2 2 2 1 2 2 2 2 2 1 2 2 2 2 2 2 2 1 2 2 2 2 2
left_child=22 -2 3 4 -3 8 11 13 -5 -10 14 -7 17 -8 15 16 -11 -13 -15 -4 -14 -12 26 24 -24 -26 27 -1 -25 -30
right_child=1 2 19 5 -6 6 7 -9 9 10 21 12 20 18 -16 -17 -18 -19 -20 -21 -22 -23 23 28 25 -27 -28 -29 29 -31
leaf_value=0.7059051435473882 -15.268302404880524 27.730450657435824 -2.4091111955188573 -14.238902920484543 -1.2238008325750178 -27.361826246756095 16.614247241616251 -17.975654776891073 28.151393063863118 -16.845469512939456 17.154768213544575 -12.250592975616456 -7.1966101771309274 7.6301845796646619 -20.172959960937501 9.6520050028442519 6.2621818542480474 10.485580767118016 -11.045369316637517 16.533704522132876 -28.827667962937131 1.9595166025934994 9.7743393370083407 14.832871278127037 -21.201654883587 3.454654029320027 11.634926918317689 -22.426576952312303 -3.8040503305693472 0.28191076830102529
leaf_weight=3545 56 21 21 32 44 27 32 24 24 35 35 20 21 31 25 36 22 26 32 50 21 37 28 24 66 29 53 23 432 1632
leaf_count=3545 56 21 21 32 44 27 32 24 24 35 35 20 21 31 25 36 22 26 32 50 21 37 28 24 66 29 53 23 432 1632
internal_value=6.82177e-09 -1.11689 0.169605 -1.23233 8.13065 -2.50023 -6.34334 -0.140134 1.15542 3.45737 0.338125 -12.7623 -8.28292 4.36568 -5.15826 -1.12206 -7.92673 0.600288 -1.85581 10.9309 -18.0121 9.3461 0.128695 -0.837958 -8.33693 -13.675 0.718938 0.556789 -0.396208 -0.57329
internal_weight=6504 672 616 545 65 480 234 119 246 214 190 115 88 95 118 93 57 46 63 71 42 72 5832 2211 123 95 3621 3568 2088 2064
internal_count=6504 672 616 545 65 480 234 119 246 214 190 115 88 95 118 93 57 46 63 71 42 72 5832 2211 123 95 3621 3568 2088 2064
cat_boundaries=0 1 2 3 4
cat_threshold=1 2 2 1
is_linear=0
shrinkage=0.05


Tree=275
num_leaves=31
num_cat=4
split_feature=0 0 7 0 2 1 2 3 1 2 9 1 4 2 8 4 2 1 9 1 3 4 3 4 1 5 0 5 7 7
split_gain=392606 4.58662e+06 4.23231e+06 3.92193e+06 1.825e+06 3.53534e+06 2.86361e+06 1.9666e+06 6.38835e+06 2.26455e+06 1.50301e+06 3.16482e+06 5.25498e+06 1.76573e+06 1.00885e+07 3.76364e+06 2.51984e+06 1.68234e+06 1.36866e+07 8.71103e+06 5.84978e+06 9.43531e+06 3.2944e+06 2.25076e+06 2.91243e+06 2.3565e+06 3.81571e+06 2.20774e+06 5.00853e+06 4.48086e+06
threshold=57914.183881627941 57679.833839401697 0 58142.037790455746 39029.125370806076 17507.070833333339 38704.460057333337 21200.688648230451 18543.879166666669 38360.154231575762 1.5000000000000002 19608.775000000005 0.25881904510252091 37596.008449357752 1 0.37940952255126054 37375.808857833348 19237.950000000004 4.5000000000000009 19223.979166666668 20129.212056289016 0.78656609248549325 13589.341542425629 1.0000000180025095e-35 20669.650000000005 -0.78656609248549325 53979.034182333337 1.0000000180025095e-35 2 3
decision_type=2 2 1 2 2 2 2 2 2 2 2 2 2 2 1 2 2 2 2 2 2 2 2 2 2 2 2 2 1 1
left_child=1 4 -3 -2 6 -6 7 9 -9 10 11 -1 -13 16 15 -15 17 19 -19 -12 21 22 -21 24 -20 -26 -27 28 -25 -29
right_child=3 2 -4 -5 5 -7 -8 8 -10 -11 13 12 -14 14 -16 -17 -18 18 23 20 -22 -23 -24 27 25 26 -28 29 -30 -31
leaf_value=23.904751799404622 11.388127863712802 -3.4748796524540069 -32.546533653849643 0.073155991642239321 0.71875322293012578 -23.671593356132508 16.885177829742432 8.8639190578460703 -31.099663028717046 14.198428511619568 -0.52438939196907952 15.569068737983706 -18.358667151133218 -7.501984837225506 20.435452617298473 -34.485039424896243 16.024580915768944 -36.33530323803425 -9.9747311376756258 -6.2691138267517097 -7.3743137041727707 47.93013406836468 18.386411296753657 11.520192133895751 -10.193159303211031 25.933431098461156 -4.952278165817261 -7.7455769113744584 -2.4279261181972647 3.7691232342120502
leaf_weight=20 78 31 21 4216 39 24 25 20 20 28 920 25 21 28 22 24 24 28 124 20 24 23 42 123 21 20 20 167 135 171
leaf_count=20 78 31 21 4216 39 24 25 20 20 28 920 25 21 28 22 24 24 28 124 20 24 23 42 123 21 20 20 167 135 171
internal_value=2.90682e-08 -0.541493 -15.2154 0.278691 -0.187906 -8.57281 0.0642415 -0.13891 -11.1179 0.0774243 -0.120072 7.29984 0.0803197 -0.373024 -7.94752 -19.9557 -0.0719967 -0.282181 -1.98822 1.0591 14.4244 20.5793 10.433 -0.756822 -5.57459 3.36995 10.4906 0.738628 4.22176 -1.92009
internal_weight=6504 2210 52 4294 2158 63 2095 2070 40 2030 2002 66 46 1936 74 52 1862 1838 809 1029 109 85 62 781 185 61 40 596 258 338
internal_count=6504 2210 52 4294 2158 63 2095 2070 40 2030 2002 66 46 1936 74 52 1862 1838 809 1029 109 85 62 781 185 61 40 596 258 338
cat_boundaries=0 1 2 3 4
cat_threshold=4 4 4 4
is_linear=0
shrinkage=0.05


Tree=276
num_leaves=31
num_cat=2
split_feature=8 1 1 3 3 0 1 0 6 1 3 0 0 1 9 3 1 1 2 4 1 1 3 3 5 1 1 1 1 0
split_gain=367313 3.00443e+06 7.39728e+06 5.24558e+06 5.23025e+06 3.20027e+06 5.67747e+06 3.81747e+06 3.14277e+06 8.00827e+06 8.21033e+06 1.68052e+07 6.26665e+06 3.80919e+06 2.97772e+06 2.95004e+06 4.42715e+06 1.08606e+07 5.46476e+06 5.23004e+06 4.61754e+06 4.79947e+06 5.26893e+06 7.89573e+06 4.57816e+06 4.55048e+06 4.52583e+06 5.20871e+06 4.37926e+06 4.93356e+06
threshold=0 17507.070833333339 17523.445833333335 19750.358280652104 18502.524601906178 54119.268705382616 17494.979166666668 56909.096152439968 1 20710.675000000003 19708.244062679627 57800.862429364868 63150.231737402202 19198.104166666672 2.5000000000000004 9447.6797004382988 18690.645833333336 18913.854166666675 35828.707727666668 -0.25881904510252113 21572.845833333336 20593.920833333341 22380.455764279788 19385.217026861814 -0.37940952255126015 18368.501515151522 20667.275000000005 20227.841666666671 19606.491666666672 48672.568955916679
decision_type=1 2 2 2 2 2 2 2 1 2 2 2 2 2 2 2 2 2 2 2 2 2 2 2 2 2 2 2 2 2
left_child=1 3 4 5 -3 6 14 -7 15 10 11 -10 -11 -12 -1 -4 19 -18 26 25 21 22 23 -20 -22 -17 27 28 -19 -30
right_child=-2 2 8 -5 -6 7 -8 -9 9 12 13 -13 -14 -15 -16 16 17 18 20 -21 24 -23 -24 -25 -26 -27 -28 -29 29 -31
leaf_value=-15.784821618121605 0.1830953016494439 6.6494968813115909 19.282852781386605 -27.659232850945916 35.043941398288894 23.146329879760742 -33.008799147605899 -3.1991660714149477 -9.5125045544168234 17.928450087781226 18.206084564753944 -54.743628967285161 -7.4436577659183074 -8.9397577722867325 7.6512584339488647 -8.3910542537426132 32.451392504147123 -19.894214025357876 10.841428832395362 0.25376969814300537 -19.390333330309069 21.442230312029523 25.790860095977788 -8.5630406870700337 2.40900043681048 -39.392537059783933 11.276874570493346 -34.691363706588746 -12.062423266967137 14.70253749110482
leaf_weight=23 5256 55 21 26 23 20 20 44 115 53 28 25 45 24 33 29 28 41 109 70 37 48 25 101 69 20 27 20 36 33
leaf_count=23 5256 55 21 26 23 20 20 44 115 53 28 25 45 24 33 29 28 41 109 70 37 48 25 101 69 20 27 20 36 33
internal_value=-1.94638e-08 -0.771113 0.1898 -7.03441 15.0222 -3.20409 -10.1413 5.0338 -0.96252 -5.35196 -11.2881 -17.5895 6.27799 5.67723 -1.97427 0.820307 0.260836 2.08047 0.522982 -8.5162 3.70084 7.0348 4.092 1.5088 -5.2002 -21.0447 -7.35081 -11.2196 -6.95206 0.73821
internal_weight=6504 1248 1082 166 78 140 76 64 1004 290 192 140 98 52 56 714 693 574 546 119 389 283 235 210 106 49 157 130 110 69
internal_count=6504 1248 1082 166 78 140 76 64 1004 290 192 140 98 52 56 714 693 574 546 119 389 283 235 210 106 49 157 130 110 69
cat_boundaries=0 1 2
cat_threshold=2 1
is_linear=0
shrinkage=0.05


Tree=277
num_leaves=31
num_cat=5
split_feature=0 5 3 0 1 0 9 1 7 3 3 2 2 6 8 5 7 1 1 9 1 0 4 0 9 3 8 0 2 1
split_gain=363653 2.74716e+06 1.96384e+06 1.71621e+06 1.46895e+06 2.96919e+06 1.12844e+06 1.93888e+06 1.09741e+06 807520 995113 810984 1.71715e+06 2.54987e+06 1.58981e+06 1.09623e+06 938718 3.5345e+06 7.58175e+06 3.22518e+06 9.18306e+06 3.12643e+06 2.74635e+06 2.54091e+06 9.94687e+06 4.2108e+06 4.67384e+06 8.4663e+06 9.78875e+06 2.32774e+06
threshold=42890.444056500004 -0.70710678118654757 11140.00792902174 43312.049806833333 20200.775000000005 40543.413127000014 4.5000000000000009 17751.417424242427 0 11408.823827101494 11913.969310749244 26245.855353666673 27733.210390666671 1 2 -0.9159756150367534 3 21834.804166666672 20681.966666666671 8.5000000000000018 20438.316666666669 68084.98937096681 -1.0000000180025095e-35 62342.655843 1.5000000000000002 17531.87540002292 4 58002.819306598416 36946.171975333353 22001.545833333337
decision_type=2 2 2 2 2 2 2 2 1 2 2 2 2 1 1 2 1 2 2 2 2 2 2 2 2 2 1 2 2 2
left_child=1 2 4 -2 5 6 7 -1 -8 -5 -11 14 13 -13 -12 -15 17 18 19 20 21 23 -22 25 -25 -14 27 28 -27 -19
right_child=3 -3 -4 9 -6 -7 8 -9 -10 10 11 12 16 15 -16 -17 -18 29 -20 -21 22 -23 -24 24 -26 26 -28 -29 -30 -31
leaf_value=-2.6337812947504453 -12.899306825491099 13.722255744585178 11.955722675652339 8.1569974136352545 9.0076465536046921 -20.726626105742024 -11.452766181528569 12.363485251367093 1.3219331338487823 -8.8604847252368923 -2.8226368018559049 4.0919057314212512 0.10115856658453229 -7.7440902519226071 13.613863498933853 -24.29876434326172 0.23733981809289442 -18.763902607369932 19.070798786826757 -17.987033391694229 5.7270799149166463 -19.467174700328286 29.154396239642438 29.032572111913137 -12.080453934208039 -12.027335017068047 7.3487206195962846 -3.512501281683305 -57.826773910522462 -0.93712743123372411
leaf_weight=66 26 41 29 30 27 22 40 32 29 32 28 26 261 20 31 20 5310 47 46 30 22 28 29 28 31 28 29 66 20 30
leaf_count=66 26 41 29 30 27 22 40 32 29 32 28 26 261 20 31 20 5310 47 46 30 22 28 29 28 31 28 29 66 20 30
internal_value=-1.42892e-08 1.74327 -0.261371 -0.0801828 -1.90163 -3.4601 -1.18546 2.26329 -6.08369 -0.0263557 -0.0661968 -0.0202886 -0.0769832 -8.09799 5.81349 -16.0214 0.0111745 -1.71679 -0.458179 -2.02869 -1.14539 -3.24292 19.0485 -2.26176 7.43081 -3.67725 -10.5735 -15.1327 -31.1104 -11.8184
internal_weight=6504 286 245 6218 216 189 167 98 69 6192 6162 6130 6071 66 59 40 6005 695 618 572 542 491 51 463 59 404 143 114 48 77
internal_count=6504 286 245 6218 216 189 167 98 69 6192 6162 6130 6071 66 59 40 6005 695 618 572 542 491 51 463 59 404 143 114 48 77
cat_boundaries=0 1 2 3 4 5
cat_threshold=4 2 4 1 4
is_linear=0
shrinkage=0.05


Tree=278
num_leaves=31
num_cat=3
split_feature=9 3 1 4 1 3 0 0 3 1 3 4 1 5 8 0 1 5 0 3 3 8 4 0 2 5 4 5 8 1
split_gain=355137 4.474e+06 7.64326e+06 5.28527e+06 8.31041e+06 4.0056e+06 4.77892e+06 3.13134e+06 6.61664e+06 3.35904e+06 4.86741e+06 4.26065e+06 1.5946e+06 8.58411e+06 8.75067e+06 5.96785e+06 3.71392e+06 9.11081e+06 2.92638e+06 1.29171e+06 2.76988e+06 4.09485e+06 5.34401e+06 2.35206e+06 4.2726e+06 2.06188e+06 2.68211e+06 2.55755e+06 7.70653e+06 6.58639e+06
threshold=8.5000000000000018 22272.336827037605 20665.012500000001 -0.70710678118654735 20672.245833333338 19750.358280652104 59428.244180166679 63971.549820291671 19179.830461032248 21591.341666666671 19989.367311169004 0.60355339059327384 20687.725000000006 -0.5 0 55349.28919066667 21546.808333333338 -0.60355339059327384 53838.49388466667 22520.025859572128 22816.074929588034 1 0.12940952255126045 71838.048692229684 51620.8636210759 -0.12940952255126037 0.78656609248549325 0.60355339059327384 2 17751.417424242427
decision_type=2 2 2 2 2 2 2 2 2 2 2 2 2 2 1 2 2 2 2 2 2 1 2 2 2 2 2 2 1 2
left_child=19 2 5 4 -3 6 -2 8 12 10 -10 -12 13 14 -4 -15 17 -14 -19 23 21 -21 -23 24 -1 26 -22 28 29 -27
right_child=1 3 7 -5 -6 -7 -8 -9 9 -11 11 -13 16 15 -16 -17 -18 18 -20 20 25 22 -24 -25 -26 27 -28 -29 -30 -31
leaf_value=0.69093602946766342 -20.257675053091614 23.75298023223877 39.414892775436925 15.76896052517389 -12.172390052080155 -30.923442590236665 10.078936623249737 10.65506180657281 -24.648231589794161 -29.537661075592041 -13.94734909327134 15.871769104003906 -29.754516133954453 -21.065237307548525 -2.4033208500255241 12.325138158383577 8.3388176615276048 10.960908272377281 -9.3861542574564609 -27.665648495067252 -0.85331428035184631 -13.367911643981934 10.05261855706936 11.162618446350098 -20.929114084658416 41.212359764462434 -7.7083134312521331 -1.0885223513897162 0.72570706554699627 9.4852777622841504
leaf_weight=3545 34 22 29 76 60 32 21 54 28 24 23 25 31 32 22 23 63 43 30 22 754 60 41 53 23 21 176 644 419 74
leaf_count=3545 34 22 29 76 60 32 21 54 28 24 23 25 31 32 22 23 63 43 30 22 754 60 41 53 23 21 176 644 419 74
internal_value=-1.90801e-08 -1.08843 -3.35037 6.27002 -2.53388 -16.8581 -8.67461 -0.598212 -2.22737 -13.2305 -8.08086 1.58344 1.80307 6.59952 21.3757 -7.10199 -1.24138 -7.04477 2.5991 0.125416 -0.826861 -8.11839 -3.86057 0.706881 0.551569 -0.397332 -2.1506 1.01074 3.64094 16.4986
internal_weight=6504 672 514 158 82 87 55 427 373 100 76 48 273 106 51 55 167 104 73 5832 2211 123 101 3621 3568 2088 930 1158 514 95
internal_count=6504 672 514 158 82 87 55 427 373 100 76 48 273 106 51 55 167 104 73 5832 2211 123 101 3621 3568 2088 930 1158 514 95
cat_boundaries=0 1 2 3
cat_threshold=4 1 1
is_linear=0
shrinkage=0.05


Tree=279
num_leaves=31
num_cat=2
split_feature=8 5 0 1 4 2 3 2 3 5 3 2 2 0 2 3 4 6 5 0 3 1 1 1 1 1 1 1 9 5
split_gain=374269 2.6952e+06 4.38005e+06 2.55895e+06 2.91871e+06 2.39954e+06 2.45241e+06 7.32742e+06 6.08496e+06 3.45247e+06 2.35491e+06 6.63737e+06 5.29217e+06 5.96321e+06 5.25409e+06 4.15777e+06 2.77331e+06 3.1662e+06 8.52356e+06 5.36408e+06 4.47553e+06 5.62452e+06 5.08804e+06 8.76829e+06 7.53861e+06 6.51169e+06 5.54046e+06 6.05803e+06 5.12245e+06 4.172e+06
threshold=0 0.98296291314453421 58804.112723000006 22126.670833333334 0.25881904510252091 63396.015681308905 26215.629407962679 55101.819033071937 27264.570400088818 -0.37940952255126015 23686.369670335695 46931.994962500008 49766.631122833351 69836.227460948328 52603.692246101928 25051.739714294574 -0.5 1 -0.37940952255126015 59285.931819030935 21990.817839191564 19607.187500000004 19590.695833333335 20193.854166666672 18690.645833333336 18537.133333333335 17504.437500000004 18164.129166666669 6.5000000000000009 0.37940952255126048
decision_type=1 2 2 2 2 2 2 2 2 2 2 2 2 2 2 2 2 1 2 2 2 2 2 2 2 2 2 2 2 2
left_child=-1 3 -3 5 -5 6 7 10 9 -8 14 -12 -13 -14 16 -15 17 18 -2 -20 22 -22 24 -24 25 26 -19 -28 -25 -26
right_child=1 2 -4 4 -6 -7 8 -9 -10 -11 11 12 13 15 -16 -17 -18 20 19 -21 21 -23 23 28 29 -27 27 -29 -30 -31
leaf_value=0.263019091544337 14.051322924007071 24.348330252511161 0.39883508682250979 -23.623802247414222 1.7825658324360849 13.153109922716695 -3.0686605374018354 17.709796103724727 5.933722972869873 -27.056408102512361 11.355721769332886 -36.255828221639 14.079060368104415 -1.4720197029113771 18.424524663554298 -28.877879315037884 0.52391004072444791 -10.773534887313843 -9.0492334168297912 -38.410519272940505 -36.852952273786073 -1.2788614807128909 -18.487811152906303 26.739331336021422 8.1667258028714169 -28.241934367588591 25.313292449050479 -4.1169737942078539 -2.7392592089516778 31.755868377356695
leaf_weight=4392 22 28 60 26 20 31 24 54 45 40 35 21 22 25 36 31 1102 50 35 28 20 25 83 20 53 21 36 34 56 29
leaf_count=4392 22 28 60 26 20 31 24 54 45 40 35 21 22 25 36 31 1102 50 35 28 20 25 83 20 53 21 36 34 56 29
internal_value=-1.30924e-08 -0.54696 8.01913 -0.919399 -12.5776 -0.648279 -0.868024 -0.435884 -8.15492 -18.061 -0.985137 -7.35968 -13.9762 -7.97789 -0.467447 -16.6431 -0.888829 -3.92953 -12.7422 -22.0987 -2.17525 -17.0896 -0.418323 -7.2522 4.45426 -2.55643 1.93854 11.0186 5.01826 16.5092
internal_weight=6504 2112 88 2024 46 1978 1947 1838 109 64 1784 134 99 78 1650 56 1614 512 85 63 427 45 382 159 223 141 120 70 76 82
internal_count=6504 2112 88 2024 46 1978 1947 1838 109 64 1784 134 99 78 1650 56 1614 512 85 63 427 45 382 159 223 141 120 70 76 82
cat_boundaries=0 1 2
cat_threshold=4 2
is_linear=0
shrinkage=0.05


Tree=280
num_leaves=31
num_cat=5
split_feature=2 0 3 8 0 0 3 7 1 1 4 1 5 2 0 0 5 3 3 5 4 7 3 7 3 2 0 5 0 6
split_gain=370098 7.60261e+06 4.46158e+06 4.34282e+06 2.64152e+06 4.67748e+06 4.18561e+06 6.70572e+06 4.22411e+06 4.83615e+06 3.06085e+06 3.36101e+06 5.13642e+06 2.76405e+06 1.85046e+06 3.69869e+06 3.46808e+06 3.17239e+06 6.58131e+06 3.38777e+06 3.36436e+06 4.32619e+06 3.4304e+06 3.03465e+06 6.00777e+06 4.88682e+06 3.88307e+06 4.30506e+06 4.33118e+06 5.21842e+06
threshold=37184.201930500014 56337.463140666674 19655.842330553034 0 57914.183881627941 58073.060697653818 16941.471242588374 1 19237.950000000004 19219.670833333337 0.91597561503675362 17509.145833333339 0.91597561503675351 38139.620460000006 54119.268705382616 53838.49388466667 0.98296291314453421 18083.586750082086 17380.192498966568 0.60355339059327384 0.91597561503675362 2 15385.889429722092 3 21084.208264581019 34230.980613833337 57679.833839401697 0.91597561503675351 56337.463140666674 4
decision_type=2 2 2 1 2 2 2 1 2 2 2 2 2 2 2 2 2 2 2 2 2 1 2 1 2 2 2 2 2 1
left_child=14 2 3 -2 6 -6 -3 8 9 10 11 -8 -13 -9 15 17 23 18 20 -20 -1 22 -22 -16 25 -25 27 28 29 -27
right_child=1 4 -4 -5 5 -7 7 13 -10 -11 -12 12 -14 -15 16 -17 -18 -19 19 -21 21 -23 -24 24 -26 26 -28 -29 -30 -31
leaf_value=0.50974323949226819 -9.535307960510254 11.472648162613897 35.357798905806106 21.455522265801065 17.1007256205489 0.13046940878352192 9.9874673926311992 -10.974360873017993 13.116682030814037 -25.302596501950866 13.693489079475405 -24.856987746783666 4.8167093505859384 -32.998657371257913 6.1442684212456582 13.53028367482699 -23.360714686512949 -11.105590412693639 25.908788839067736 5.4532183041175211 -7.0375817298889167 -2.1671904612560664 -36.322373657226564 -22.858358355930875 -30.593010768890384 -20.860820568439575 -18.081736230850222 14.7771108453924 7.9375662562490881 -1.8969144524685271
leaf_weight=991 20 34 22 26 41 4210 23 28 35 27 25 35 25 29 92 52 20 62 35 48 20 98 20 28 20 43 32 44 87 232
leaf_count=991 20 34 22 26 41 4210 23 28 35 27 25 35 25 29 92 52 20 62 35 48 20 98 20 28 20 43 32 44 87 232
internal_value=5.96046e-09 0.24446 16.8384 7.98125 -0.00562528 0.294144 -4.88807 -7.33858 -2.36244 -6.37554 -1.64378 -6.26343 -12.4929 -22.1797 -0.581927 0.459398 -2.89095 -0.0741073 0.490209 14.0791 -0.508794 -7.82307 -21.68 -2.18266 -3.75895 -2.60727 -1.31268 0.00901898 -1.786 -4.86218
internal_weight=6504 4580 68 46 4512 4251 261 227 170 135 108 83 60 57 1924 1326 598 1274 1212 83 1129 138 40 578 486 466 438 406 362 275
internal_count=6504 4580 68 46 4512 4251 261 227 170 135 108 83 60 57 1924 1326 598 1274 1212 83 1129 138 40 578 486 466 438 406 362 275
cat_boundaries=0 1 2 3 4 5
cat_threshold=4 4 4 2 1
is_linear=0
shrinkage=0.05


Tree=281
num_leaves=31
num_cat=4
split_feature=1 8 1 7 3 1 1 1 6 3 0 8 0 2 5 2 3 0 4 2 2 2 0 1 3 5 4 3 1 3
split_gain=362543 2.70587e+06 1.35616e+06 2.64264e+06 6.90798e+06 1.06615e+06 1.30774e+06 1.03447e+06 1.52436e+06 2.23152e+06 2.98563e+06 1.35065e+06 1.13187e+06 1.40656e+06 1.97416e+06 1.8409e+06 2.5272e+06 2.08872e+06 2.24075e+06 1.0617e+06 1.08109e+06 1.60436e+06 1.33493e+06 1.73048e+06 5.36793e+06 3.94416e+06 2.20666e+06 2.13558e+06 1.96899e+06 3.38831e+06
threshold=22230.429166666672 0 22126.670833333334 1 25365.639862003631 22017.554166666672 22038.241666666672 21965.104166666668 2 25927.038392495968 70202.316314333351 3 86644.126408666663 61898.177199296304 0.1294095225512602 63396.015681308905 29126.253477033635 84842.337734438785 -0.5 61118.248046443521 60750.680446642262 60338.486673932101 80801.697480750023 21664.279166666671 18378.004498391369 -0.9159756150367534 -1.0000000180025095e-35 21874.847449542594 21309.620833333338 19927.8236823562
decision_type=2 1 2 1 2 2 2 2 1 2 2 1 2 2 2 2 2 2 2 2 2 2 2 2 2 2 2 2 2 2
left_child=2 -2 5 -4 -5 7 -7 12 -9 10 11 -10 13 19 15 16 -15 18 -17 20 21 22 23 28 -25 -26 27 -27 -1 -30
right_child=1 -3 3 4 -6 6 -8 8 9 -11 -12 -13 -14 14 -16 17 -18 -19 -20 -21 -22 -23 -24 24 25 26 -28 -29 29 -31
leaf_value=0.11128818627647802 12.491907090407153 -6.8061192033045437 8.326384811174302 6.6841096191406253 -29.18110703599864 15.397751907348633 -0.77468495178222663 -15.564864314079285 5.6857072954592498 -14.042498765168368 19.24215280532837 -10.419062652587892 6.3491831520913351 -20.369109816778277 5.1796404320260763 12.492494921250778 0.55004913590171123 -10.152418788950495 -7.837632909028426 7.5496067543824514 -10.735879732214887 13.305158874262936 -12.510077821640742 -15.973178812662761 -8.6071643339621051 29.497791980561757 5.2428103194200908 10.706678588302047 4.1188886448956925 -9.5013565803457194
leaf_weight=5303 39 34 21 25 29 25 25 25 23 27 20 30 71 42 46 33 22 47 23 48 23 23 21 30 37 21 133 54 69 135
leaf_count=5303 39 34 21 25 29 25 25 25 23 27 20 30 71 42 46 33 22 47 23 48 23 23 21 30 37 21 133 54 69 135
internal_value=8.12722e-09 3.50379 -0.0397724 -6.72394 -12.5768 0.0390999 7.31153 -0.0185629 -4.52181 -1.76105 2.7814 -3.4302 0.0725075 -0.000429302 -3.99209 -6.51843 -13.1781 -2.38036 4.14262 0.14375 0.0829733 0.125684 0.0734478 0.119151 3.98999 6.43446 9.11013 15.9682 -0.0741454 -4.89451
internal_weight=6504 73 6431 75 54 6356 50 6306 125 100 73 53 6181 6110 213 167 64 103 56 5897 5849 5826 5803 5782 275 245 208 75 5507 204
internal_count=6504 73 6431 75 54 6356 50 6306 125 100 73 53 6181 6110 213 167 64 103 56 5897 5849 5826 5803 5782 275 245 208 75 5507 204
cat_boundaries=0 1 2 3 4
cat_threshold=4 2 2 4
is_linear=0
shrinkage=0.05


Tree=282
num_leaves=31
num_cat=3
split_feature=8 4 6 1 1 1 3 3 0 9 5 1 0 9 4 1 1 1 6 1 4 5 3 3 5 0 1 1 0 3
split_gain=372043 2.7472e+06 4.69718e+06 4.04273e+06 9.05656e+06 6.75756e+06 3.82128e+06 3.6975e+06 8.74675e+06 3.57491e+06 3.39026e+06 3.23627e+06 5.76629e+06 2.87927e+06 2.33294e+06 2.31722e+06 1.98031e+06 4.12386e+06 5.37933e+06 4.22042e+06 3.45735e+06 4.60174e+06 3.44948e+06 7.04048e+06 3.07748e+06 2.95038e+06 6.05345e+06 5.77341e+06 4.16451e+06 2.86199e+06
threshold=0 -0.78656609248549303 1 17507.070833333339 17499.425000000007 17523.445833333335 18378.004498391369 20436.154817490064 58279.807229810242 2.5000000000000004 -0.37940952255126015 19604.341666666671 61758.219189585936 7.5000000000000009 0.12940952255126045 17491.069318181821 21696.658333333336 20710.675000000003 2 20667.275000000005 -0.25881904510252113 -0.37940952255126015 19708.244062679627 15898.752562220425 -0.78656609248549325 65208.15038002433 20421.645833333339 19607.187500000004 59938.095575833337 14221.39633375234
decision_type=1 2 1 2 2 2 2 2 2 2 2 2 2 2 2 2 2 2 1 2 2 2 2 2 2 2 2 2 2 2
left_child=1 2 10 4 9 6 -5 8 -4 14 -1 12 -12 -13 -3 -11 17 18 19 25 -18 -22 23 24 -20 26 -7 -27 -28 -19
right_child=-2 3 7 5 -6 16 -8 -9 -10 15 11 13 -14 -15 -16 -17 20 29 22 -21 21 -23 -24 -25 -26 27 28 -29 -30 -31
leaf_value=-14.592703395419651 0.18427056165871353 -0.25748279208228703 -3.9291660401128952 7.8236037592589858 -32.445449151663944 2.1804140194138486 33.060100015004473 2.0236518339677292 -42.855601190637657 -0.23755859798855253 5.936136420135913 18.287870712058488 -23.17230411105686 -2.3149707487651283 -24.118497972488406 20.661666579473589 8.897117666764693 26.917350587390718 -15.979218946184432 23.196471537714419 -30.600952343146009 0.050660321235656738 4.3896208469684312 -28.533591839942069 5.3209761242533844 -6.8028268933296205 -26.935828549934158 25.427239377570874 1.546952107406798 6.2299372149676815
leaf_weight=36 5256 21 31 40 29 335 24 22 27 36 46 43 27 28 20 21 22 21 28 23 24 25 39 44 43 24 33 33 21 82
leaf_count=36 5256 21 31 40 29 335 24 22 27 36 46 43 27 28 20 21 22 21 28 23 24 25 39 44 43 24 33 33 21 82
internal_value=1.04582e-08 -0.776063 -5.34905 0.427355 -7.90041 1.65573 17.2873 -15.4298 -22.0501 -0.637084 -0.868711 2.56229 -4.83 10.1628 -11.897 7.46216 0.400493 1.17991 -0.352338 2.31 -7.56929 -14.9624 -8.46038 -12.8182 -3.0791 1.2329 -0.323799 11.8567 -15.8592 10.4478
internal_weight=6504 1248 260 988 127 861 64 80 58 98 180 144 73 71 41 57 797 726 623 469 71 49 154 115 71 446 389 57 54 103
internal_count=6504 1248 260 988 127 861 64 80 58 98 180 144 73 71 41 57 797 726 623 469 71 49 154 115 71 446 389 57 54 103
cat_boundaries=0 1 2 3
cat_threshold=2 1 1
is_linear=0
shrinkage=0.05


Tree=283
num_leaves=31
num_cat=4
split_feature=9 4 6 5 7 2 1 1 5 0 8 0 0 3 3 1 2 3 4 1 0 6 1 1 4 4 1 3 3 3
split_gain=361587 2.73517e+06 4.36016e+06 6.65737e+06 4.70858e+06 3.26824e+06 5.51817e+06 7.58012e+06 4.47237e+06 4.2778e+06 4.13468e+06 9.76319e+06 3.13035e+06 3.5329e+06 6.85892e+06 4.2275e+06 3.0644e+06 2.91698e+06 3.15788e+06 4.81931e+06 2.86044e+06 2.81118e+06 8.76244e+06 5.46327e+06 4.0748e+06 5.24064e+06 3.91886e+06 5.8939e+06 6.40118e+06 3.44984e+06
threshold=4.5000000000000009 -0.70710678118654735 0 -0.37940952255126015 1 35504.457727412933 19146.212500000005 18422.837500000005 0.37940952255126048 62342.655843 2 51090.665051257594 54506.000779166665 17414.858562918645 17043.451391402315 20238.245833333338 33917.209186916953 19314.937048436914 0.37940952255126054 20669.650000000005 56520.700443698493 3 19617.820833333335 21916.975000000002 1.0000000180025095e-35 0.91597561503675362 20602.530681818185 20922.547466028558 18676.409843648791 19599.110622425625
decision_type=2 2 1 2 1 2 2 2 2 2 1 2 2 2 2 2 2 2 2 2 2 1 2 2 2 2 2 2 2 2
left_child=-1 2 3 -2 -5 10 7 8 9 -7 11 -3 13 14 -12 16 -15 18 -14 -20 -4 29 -23 24 26 -26 -24 28 -28 -8
right_child=1 5 20 4 -6 6 21 -9 -10 -11 12 -13 17 15 -16 -17 -18 -19 19 -21 -22 22 23 -25 25 -27 27 -29 -30 -31
leaf_value=-0.4181999107307961 12.280646960966049 -34.066960710094826 -17.632804215472678 -32.974089263916021 -9.2800496611228365 31.465393159786863 -6.5635906644356554 33.982931963602702 -4.7615968068440759 4.7639502620697023 1.0818817233641942 3.5255836535722782 -14.409242440462112 32.148837463378911 -21.778230743408205 -5.3248665466308598 6.85994700970857 -22.221339911001703 19.242651345994741 -9.8750578053792335 0.28862579091207541 32.763277325806797 3.8521005877426697 -7.5712808656421577 -4.7035410092004293 17.691362925938197 14.137634658813477 2.2196547110875446 53.662232265472419 1.3355241378101308
leaf_weight=2880 31 31 23 25 130 24 156 30 54 40 525 39 40 25 35 25 23 27 27 30 697 27 56 88 103 35 21 24 20 1213
leaf_count=2880 31 31 23 25 130 24 156 30 54 40 525 39 40 25 35 25 23 27 27 30 697 27 56 88 103 35 21 24 20 1213
internal_value=4.20573e-09 0.332344 -2.04684 -8.87128 -13.1017 1.12541 2.272 11.5411 5.8356 14.777 -1.49637 -13.1225 -0.421292 1.00178 -0.346875 11.3476 20.0312 -7.68586 -3.6399 3.91754 -0.283864 1.48495 5.32672 3.19189 6.84887 0.976326 13.5465 21.8986 33.4179 0.435406
internal_weight=6504 3624 906 186 155 2718 1891 148 118 64 827 70 757 633 560 73 48 124 97 57 720 1743 374 347 259 138 121 65 41 1369
internal_count=6504 3624 906 186 155 2718 1891 148 118 64 827 70 757 633 560 73 48 124 97 57 720 1743 374 347 259 138 121 65 41 1369
cat_boundaries=0 1 2 3 4
cat_threshold=2 4 1 4
is_linear=0
shrinkage=0.05


Tree=284
num_leaves=31
num_cat=8
split_feature=1 8 1 7 3 1 1 1 6 4 2 2 1 1 6 1 1 5 9 7 1 8 7 3 4 3 6 3 3 1
split_gain=380967 2.36634e+06 1.23492e+06 2.37346e+06 6.26322e+06 954769 1.19025e+06 853592 1.46065e+06 1.96699e+06 1.04499e+06 1.89453e+06 1.12673e+06 830212 5.81233e+06 1.82617e+06 1.25498e+06 4.08197e+06 3.44178e+06 5.00163e+06 2.5023e+06 5.17921e+06 4.91945e+06 8.97974e+06 2.42404e+06 1.95118e+06 4.23431e+06 1.62145e+06 1.68006e+06 1.32698e+06
threshold=22230.429166666672 0 22126.670833333334 1 25365.639862003631 22017.554166666672 22038.241666666672 21965.104166666668 2 0.25881904510252091 65847.304557000025 65331.046007000004 19617.820833333335 21887.366666666672 3 21734.8125 21657.233333333334 -0.37940952255126015 8.5000000000000018 4 21233.400000000001 5 6 22475.42227706252 0.12940952255126045 21931.458406806803 7 23389.702318315027 25502.914030895587 20859.675000000007
decision_type=2 1 2 1 2 2 2 2 1 2 2 2 2 2 1 2 2 2 2 1 2 1 1 2 2 2 1 2 2 2
left_child=2 -2 5 -4 -5 7 -7 10 -9 -10 11 13 -12 15 -15 16 20 18 19 -18 29 -22 25 -24 -19 26 -23 -27 -29 -1
right_child=1 -3 3 4 -6 6 -8 8 9 -11 12 -13 -14 14 -16 -17 17 24 -20 -21 21 22 23 -25 -26 27 -28 28 -30 -31
leaf_value=-0.027951640259152893 11.997030825492665 -6.0496842384338381 7.8440462907155357 6.3740982055664066 -27.776381160473001 14.630986602783205 -0.79785598754882825 5.3010326139388546 -14.447414412397022 0.018209474644762406 16.047044056653977 -14.657058030908757 2.2845098906549914 13.93388163248698 -12.453029745817185 -10.179038961299442 -25.26968857857489 17.12477051307415 8.9951946714232047 4.4672170198880705 13.321451703239891 -31.237862943200504 18.235040428524925 -16.330604819690482 3.1139089105707232 4.1434740090370177 -2.6820973350888209 -21.062528683344524 -5.8535829347112909 3.8933370670742455
leaf_weight=5247 39 34 21 25 29 25 25 31 47 47 20 22 58 60 32 44 31 58 31 26 34 34 42 34 66 20 21 30 46 225
leaf_count=5247 39 34 21 25 29 25 25 31 47 47 20 22 58 60 32 44 31 58 31 26 34 34 42 34 66 20 21 30 46 225
internal_value=-1.97673e-08 3.59171 -0.0407705 -6.41917 -11.966 0.0344938 6.91657 -0.0200739 -4.11072 -7.2146 0.0626525 -0.0108451 5.81336 0.0421424 4.75583 -0.0302669 0.044846 3.82261 -4.4132 -11.7055 -0.0948515 -4.87786 -7.60375 2.77146 9.66738 -12.8257 -20.3348 -8.52366 -11.8571 0.133286
internal_weight=6504 73 6431 75 54 6356 50 6306 125 94 6181 6103 78 6081 92 5989 5945 212 88 57 5733 261 227 76 124 151 55 96 76 5472
internal_count=6504 73 6431 75 54 6356 50 6306 125 94 6181 6103 78 6081 92 5989 5945 212 88 57 5733 261 227 76 124 151 55 96 76 5472
cat_boundaries=0 1 2 3 4 5 6 7 8
cat_threshold=4 2 1 4 4 1 4 4
is_linear=0
shrinkage=0.05


Tree=285
num_leaves=31
num_cat=5
split_feature=2 8 1 1 7 7 3 0 2 3 3 1 1 4 6 1 0 6 3 4 3 0 5 9 2 0 1 1 4 3
split_gain=376277 417373 2.80403e+06 6.07066e+06 4.68053e+06 4.36025e+06 3.47127e+06 5.28345e+06 5.19371e+06 3.39905e+06 2.56198e+06 4.67652e+06 3.96709e+06 3.85274e+06 3.56195e+06 3.53132e+06 3.45961e+06 6.26476e+06 7.9052e+06 1.19785e+07 5.67311e+06 3.97564e+06 3.62887e+06 2.74971e+06 2.6138e+06 2.58401e+06 2.53765e+06 5.88944e+06 4.5276e+06 5.85879e+06
threshold=13588.855936500004 0 17507.070833333339 17523.445833333335 1 2 19750.358280652104 54639.403281725674 24065.484532333347 17641.873186118686 14221.39633375234 20702.375000000004 18568.144696969703 -0.25881904510252113 3 19984.237500000003 56337.463140666674 4 20436.154817490064 -0.25881904510252113 17100.780318021101 57679.833839401697 0.78656609248549303 3.5000000000000004 26692.199837025924 59676.602366166677 21572.845833333336 20593.920833333341 0.37940952255126054 20595.376116464529
decision_type=2 1 2 2 1 1 2 2 2 2 2 2 2 2 1 2 2 1 2 2 2 2 2 2 2 2 2 2 2 2
left_child=-1 2 4 5 -2 -4 7 8 -6 -9 11 14 13 23 -5 -16 22 20 19 -19 -18 -22 -14 -12 -17 -23 27 28 -27 -30
right_child=1 -3 3 10 6 -7 -8 9 -10 -11 12 -13 16 -15 15 24 17 18 -20 -21 21 25 -24 -25 -26 26 -28 -29 29 -31
leaf_value=6.0029882284311151 12.912997575759888 0.17137305564791352 -2.739557520548503 -11.936334519159226 -4.4245704594780424 22.109274947877026 -27.458677871704101 17.50884870015658 -34.445599916458129 -7.8201682479293257 -34.726989930609001 21.548330238461496 -11.774303384554589 -2.6176735465433083 10.04608204973505 -20.472935028076172 22.433402654371765 -41.509306223252246 2.4520931738841387 1.8379535388946533 21.816635823249818 -13.51361184613458 6.9819516499837242 -9.3775267982482919 5.0897184753417974 -4.3906855459870959 -4.4017336649053238 23.322116387856976 -5.3394059089513926 26.190563089707322
leaf_weight=26 25 5236 27 42 34 51 25 26 25 27 23 32 118 51 94 20 38 34 79 30 24 29 33 20 20 116 102 37 26 34
leaf_count=26 25 5236 27 42 34 51 25 26 25 27 23 32 118 51 94 20 38 34 79 30 24 29 33 20 20 116 102 37 26 34
internal_value=-2.03775e-08 -0.0240935 -0.848138 0.0719859 -6.9823 13.5078 -10.6128 -6.85259 -17.1453 4.60539 -0.973912 3.96581 -2.26794 -11.9125 0.768985 4.75125 -0.972822 0.870652 -8.12911 -21.1903 4.04052 2.14125 -7.67525 -22.9365 -7.69161 0.768552 2.08342 5.18898 1.3769 12.5276
internal_weight=6504 6478 1242 1080 162 78 137 112 59 53 1002 208 794 94 176 134 700 549 143 64 406 368 151 43 40 344 315 213 176 60
internal_count=6504 6478 1242 1080 162 78 137 112 59 53 1002 208 794 94 176 134 700 549 143 64 406 368 151 43 40 344 315 213 176 60
cat_boundaries=0 1 2 3 4 5
cat_threshold=2 1 2 2 1
is_linear=0
shrinkage=0.05


Tree=286
num_leaves=31
num_cat=5
split_feature=1 4 3 8 1 0 1 5 0 5 0 1 0 1 0 1 9 1 6 0 4 9 9 7 0 6 1 7 1 3
split_gain=404348 1.8954e+06 3.00911e+06 517722 2.59221e+06 7.71853e+06 1.94796e+06 1.90144e+06 4.32468e+06 2.09381e+06 5.07847e+06 3.99096e+06 2.71572e+06 2.6789e+06 2.27917e+06 1.57304e+06 5.90811e+06 5.90745e+06 2.3478e+07 6.46948e+06 4.91357e+06 9.25343e+06 6.32281e+06 7.55265e+06 5.245e+06 5.07196e+06 7.39001e+06 8.17978e+06 4.993e+06 4.82339e+06
threshold=16749.816666666669 0.25881904510252091 23156.784737210928 0 17491.069318181821 57571.179766861518 22230.429166666672 0.98296291314453421 58804.112723000006 0.91597561503675351 56592.441907333334 19198.104166666672 67680.303014791672 19612.591666666671 63837.201095552162 19170.850000000002 4.5000000000000009 19221.367803030309 1 50269.209296833345 -1.0000000180025095e-35 3.5000000000000004 3.5000000000000004 2 54389.189271580304 3 18537.133333333335 4 17507.070833333339 17414.858562918645
decision_type=2 2 2 1 2 2 2 2 2 2 2 2 2 2 2 2 2 2 1 2 2 2 2 1 2 1 2 1 2 2
left_child=1 2 -1 6 5 -5 15 9 -9 -6 -11 -12 13 -13 -15 16 20 18 19 -17 21 25 23 24 -22 26 27 -2 -29 -20
right_child=3 -3 -4 4 7 -7 -8 8 -10 10 11 12 -14 14 -16 17 -18 -19 29 -21 22 -23 -24 -25 -26 -27 -28 28 -30 -31
leaf_value=20.796991180049048 5.1545307639572364 -6.0188088509344286 -4.7913007259368898 0.96244062211778436 -0.19127202740107452 -36.368830790519716 11.388610619765062 23.469366087736908 -0.75544395940057163 10.260692580970559 -25.752672449747724 14.7163374209404 -20.578511248464171 -15.494584317361154 5.5482220009646639 3.8191023702206821 7.435068347311895 0.11005720679602399 6.350294156228343 -25.339735515009274 -12.020078106011663 -15.644438437179284 8.9312851241656723 -2.9679682757077597 -40.832823207161645 16.987446418336848 17.637970793425151 -6.913140836629001 -37.043175001144412 36.962325503609399
leaf_weight=27 144 31 20 45 1737 20 39 27 58 37 33 20 23 31 22 23 327 2886 31 110 56 54 84 356 22 88 67 44 20 22
leaf_count=27 144 31 20 45 1737 20 39 27 58 37 33 20 23 31 22 23 327 2886 31 110 56 54 84 356 22 88 67 44 20 22
internal_value=-2.48333e-08 3.57833 9.90836 -0.0434345 -0.698437 -10.5241 0.264071 -0.377176 6.9395 -0.703984 -6.06893 -10.7526 -5.59636 -0.875952 -6.75983 0.163965 1.65016 -0.446574 -9.08334 -20.2972 -0.373011 3.66679 -3.62513 -6.0554 -20.1467 6.53953 3.1962 -1.45572 -16.3288 19.0572
internal_weight=6504 78 47 6426 2053 65 4373 1988 85 1903 166 129 96 73 53 4334 1262 3072 186 133 935 417 518 434 78 363 275 208 64 53
internal_count=6504 78 47 6426 2053 65 4373 1988 85 1903 166 129 96 73 53 4334 1262 3072 186 133 935 417 518 434 78 363 275 208 64 53
cat_boundaries=0 1 2 3 4 5
cat_threshold=4 4 1 4 4
is_linear=0
shrinkage=0.05


Tree=287
num_leaves=31
num_cat=2
split_feature=1 4 3 8 1 0 1 4 2 3 2 1 3 1 0 5 3 4 6 5 9 1 3 9 0 1 1 9 3 3
split_gain=364924 1.7106e+06 2.71572e+06 467244 2.33947e+06 6.96598e+06 1.79908e+06 2.37233e+06 2.02707e+06 2.38998e+06 8.20591e+06 6.02563e+06 4.89629e+06 3.00855e+06 2.98928e+06 2.84625e+06 4.50767e+06 2.41584e+06 4.71368e+06 9.93707e+06 6.3161e+06 1.5167e+07 1.91902e+07 1.15003e+07 7.4808e+06 7.002e+06 6.15339e+06 8.89546e+06 6.96209e+06 7.9735e+06
threshold=16749.816666666669 0.25881904510252091 23156.784737210928 0 17491.069318181821 57571.179766861518 22017.554166666672 0.37940952255126054 63396.015681308905 24743.287908519629 52603.692246101928 18913.854166666675 27542.051378997374 19613.229166666668 73522.597137818186 -0.12940952255126037 26477.828256431236 -1.0000000180025095e-35 1 -0.12940952255126037 3.5000000000000004 19604.341666666671 18269.055799120808 4.5000000000000009 56520.700443698493 18039.387500000001 17515.808333333338 4.5000000000000009 20314.289634861907 16491.046139095542
decision_type=2 2 2 1 2 2 2 2 2 2 2 2 2 2 2 2 2 2 1 2 2 2 2 2 2 2 2 2 2 2
left_child=1 2 -1 -2 5 -5 8 -8 9 10 17 -11 13 -13 -12 -15 -17 18 20 -20 21 22 25 -22 -25 -6 -21 -28 29 -29
right_child=3 -3 -4 4 6 -7 7 -9 -10 11 14 12 -14 15 -16 16 -18 -19 19 26 23 -23 -24 24 -26 -27 27 28 -30 -31
leaf_value=19.757141752596254 0.25086737250299684 -5.7178680881377195 -4.5517355871200564 0.91431865692138681 8.959002932380228 -34.550389581918715 -17.784643064845692 3.1338698345681895 12.580441088830272 19.85871721903483 32.547650114695237 -21.743109221543587 7.4772827851144896 -16.992168838099428 10.257073865746554 14.73718424770567 -16.581105022430421 1.1887968657294656 2.2050061840608897 -40.799081764221199 33.931402954910745 16.84563158081799 -60.249672568928112 -14.593538854598998 8.2899983413696301 -28.325087030529978 7.2763384715370512 -8.5953347978137788 -8.2307856675556721 -48.498358301962583
leaf_weight=27 4373 31 20 45 34 20 33 23 31 21 21 56 38 38 53 27 20 948 166 20 33 41 22 50 125 20 46 21 70 31
leaf_count=27 4373 31 20 45 34 20 33 23 31 21 21 56 38 38 53 27 20 948 166 20 33 41 22 50 125 20 46 21 70 31
internal_value=-2.95335e-08 3.39941 9.41294 -0.0412627 -0.663516 -9.9979 -0.358317 -9.19311 -0.102236 -0.309055 0.298854 -5.47932 -8.45194 -12.7449 16.5828 -6.81671 1.41025 -0.441779 -2.71834 -6.71001 1.62951 -7.66425 -20.8867 6.85726 1.75184 -4.84992 -14.5818 -11.4607 -18.5255 -32.3837
internal_weight=6504 78 47 6426 2053 65 1988 56 1932 1901 1701 200 179 141 74 85 47 1627 679 354 325 117 76 208 175 54 188 168 122 52
internal_count=6504 78 47 6426 2053 65 1988 56 1932 1901 1701 200 179 141 74 85 47 1627 679 354 325 117 76 208 175 54 188 168 122 52
cat_boundaries=0 1 2
cat_threshold=4 1
is_linear=0
shrinkage=0.05


Tree=288
num_leaves=31
num_cat=3
split_feature=1 1 1 7 0 0 6 3 3 5 3 0 2 0 2 5 0 3 3 3 1 5 9 4 3 1 3 1 6 0
split_gain=354517 5.10321e+06 2.71133e+06 4.69324e+06 4.0863e+06 5.5183e+06 3.10066e+06 3.52762e+06 3.43449e+06 2.41924e+06 3.43762e+06 3.68757e+06 2.30065e+06 3.94739e+06 2.02433e+06 2.00077e+06 1.7596e+06 1.59177e+06 2.65889e+06 8.64162e+06 4.92863e+06 4.69745e+06 5.73e+06 3.27736e+06 3.9294e+06 6.5957e+06 3.96799e+06 2.22343e+06 3.46466e+06 3.02703e+06
threshold=17679.104166666668 17751.417424242427 17509.145833333339 0 63260.743154500007 56337.463140666674 1 20041.714912913416 25261.669647419763 0.91597561503675351 21771.451139890323 62443.832710290408 35104.966121208352 60224.162688081407 24065.484532333347 1.0000000180025095e-35 59052.443059333353 24809.663217828616 23533.66011257744 23105.948963543899 17495.937500000004 0.1294095225512602 2.5000000000000004 1.0000000180025095e-35 20525.977887032106 17494.979166666668 19385.217026861814 17483.612878787881 2 58073.060697653818
decision_type=2 2 2 1 2 2 1 2 2 2 2 2 2 2 2 2 2 2 2 2 2 2 2 2 2 2 2 2 1 2
left_child=2 -2 6 15 5 -5 7 12 9 17 -11 -12 14 -14 -1 -4 -7 18 19 23 -21 -20 -23 24 26 -26 -8 -25 29 -29
right_child=1 -3 3 4 -6 16 8 -9 -10 10 11 -13 13 -15 -16 -17 -18 -19 21 20 -22 22 -24 27 25 -27 -28 28 -30 -31
leaf_value=-3.2901196797688805 -22.246795923205525 -0.043763983110390536 -16.088129334864409 21.731747521852196 32.370525689558548 -14.825424321492514 7.9105113479746398 -26.190933727082751 -12.147286124759251 -20.894719989483175 15.250581426173449 -13.819473876953126 15.542494927247365 -11.358969451904297 -23.826330842971803 3.2453931417316202 5.8971689961850648 16.925333259219215 10.808486522997129 8.5661600567045664 42.430780458450322 5.7875586898238573 -24.023192877769471 4.4720890557588033 15.047827061739836 -22.854210933049522 32.239467870621461 8.8251098437186997 -18.546021277730059 -13.199888962965744
leaf_weight=30 26 5593 23 38 22 21 83 21 45 26 24 20 30 25 20 32 20 21 34 21 22 27 40 67 22 24 21 39 41 26
leaf_count=30 26 5593 23 38 22 21 83 21 45 26 24 20 30 25 20 32 20 21 34 21 22 27 40 67 22 24 21 39 41 26
internal_value=2.7395e-08 -0.146501 0.930157 6.91278 13.3125 8.00526 -0.350074 -7.48364 1.14052 2.21212 -6.48055 2.03692 -3.74219 3.31456 -11.5046 -4.83953 -4.71684 3.45902 2.85347 4.83537 25.8922 -4.32847 -12.0099 2.03213 7.44102 -4.72715 12.8231 -2.65766 -7.1642 0.0151103
internal_weight=6504 5619 885 156 101 79 729 126 603 558 70 44 105 55 50 55 41 488 467 366 43 101 67 323 150 46 104 173 106 65
internal_count=6504 5619 885 156 101 79 729 126 603 558 70 44 105 55 50 55 41 488 467 366 43 101 67 323 150 46 104 173 106 65
cat_boundaries=0 1 2 3
cat_threshold=2 1 4
is_linear=0
shrinkage=0.05


Tree=289
num_leaves=31
num_cat=5
split_feature=1 4 8 1 7 3 1 1 1 6 4 0 2 5 2 9 0 4 2 2 2 0 1 3 4 5 3 1 7 8
split_gain=341716 1.91118e+06 4.13275e+06 1.06624e+06 2.09263e+06 5.50515e+06 870048 1.09028e+06 771683 1.33628e+06 1.76815e+06 943037 1.30806e+06 1.73785e+06 1.61922e+06 2.3941e+06 1.89296e+06 1.96629e+06 925097 950052 1.443e+06 1.16102e+06 1.4041e+06 4.58513e+06 3.35031e+06 1.82752e+06 1.73426e+06 1.70097e+06 3.06558e+06 4.01058e+06
threshold=22230.429166666672 0.78656609248549325 0 22126.670833333334 1 25365.639862003631 22017.554166666672 22038.241666666672 21965.104166666668 2 0.25881904510252091 86644.126408666663 61898.177199296304 0.1294095225512602 63396.015681308905 1.5000000000000002 84842.337734438785 -0.5 61118.248046443521 60750.680446642262 60338.486673932101 80801.697480750023 21664.279166666671 18378.004498391369 -0.25881904510252113 -0.9159756150367534 21874.847449542594 21309.620833333338 3 4
decision_type=2 2 1 2 1 2 2 2 2 1 2 2 2 2 2 2 2 2 2 2 2 2 2 2 2 2 2 2 1 1
left_child=3 2 -2 6 -5 -6 8 -8 11 -10 -11 12 18 14 15 -14 17 -16 19 20 21 22 27 -24 26 -26 -25 -1 29 -29
right_child=1 -3 -4 4 5 -7 7 -9 9 10 -12 -13 13 -15 16 -17 -18 -19 -20 -21 -22 -23 23 24 25 -27 -28 28 -30 -31
leaf_value=0.10497766448416318 11.50734538325557 15.719444847106935 -17.008558809757233 7.4274174826485782 6.0206397399902345 -25.996482724156877 13.984320327758789 -0.78238982391357426 5.0919723756851694 -13.736502714360014 -0.021515457680884829 5.7871210790016292 -26.817986383438111 4.7472336499587353 11.684149701667556 -5.9543659470298076 -9.7463468916872724 -7.3602371215820312 7.0433808445930488 -10.06839423801588 12.612806589707084 -11.671145761580696 -14.856743723551432 26.847806530907043 -7.8597226838807801 4.7034337861197342 9.9141239554793756 9.4117573014621083 8.2630507751515037 -11.055921151168157
leaf_weight=5303 27 22 24 21 25 29 25 25 31 47 47 71 20 46 33 44 47 23 48 23 23 21 30 21 37 133 54 29 38 137
leaf_count=5303 27 22 24 21 25 29 25 25 31 47 47 71 20 46 33 44 47 23 48 23 23 21 30 21 37 133 54 29 38 137
internal_value=-9.66599e-09 3.40165 -1.9119 -0.0386131 -5.96542 -11.1737 0.0313224 6.60097 -0.020768 -3.91021 -6.87901 0.0578892 -0.0086862 -3.85806 -6.22838 -12.4742 -2.34744 3.86235 0.130353 0.0736213 0.11366 0.0641202 0.106742 3.5935 5.85271 1.9691 14.6556 -0.0673738 -4.54767 -7.48024
internal_weight=6504 73 51 6431 75 54 6356 50 6306 125 94 6181 6110 213 167 64 103 56 5897 5849 5826 5803 5782 275 245 170 75 5507 204 166
internal_count=6504 73 51 6431 75 54 6356 50 6306 125 94 6181 6110 213 167 64 103 56 5897 5849 5826 5803 5782 275 245 170 75 5507 204 166
cat_boundaries=0 1 2 3 4 5
cat_threshold=4 2 1 4 1
is_linear=0
shrinkage=0.05


Tree=290
num_leaves=31
num_cat=4
split_feature=1 5 0 8 1 0 5 0 5 0 1 1 6 1 1 1 1 6 0 9 1 4 9 3 1 3 7 1 0 2
split_gain=329114 1.72877e+06 1.25982e+06 441405 2.16637e+06 6.33113e+06 1.71747e+06 3.87415e+06 1.7667e+06 4.47837e+06 3.39658e+06 2.44171e+06 3.10606e+06 1.55017e+06 1.43599e+06 1.3994e+06 5.35677e+06 2.11889e+07 5.84707e+06 5.32203e+06 4.61325e+06 6.1146e+06 6.56558e+06 7.00932e+06 9.96467e+06 7.58804e+06 1.4454e+07 1.07663e+07 7.03389e+06 5.51165e+06
threshold=16749.816666666669 0.37940952255126048 62013.158172333344 0 17491.069318181821 57571.179766861518 0.98296291314453421 58804.112723000006 0.91597561503675351 56592.441907333334 19198.104166666672 19610.404545454552 1 22230.429166666672 19617.820833333335 19170.850000000002 19221.367803030309 2 49770.068386000006 4.5000000000000009 18690.645833333336 -1.0000000180025095e-35 3.5000000000000004 21391.274423540322 17477.004166666669 20922.547466028558 3 18537.133333333335 58534.263873850148 36833.73313700001
decision_type=2 2 2 1 2 2 2 2 2 2 2 2 1 2 2 2 2 1 2 2 2 2 2 2 2 2 1 2 2 2
left_child=1 2 -1 13 5 -5 8 -8 -6 -10 -11 -12 -13 15 -9 19 17 18 -17 20 21 -2 23 24 -23 26 27 -26 -25 -28
right_child=3 -3 -4 4 6 -7 7 14 9 10 11 12 -14 -15 -16 16 -18 -19 -20 -21 -22 22 -24 28 25 -27 29 -29 -30 -31
leaf_value=-9.0162971700940826 4.8430035564634544 14.739209202061529 6.1208550947683831 0.77670077641805024 -0.18993162547662279 -33.033378727436066 22.248588448983654 -9.7186788024902349 9.7455314069180883 -23.82529650890466 10.313956054449083 -18.910392322540286 1.3337897777557375 10.168656226916191 6.1680048248984605 5.6214277076721189 0.10964578511509644 18.088712181235262 -23.708485264904734 7.0477109324312357 -19.652940914630889 16.823387682879414 11.270020978559147 24.81731026614154 -9.6654657669067383 -38.721635030110683 -13.859381788117545 38.897218622480125 -2.5601485801808663 -37.453602472473591
leaf_weight=28 405 23 27 45 1737 20 27 25 37 33 20 40 36 39 33 20 2886 53 113 327 30 27 66 27 25 30 91 21 179 34
leaf_count=28 405 23 27 45 1737 20 27 25 37 33 20 40 36 39 33 20 2886 53 113 327 30 27 66 27 25 30 91 21 179 34
internal_value=-1.47554e-08 3.22832 -1.58533 -0.0391859 -0.643989 -9.6264 -0.350298 6.6034 -0.660894 -5.58898 -9.98725 -5.23042 -9.32104 0.244752 -0.679704 0.15545 -0.420407 -8.64478 -19.298 1.55722 -0.362982 0.276464 -3.42243 -5.65677 -11.6967 -15.5277 -11.4586 12.5045 1.02816 -20.277
internal_weight=6504 78 55 6426 2053 65 1988 85 1903 166 129 96 76 4373 58 4334 3072 186 133 1262 935 905 500 434 228 201 171 46 206 125
internal_count=6504 78 55 6426 2053 65 1988 85 1903 166 129 96 76 4373 58 4334 3072 186 133 1262 935 905 500 434 228 201 171 46 206 125
cat_boundaries=0 1 2 3 4
cat_threshold=4 4 4 4
is_linear=0
shrinkage=0.05


Tree=291
num_leaves=31
num_cat=7
split_feature=1 1 1 6 9 4 7 6 3 3 2 1 5 3 0 1 10 7 6 0 0 0 4 0 3 7 7 3 0 3
split_gain=343797 4.62795e+06 2.4104e+06 4.47456e+06 5.61178e+06 4.60173e+06 3.53243e+06 2.66374e+06 3.21181e+06 3.10486e+06 2.16788e+06 3.73019e+06 2.06386e+06 2.96881e+06 3.34822e+06 1.84822e+06 1.52821e+06 1.70886e+06 1.55162e+07 6.61202e+06 4.82318e+06 4.26192e+06 4.25126e+06 3.87156e+06 3.67625e+06 3.49542e+06 3.32064e+06 3.29864e+06 2.64584e+06 2.62176e+06
threshold=17679.104166666668 17751.417424242427 17509.145833333339 0 2.5000000000000004 0.37940952255126054 1 2 20041.714912913416 25261.669647419763 35104.966121208352 17494.979166666668 0.91597561503675351 21771.451139890323 62443.832710290408 17494.979166666668 1.0000000180025095e-35 3 4 58073.060697653818 67261.33371458335 68380.796653666694 -0.25881904510252113 65799.718392719762 13760.266708748344 5 6 21200.688648230451 62561.499863833342 23533.66011257744
decision_type=2 2 2 1 2 2 1 1 2 2 2 2 2 2 2 2 2 1 1 2 2 2 2 2 2 1 1 2 2 2
left_child=2 -2 7 -4 5 6 -5 8 10 12 15 -12 16 -14 -15 -1 17 22 19 27 23 -22 -9 26 -24 -23 28 -19 29 -21
right_child=1 -3 3 4 -6 -7 -8 9 -10 -11 11 -13 13 14 -16 -17 -18 18 -20 20 21 25 24 -25 -26 -27 -28 -29 -30 -31
leaf_value=-2.6876848007070606 -21.190317579416131 -0.046432877448799571 25.066384718153213 -6.4713945648886941 21.627213751475018 -17.635036097935266 17.03352067316732 12.526376321083971 -24.753262937636606 -11.543587095472548 -11.841906829502271 14.556495487689972 -19.314776890094464 14.586882434288661 -13.113315316438676 -22.164739772251675 -5.977706320111345 9.7631348800659197 48.561157045364382 5.0745370963524135 22.104152933243782 6.5980351851536687 5.8429015548140919 -26.470375239330789 -17.697040821785151 -15.730099554111561 -21.852024116516116 33.210374698638923 14.79784919420878 -17.020477478027342
leaf_weight=29 26 5593 27 33 30 35 31 36 21 45 23 32 26 24 20 21 41 60 20 29 31 65 27 23 43 24 20 20 24 25
leaf_count=29 26 5593 27 33 30 35 31 36 21 45 23 32 26 24 20 21 41 60 20 29 31 65 27 23 43 24 20 20 24 25
internal_value=1.54137e-08 -0.144269 0.915986 6.55683 2.68274 -3.05801 4.9138 -0.291109 -6.90299 1.09048 -3.33294 3.51716 2.10936 -5.9195 1.99588 -10.868 3.26104 4.10844 5.83207 3.16982 -0.964657 6.13816 -1.43646 -8.00877 -8.61735 0.576965 -3.67594 15.6249 0.98459 -5.15464
internal_weight=6504 5619 885 156 129 99 64 729 126 603 105 55 558 70 44 50 488 447 341 321 241 120 106 121 70 89 98 80 78 54
internal_count=6504 5619 885 156 129 99 64 729 126 603 105 55 558 70 44 50 488 447 341 321 241 120 106 121 70 89 98 80 78 54
cat_boundaries=0 1 2 3 4 5 6 7
cat_threshold=1 2 1 1 4 4 4
is_linear=0
shrinkage=0.05


Tree=292
num_leaves=31
num_cat=1
split_feature=0 0 9 0 3 3 3 2 2 3 5 5 1 1 2 1 2 1 0 2 9 2 5 3 0 3 7 3 1 3
split_gain=330429 3.81427e+06 5.78472e+06 3.17804e+06 2.79036e+06 2.49236e+06 7.74727e+06 2.04486e+06 4.857e+06 1.87059e+06 4.92523e+06 5.52992e+06 8.69675e+06 6.46127e+06 5.98342e+06 5.35521e+06 3.65726e+06 4.33584e+06 4.25858e+06 3.43621e+06 3.25071e+06 3.92735e+06 3.45185e+06 3.23236e+06 3.21042e+06 2.43603e+06 5.05537e+06 4.55915e+06 2.92173e+06 2.65184e+06
threshold=57914.183881627941 57571.179766861518 4.5000000000000009 58002.819306598416 18676.409843648791 21429.229817327363 21200.688648230451 39029.125370806076 38360.154231575762 19927.8236823562 0.91597561503675351 0.1294095225512602 19261.966666666671 19226.379166666669 41374.404631833335 19607.187500000004 42515.564091915883 20091.895833333336 64948.404491166679 44557.974514791669 8.5000000000000018 38139.620460000006 -0.60355339059327384 19179.830461032248 61352.551396128059 20168.005754415968 0 20262.118529259325 20102.408333333336 20525.977887032106
decision_type=2 2 2 2 2 2 2 2 2 2 2 2 2 2 2 2 2 2 2 2 2 2 2 2 2 2 1 2 2 2
left_child=1 5 -3 -2 -4 6 7 8 -1 10 11 12 13 14 -5 -14 17 -17 -18 24 21 -19 -23 -22 -16 26 28 -27 -11 -29
right_child=3 2 4 9 -6 -7 -8 -9 -10 25 -12 -13 15 -15 19 16 18 20 -20 -21 23 22 -24 -25 -26 27 -28 29 -30 -31
leaf_value=-0.12107170667041811 17.683544063568117 -27.682222804427148 -13.436129969642275 25.583192794322969 11.28677105331421 13.749475836753845 -28.555566000938416 -11.324960815600861 17.06013193584624 -25.930022084372382 20.005219065515618 -4.806062873898636 -23.667668359929866 38.253323608398439 4.6616705606723654 -22.827281404676896 27.956900479243355 -12.10696816444397 2.2087841754867918 17.819703197479249 0.083269068172999797 0.81424362262090055 19.495580142152079 -22.313625113169351 -21.377963676452637 18.671055877208712 10.111829010009766 -8.0373831879312743 -3.279584908485413 -0.040716155052542509
leaf_weight=1995 26 32 21 40 25 32 24 39 42 35 38 229 22 25 29 21 26 24 42 22 49 48 51 24 20 32 25 107 24 3335
leaf_count=1995 26 32 21 40 25 32 24 39 42 35 38 229 22 25 29 21 26 24 42 22 49 48 51 24 20 32 25 107 24 3335
internal_value=-1.88604e-08 -0.496768 -11.3567 0.255672 0.000229282 -0.0994542 -0.310486 0.0160472 0.23318 0.149504 2.49277 1.50248 4.76355 15.2891 10.117 0.100752 1.93551 -1.23516 12.0537 1.4037 1.07829 6.03895 10.438 -7.28009 -5.96675 -0.318094 -8.73173 -0.114656 -16.7163 -0.289305
internal_weight=6504 2210 78 4294 46 2132 2100 2076 2037 4268 710 672 443 136 111 307 285 217 68 71 196 123 99 73 49 3558 84 3474 59 3442
internal_count=6504 2210 78 4294 46 2132 2100 2076 2037 4268 710 672 443 136 111 307 285 217 68 71 196 123 99 73 49 3558 84 3474 59 3442
cat_boundaries=0 1
cat_threshold=4
is_linear=0
shrinkage=0.05


Tree=293
num_leaves=31
num_cat=2
split_feature=1 5 1 8 2 1 3 3 5 4 1 1 1 1 1 1 0 3 3 5 0 1 0 9 1 7 0 0 4 1
split_gain=330314 1.61996e+06 1.1608e+06 405310 1.89356e+06 4.97391e+06 4.82305e+06 4.56774e+06 3.9632e+06 3.96031e+06 1.05959e+07 6.56143e+06 5.59028e+06 7.05977e+06 9.51061e+06 5.25682e+06 5.41043e+06 4.7623e+06 3.85626e+06 3.46789e+06 2.77343e+06 3.93017e+06 2.65935e+06 3.1641e+06 5.05541e+06 6.66395e+06 6.30293e+06 6.91809e+06 4.15862e+06 4.67962e+06
threshold=16749.816666666669 0.37940952255126048 16450.666666666668 0 42192.957115708341 17495.937500000004 17733.529273789438 18956.849326958985 0.98296291314453421 -0.60355339059327362 18291.229166666668 19185.845833333336 19223.979166666668 19605.335606060613 19650.995833333338 17507.070833333339 73973.030017533209 20565.67363147403 28175.34973113157 -0.9159756150367534 59815.604307617345 21734.8125 58534.263873850148 4.5000000000000009 18354.39166666667 1 52763.125855369457 56803.847811000007 1.0000000180025095e-35 19650.995833333338
decision_type=2 2 2 1 2 2 2 2 2 2 2 2 2 2 2 2 2 2 2 2 2 2 2 2 2 1 2 2 2 2
left_child=1 2 -1 -2 8 -6 -7 -8 20 10 -9 -12 -13 -14 -15 -11 19 -16 -18 -17 22 -22 23 24 25 -5 -26 -28 -25 -30
right_child=3 -3 -4 4 5 6 7 9 -10 15 11 12 13 14 17 16 18 -19 -20 -21 21 -23 -24 28 26 -27 27 -29 29 -31
leaf_value=7.4708721681074666 0.23282370687948603 14.376958208498747 -7.3564215562560342 18.578889100211008 -24.7982248544693 17.643325932564277 -19.148936560215095 32.666058413187663 15.613365792119225 -24.748554271062218 -22.222322235107423 27.205628467741469 -20.113594224717886 31.545764852453164 -22.662447720482238 -12.703656634917627 -24.410145736777267 2.6905238579792581 -1.1289159215729814 1.1973714693013682 9.9381515089670813 -8.4556816204174137 -9.3588235608269184 -9.6229681549072268 25.085421775817874 -5.2762612159192237 -3.9385489876205861 29.204785346984863 -7.0356724489004101 4.8965118100961975
leaf_weight=22 4373 23 33 35 24 31 39 27 43 30 30 21 36 27 21 52 46 157 29 327 135 37 85 150 50 179 74 20 133 215
leaf_count=22 4373 23 33 35 24 31 39 27 43 30 30 21 36 27 21 52 46 157 29 327 135 37 85 150 50 179 74 20 133 215
internal_value=1.2435e-08 3.2342 -1.4255 -0.0392573 -0.618804 -2.34265 -1.72531 -2.43841 0.718815 -1.62681 2.69837 -0.0726177 2.46361 0.307664 3.89384 -4.4775 -3.13801 -0.300557 -15.4081 -0.709894 0.143374 5.98134 -0.923714 -0.0861158 3.49923 -1.37472 10.7425 3.11322 -2.66353 0.336223
internal_weight=6504 78 55 6426 2053 897 873 842 1156 803 319 292 262 241 205 484 454 178 75 379 1113 172 941 856 358 214 144 94 498 348
internal_count=6504 78 55 6426 2053 897 873 842 1156 803 319 292 262 241 205 484 454 178 75 379 1113 172 941 856 358 214 144 94 498 348
cat_boundaries=0 1 2
cat_threshold=4 1
is_linear=0
shrinkage=0.05


Tree=294
num_leaves=31
num_cat=5
split_feature=1 1 1 6 9 4 7 3 6 3 2 0 5 3 0 2 3 3 3 1 5 9 3 4 2 0 6 7 5 0
split_gain=337301 4.21105e+06 2.09048e+06 4.21194e+06 5.16413e+06 4.09521e+06 2.97869e+06 2.19604e+06 2.77576e+06 2.81493e+06 1.95985e+06 3.50735e+06 1.84961e+06 2.73736e+06 3.02061e+06 1.7775e+06 1.4612e+06 2.35466e+06 7.59461e+06 4.36832e+06 4.20997e+06 5.17024e+06 2.9975e+06 2.74981e+06 2.38841e+06 2.7075e+06 2.53028e+06 2.24153e+06 3.57577e+06 3.20865e+06
threshold=17679.104166666668 17751.417424242427 17509.145833333339 0 2.5000000000000004 0.37940952255126054 1 25261.669647419763 2 20041.714912913416 35104.966121208352 60224.162688081407 0.91597561503675351 21771.451139890323 62443.832710290408 24065.484532333347 24809.663217828616 23533.66011257744 23105.948963543899 17495.937500000004 0.1294095225512602 2.5000000000000004 22520.025859572128 1.0000000180025095e-35 47932.24978641668 59052.443059333353 3 4 0.25881904510252057 48110.195681166675
decision_type=2 2 2 1 2 2 1 2 1 2 2 2 2 2 2 2 2 2 2 2 2 2 2 2 2 2 1 1 2 2
left_child=2 -2 7 -4 5 6 -5 8 9 10 15 -12 16 -14 -15 -1 17 18 22 -20 -19 -22 23 24 25 -10 -27 29 -29 -25
right_child=1 -3 3 4 -6 -7 -8 -9 12 -11 11 -13 13 14 -16 -17 -18 20 19 -21 21 -23 -24 27 -26 26 -28 28 -30 -31
leaf_value=-2.3407306480407715 -20.218632676968209 -0.049574124790433695 24.118633913110806 -6.0397562612186784 20.574975573221845 -16.85661610739572 15.544393875521999 -10.9159778881073 11.438463551657541 -22.926916361990433 15.165697231292725 -10.192023559570313 -18.462640131436864 13.959648565451303 -12.350492143630982 -21.584247735813264 15.993066460745675 10.082127608972439 7.8043269929431736 39.685939511656763 5.3859646761858908 -22.931265773773195 -15.253324524561563 6.7497101003473468 23.048766194219176 -17.509087268412113 6.8078821638356093 -2.6561004496796032 18.180496275013891 -16.920294653497091
leaf_weight=30 26 5593 27 33 30 35 31 45 70 21 30 25 26 24 20 20 21 34 21 22 27 40 24 22 23 20 23 71 29 41
leaf_count=30 26 5593 27 33 30 35 31 45 70 21 30 25 26 24 20 20 21 34 21 22 27 40 24 22 23 20 23 71 29 41
internal_value=2.17891e-08 -0.1429 0.907291 6.16048 2.4018 -3.10523 4.41507 -0.216848 0.487042 -6.21589 -2.87368 3.63946 2.00061 -5.6001 2.00049 -10.0381 3.09087 2.51069 4.37576 24.1158 -4.24789 -11.5198 1.74782 3.11246 8.36186 5.3725 -4.50234 -1.26741 3.38651 -8.65458
internal_weight=6504 5619 885 156 129 99 64 729 684 126 105 55 558 70 44 50 488 467 366 43 101 67 323 299 136 113 43 163 100 63
internal_count=6504 5619 885 156 129 99 64 729 684 126 105 55 558 70 44 50 488 467 366 43 101 67 323 299 136 113 43 163 100 63
cat_boundaries=0 1 2 3 4 5
cat_threshold=1 2 1 4 1
is_linear=0
shrinkage=0.05


Tree=295
num_leaves=31
num_cat=2
split_feature=0 0 7 0 3 5 5 1 1 2 1 2 1 0 2 9 2 3 1 3 0 2 3 1 1 3 3 2 4 6
split_gain=310947 3.60559e+06 3.08759e+06 2.7968e+06 1.71158e+06 4.35509e+06 4.92697e+06 7.87518e+06 5.87569e+06 5.33551e+06 4.81917e+06 3.33901e+06 3.8941e+06 3.80787e+06 3.06465e+06 2.9388e+06 3.52619e+06 3.12198e+06 3.74487e+06 2.95929e+06 2.9103e+06 2.89718e+06 2.12393e+06 4.64232e+06 6.86415e+06 4.1638e+06 2.38005e+06 9.66823e+06 3.28958e+06 2.02113e+06
threshold=57914.183881627941 57679.833839401697 0 58002.819306598416 19927.8236823562 0.91597561503675351 0.1294095225512602 19261.966666666671 19226.379166666669 41374.404631833335 19607.187500000004 42515.564091915883 20091.895833333336 64159.839990803775 44557.974514791669 8.5000000000000018 38139.620460000006 18378.004498391369 21035.450000000004 19179.830461032248 61352.551396128059 45736.252793875014 20168.005754415968 19219.670833333337 19615.573863636368 20262.118529259325 20525.977887032106 46036.015834208338 0.60355339059327384 1
decision_type=2 2 1 2 2 2 2 2 2 2 2 2 2 2 2 2 2 2 2 2 2 2 2 2 2 2 2 2 2 1
left_child=1 -1 -3 -2 5 6 7 8 9 -5 -9 12 -12 -13 20 16 -14 -18 -19 -17 -11 -15 23 -6 -25 -24 27 28 -27 -28
right_child=3 2 -4 4 22 -7 -8 10 -10 14 11 13 15 21 -16 19 17 18 -20 -21 -22 -23 25 24 -26 26 29 -29 -30 -31
leaf_value=-0.16840079992015236 16.597167785351093 -3.4643310900657407 -28.295163170780455 24.225541119575503 7.6150347646077483 18.857544236904697 -4.4960220192197111 -22.447746311534537 36.451776123046876 4.551565143979829 -21.651972252982006 29.838113021850589 -11.474440399805706 -10.058011939270157 16.895757727189498 0.10130539086400246 21.633975593249005 -5.753589397523462 19.817856784300375 -21.328659788767496 -20.241072654724121 14.704041760056109 17.843826818466187 -40.159145956039431 -3.2438863277435304 -25.06436745148638 -5.4354949667598262 18.25499688607675 -4.5543038831037634 0.24052421814048142
leaf_weight=2158 26 31 21 40 30 38 229 22 25 29 21 20 24 21 22 49 36 41 22 24 20 27 32 20 34 46 165 27 34 3170
leaf_count=2158 26 31 21 40 30 38 229 22 25 29 21 20 24 21 22 49 36 41 22 24 20 27 32 20 34 46 165 27 34 3170
internal_value=-1.00946e-08 -0.481901 -13.4922 0.248021 0.148424 2.38988 1.45867 4.53683 14.5529 9.62074 0.0997383 1.84025 -1.18932 11.5081 1.39268 1.0031 5.71977 9.88807 3.17612 -6.94416 -5.56788 3.87064 -0.298859 -8.15505 -16.9162 -0.108899 -0.275804 -7.6161 -16.3476 -0.0402983
internal_weight=6504 2210 52 4294 4268 710 672 443 136 111 307 285 217 68 71 196 123 99 63 73 49 48 3558 84 54 3474 3442 107 80 3335
internal_count=6504 2210 52 4294 4268 710 672 443 136 111 307 285 217 68 71 196 123 99 63 73 49 48 3558 84 54 3474 3442 107 80 3335
cat_boundaries=0 1 2
cat_threshold=4 2
is_linear=0
shrinkage=0.05


Tree=296
num_leaves=31
num_cat=2
split_feature=1 5 1 8 1 0 1 4 2 3 1 2 1 2 1 1 1 6 1 9 1 3 1 3 1 1 1 1 2 0
split_gain=307883 1.49997e+06 1.04732e+06 387881 1.75137e+06 5.28889e+06 1.42174e+06 1.87227e+06 1.79167e+06 1.84402e+06 7.19604e+06 5.96039e+06 5.89106e+06 2.65723e+06 8.34986e+06 4.44963e+06 6.03529e+06 8.95546e+06 3.97183e+06 3.7152e+06 3.63819e+06 3.58409e+06 3.86686e+06 3.57788e+06 1.08943e+07 2.85208e+06 2.40521e+06 2.19807e+06 2.18831e+06 4.59692e+06
threshold=16749.816666666669 0.37940952255126048 16450.666666666668 0 17491.069318181821 57571.179766861518 22017.554166666672 0.37940952255126054 63396.015681308905 26215.629407962679 19608.049999999999 55101.819033071937 19617.820833333335 47057.108632303039 17512.470833333336 18368.501515151522 19604.341666666671 1 20658.583333333339 6.5000000000000009 19507.616666666672 23105.948963543899 19507.616666666672 22475.42227706252 19598.654166666671 19185.845833333336 21180.133333333335 20434.625000000004 36455.256394567121 56996.029021684248
decision_type=2 2 2 1 2 2 2 2 2 2 2 2 2 2 2 2 2 1 2 2 2 2 2 2 2 2 2 2 2 2
left_child=1 2 -1 -2 5 -5 8 -8 9 11 -11 13 -12 21 -15 -16 20 19 -19 -18 25 23 -23 28 -25 -17 -20 -13 -6 -30
right_child=3 -3 -4 4 6 -7 7 -9 -10 10 12 27 -14 14 15 16 17 18 26 -21 -22 22 -24 24 -26 -27 -28 -29 29 -31
leaf_value=7.0889870210127404 0.22826580354871889 13.844586633599324 -6.994911027044961 0.82711980395846896 -1.7590589213806926 -30.074947843551641 -15.827133323207045 2.7563719365907753 11.810413571326963 11.154675044511494 -36.620842759505564 24.848105767369272 -6.1395318592295931 -30.20170489672957 20.723759765625001 -22.162768297195438 32.626273329361624 -14.660158511470346 15.796166627303414 7.1655612945556646 -30.776814194825977 29.596666172572544 3.5189192988655784 -40.956092725481312 4.3594128555721712 2.3806536732048822 -6.8307912747065238 4.0298679351806639 12.33336341381073 0.7216729894839532
leaf_weight=22 4373 23 33 45 602 20 33 23 31 38 23 32 51 29 20 20 23 68 23 38 26 21 44 21 36 29 24 21 99 613
leaf_count=22 4373 23 33 45 602 20 33 23 31 38 23 32 51 29 20 20 23 68 23 38 26 21 44 21 36 29 24 21 99 613
internal_value=-1.16258e-08 3.12245 -1.36135 -0.0379009 -0.60485 -8.68121 -0.340784 -8.19462 -0.113137 -0.307577 -6.53141 0.0820653 -15.6135 -0.422207 -4.70203 -1.97329 -3.78182 1.27942 -6.93494 16.7655 -15.6588 0.471907 11.944 -0.0719942 -12.3358 -7.63707 4.24198 16.5994 0.459996 2.33622
internal_weight=6504 78 55 6426 2053 65 1988 56 1932 1901 112 1789 74 1736 300 271 251 176 115 61 75 1436 65 1371 57 49 47 53 1314 712
internal_count=6504 78 55 6426 2053 65 1988 56 1932 1901 112 1789 74 1736 300 271 251 176 115 61 75 1436 65 1371 57 49 47 53 1314 712
cat_boundaries=0 1 2
cat_threshold=4 1
is_linear=0
shrinkage=0.05


Tree=297
num_leaves=31
num_cat=4
split_feature=1 1 4 4 1 3 3 3 3 5 0 2 1 4 3 3 3 9 9 3 0 3 3 0 8 6 3 3 8 7
split_gain=312250 3.85843e+06 5.23044e+06 1.95357e+06 3.07965e+06 3.02014e+06 4.00674e+06 4.57383e+06 4.97814e+06 2.93785e+06 2.00249e+06 5.76373e+06 4.82841e+06 3.96713e+06 3.43217e+06 3.20126e+06 1.00013e+07 1.19959e+07 6.83365e+06 1.14698e+07 3.10008e+06 6.37618e+06 1.94501e+06 2.01205e+06 3.60998e+06 2.80298e+06 2.38958e+06 2.02603e+06 2.2669e+06 2.1944e+06
threshold=17679.104166666668 17879.841666666671 1.0000000180025095e-35 -0.70710678118654735 17515.808333333338 23867.232180293682 23275.687505323778 22031.539729966524 20041.714912913416 -0.37940952255126015 62342.655843 43830.370449261318 17502.866666666672 0.60355339059327384 25261.669647419763 21317.322463603134 20041.714912913416 2.5000000000000004 2.5000000000000004 23482.126532906303 65453.69474540979 24610.785403644 19655.842330553034 54248.735486500002 0 1 17414.858562918645 13253.444456893923 2 3
decision_type=2 2 2 2 2 2 2 2 2 2 2 2 2 2 2 2 2 2 2 2 2 2 2 2 1 1 2 2 1 1
left_child=3 2 -2 5 10 6 7 8 -1 -6 11 15 13 20 -15 16 22 -18 -17 -20 -12 -22 23 25 -25 -5 27 29 -29 -27
right_child=1 -3 -4 4 9 -7 -8 -9 -10 -11 12 -13 -14 14 -16 18 17 -19 19 -21 21 -23 -24 24 -26 26 -28 28 -30 -31
leaf_value=3.0436794477204483 -33.752680833637719 -0.010860570850065246 -1.1576837658882142 14.434949934160386 0.037009172006086874 -10.635266306223693 21.292554600238802 -13.621503147002191 29.41291362589056 26.514872992038729 -25.184884688967752 25.313158945603803 -22.270614480972291 19.659879546588471 -6.5198676518031533 -12.463705557364005 -0.32586850946949375 -45.475361064502174 36.726487598997174 -10.542626081194197 19.856865463256838 -15.722053673688103 14.411114072799684 -20.090655720233919 3.4786720275878906 12.060059705376625 12.41240756429475 -1.4890959907980528 -20.700700283476287 -4.5214764145185367
leaf_weight=96 20 5567 32 37 22 27 40 31 22 20 21 22 36 31 21 27 31 28 33 21 20 34 24 32 33 32 29 34 28 53
leaf_count=96 20 5567 32 37 22 27 40 31 22 20 21 22 36 31 21 27 31 28 33 21 20 34 24 32 33 32 29 34 28 53
internal_value=-5.68531e-09 -0.137491 -13.6942 0.872949 -0.461884 5.00723 7.24187 3.46987 7.95998 12.6455 -1.33989 0.334884 -6.10735 -1.52564 9.08729 -0.908379 -2.924 -21.7527 8.0748 18.3441 -8.88393 -2.54468 0.754469 -0.424522 -8.12469 1.92529 -0.704576 -3.29228 -10.1653 1.72098
internal_weight=6504 5619 52 885 669 216 189 149 118 42 627 464 163 127 52 442 361 59 81 54 75 54 302 278 65 213 176 147 62 85
internal_count=6504 5619 52 885 669 216 189 149 118 42 627 464 163 127 52 442 361 59 81 54 75 54 302 278 65 213 176 147 62 85
cat_boundaries=0 1 2 3 4
cat_threshold=4 4 4 1
is_linear=0
shrinkage=0.05


Tree=298
num_leaves=31
num_cat=3
split_feature=9 1 1 8 1 3 5 3 1 1 1 6 5 3 3 5 1 0 1 1 1 4 3 6 9 1 2 3 3 3
split_gain=323439 1.80248e+06 3.53613e+06 3.13201e+06 2.80707e+06 2.42179e+06 3.56029e+06 3.33615e+06 4.68853e+06 3.27602e+06 5.17888e+06 4.15383e+06 3.24438e+06 5.005e+06 3.05451e+06 2.93134e+06 4.10927e+06 3.48464e+06 4.68217e+06 4.93073e+06 4.08224e+06 2.86278e+06 2.77038e+06 7.2365e+06 2.65107e+06 2.756e+06 2.3031e+06 5.00204e+06 3.00809e+06 2.1755e+06
threshold=2.5000000000000004 20593.920833333341 19715.770833333339 0 19614.333333333339 15811.683412652475 -0.5 24132.652317535834 19609.62272727273 19237.950000000004 19596.858333333334 1 0.1294095225512602 27451.273072404285 12234.145103318357 0.78656609248549303 19611.895833333336 70202.316314333351 19605.335606060613 19570.983333333337 19596.858333333334 -0.25881904510252113 24610.785403644 2 1.5000000000000002 18516.758333333339 45499.866768958338 23208.128202063202 18137.393422046418 28467.69557926006
decision_type=2 2 2 1 2 2 2 2 2 2 2 1 2 2 2 2 2 2 2 2 2 2 2 1 2 2 2 2 2 2
left_child=1 2 4 -4 5 14 7 9 24 21 -11 -12 26 15 -1 -14 17 18 19 22 -21 -7 23 -17 -9 -26 28 -28 -8 -29
right_child=-2 -3 3 -5 -6 6 12 8 -10 10 11 -13 13 -15 -16 16 -18 -19 -20 20 -22 -23 -24 -25 25 -27 27 29 -30 -31
leaf_value=3.4630016145252043 -0.18600892297419833 -8.4681170463562019 22.791253951016596 -2.1445849132537842 -9.027808420298852 16.137970635096234 -1.9186111363497649 -6.8068767817070084 21.383501691084643 38.279354039827986 -7.5706443595886235 22.264016614641463 4.3298473215974447 25.362608342820948 -14.589613907292204 -22.619687373821552 -23.166257475770038 -13.897426188559761 20.881975282941546 -32.390568466186522 -0.444360466003418 -3.9867952380069469 15.697838930402483 10.132698830713828 -6.1899714293303312 14.48454529285431 13.972307468105008 -9.8124481385946272 -27.779669968978222 3.5282771529220955
leaf_weight=42 5088 52 34 20 73 30 22 96 26 24 20 28 301 22 53 26 23 42 28 20 20 43 35 48 27 40 37 120 23 41
leaf_count=42 5088 52 34 20 73 30 22 96 26 24 20 28 301 22 53 26 23 42 28 20 20 43 35 48 27 40 37 120 23 41
internal_value=-1.55908e-08 0.668371 1.01668 13.5558 0.499805 1.06207 1.70016 6.04238 1.66542 11.7475 19.3151 9.83291 -0.0947729 1.98305 -6.60846 1.03581 -3.06131 -0.949832 2.12248 -1.4028 -16.4175 4.28366 4.10717 -1.3749 -1.4798 6.15302 -4.92593 -2.60535 -15.1365 -6.41512
internal_weight=6504 1416 1364 54 1310 1237 1142 334 189 145 72 48 808 565 95 543 242 219 177 149 40 73 109 74 163 67 243 198 45 161
internal_count=6504 1416 1364 54 1310 1237 1142 334 189 145 72 48 808 565 95 543 242 219 177 149 40 73 109 74 163 67 243 198 45 161
cat_boundaries=0 1 2 3
cat_threshold=4 4 4
is_linear=0
shrinkage=0.05


Tree=299
num_leaves=31
num_cat=2
split_feature=1 5 0 8 2 1 5 1 4 1 0 3 5 5 1 1 0 1 3 6 1 5 4 3 1 3 0 1 5 2
split_gain=322910 1.27675e+06 1.00562e+06 341847 1.61606e+06 4.03958e+06 1.22416e+07 7.05235e+06 9.57732e+06 5.7783e+06 8.54509e+06 3.75814e+06 3.41104e+06 3.39823e+06 2.81794e+06 4.5203e+06 6.93862e+06 4.38455e+06 1.17872e+07 7.71012e+06 5.44389e+06 6.01199e+06 4.6982e+06 4.00721e+06 3.34553e+06 2.82661e+06 2.43939e+06 3.67983e+06 2.64851e+06 4.01192e+06
threshold=16749.816666666669 0.37940952255126048 62013.158172333344 0 42192.957115708341 17504.437500000004 0.1294095225512602 18291.229166666668 -0.60355339059327362 19185.845833333336 62561.499863833342 20821.294256913621 0.98296291314453421 0.25881904510252057 19221.367803030309 19596.858333333334 67680.303014791672 19614.333333333339 27154.17016125553 1 20221.150000000001 -0.37940952255126015 -0.70710678118654735 21391.274423540322 20425.750000000004 20565.67363147403 59815.604307617345 21734.8125 0.60355339059327384 41374.404631833335
decision_type=2 2 2 1 2 2 2 2 2 2 2 2 2 2 2 2 2 2 2 1 2 2 2 2 2 2 2 2 2 2
left_child=1 2 -1 -2 12 6 -6 8 -7 11 -11 -9 26 -10 -12 16 -16 18 19 22 21 -19 -17 -23 -22 -21 -5 28 29 -28
right_child=3 -3 -4 4 5 7 -8 9 13 10 14 -13 -14 -15 15 17 -18 20 -20 25 24 23 -24 -25 -26 -27 27 -29 -30 -31
leaf_value=-7.5780707836151127 0.21105874768491742 13.089930194875471 5.9459768754464619 -0.86995242756180768 9.380301403116297 35.250163834889733 -37.026671040852868 0.97765208653041302 -16.655422490537166 -32.753192683628633 15.459590906567044 -24.464422731196628 14.482752130197923 11.821627287431198 2.2980908365810619 2.3831731891632084 -30.140652966499331 -35.831039792841132 44.074691009521487 1.582446454918903 12.270014146963756 -21.507890496046649 -31.888525443077089 5.2099694563282863 -1.1271970833750333 25.2386685865266 22.828638213764538 -8.36372587874129 0.15662795475551061 0.33638339504118892
leaf_weight=28 4373 23 27 941 27 30 30 21 20 21 27 47 43 22 34 20 32 22 20 23 54 23 20 36 340 28 55 37 49 31
leaf_count=28 4373 23 27 941 27 30 30 21 20 21 27 47 43 22 34 20 32 22 20 23 54 23 20 36 340 28 55 37 49 31
internal_value=-6.02576e-09 3.19774 -0.938993 -0.0388148 -0.571059 -2.16359 -15.0444 -1.28953 13.6732 -2.69229 -1.34054 -16.6073 0.664665 -1.73887 -0.369017 -1.0245 -13.4298 0.372686 9.31951 1.68101 -1.71805 -13.5235 -14.7527 -5.20547 0.708969 14.5702 0.130813 5.60593 9.43465 14.721
internal_weight=6504 78 55 6426 2053 897 57 840 72 768 700 68 1156 42 679 652 66 586 111 91 475 81 40 59 394 51 1113 172 135 86
internal_count=6504 78 55 6426 2053 897 57 840 72 768 700 68 1156 42 679 652 66 586 111 91 475 81 40 59 394 51 1113 172 135 86
cat_boundaries=0 1 2
cat_threshold=4 4
is_linear=0
shrinkage=0.05


end of trees

feature_importances:
nuclear_mw=2476
baseline_coal_mw=1749
month=851
net_demand_mw=817
hour_cos=667
hour_sin=590
net_after_nuclear_mw=573
previous_day_type_code=456
next_day_type_code=395
day_type_code=364
is_major_holiday=62

parameters:
[boosting: gbdt]
[objective: regression]
[metric: l2]
[tree_learner: serial]
[device_type: cpu]
[data_sample_strategy: bagging]
[data: ]
[valid: ]
[num_iterations: 300]
[learning_rate: 0.05]
[num_leaves: 31]
[num_threads: 0]
[seed: 0]
[deterministic: 0]
[force_col_wise: 0]
[force_row_wise: 0]
[histogram_pool_size: -1]
[max_depth: -1]
[min_data_in_leaf: 20]
[min_sum_hessian_in_leaf: 0.001]
[bagging_fraction: 1]
[pos_bagging_fraction: 1]
[neg_bagging_fraction: 1]
[bagging_freq: 0]
[bagging_seed: 3]
[bagging_by_query: 0]
[feature_fraction: 1]
[feature_fraction_bynode: 1]
[feature_fraction_seed: 2]
[extra_trees: 0]
[extra_seed: 6]
[early_stopping_round: 0]
[early_stopping_min_delta: 0]
[first_metric_only: 0]
[max_delta_step: 0]
[lambda_l1: 0]
[lambda_l2: 0]
[linear_lambda: 0]
[min_gain_to_split: 0]
[drop_rate: 0.1]
[max_drop: 50]
[skip_drop: 0.5]
[xgboost_dart_mode: 0]
[uniform_drop: 0]
[drop_seed: 4]
[top_rate: 0.2]
[other_rate: 0.1]
[min_data_per_group: 100]
[max_cat_threshold: 32]
[cat_l2: 10]
[cat_smooth: 10]
[max_cat_to_onehot: 4]
[top_k: 20]
[monotone_constraints: ]
[monotone_constraints_method: basic]
[monotone_penalty: 0]
[feature_contri: ]
[forcedsplits_filename: ]
[refit_decay_rate: 0.9]
[cegb_tradeoff: 1]
[cegb_penalty_split: 0]
[cegb_penalty_feature_lazy: ]
[cegb_penalty_feature_coupled: ]
[path_smooth: 0]
[interaction_constraints: ]
[verbosity: -1]
[saved_feature_importance_type: 0]
[use_quantized_grad: 0]
[num_grad_quant_bins: 4]
[quant_train_renew_leaf: 0]
[stochastic_rounding: 1]
[linear_tree: 0]
[max_bin: 255]
[max_bin_by_feature: ]
[min_data_in_bin: 3]
[bin_construct_sample_cnt: 200000]
[data_random_seed: 1]
[is_enable_sparse: 1]
[enable_bundle: 1]
[use_missing: 1]
[zero_as_missing: 0]
[feature_pre_filter: 1]
[pre_partition: 0]
[two_round: 0]
[header: 0]
[label_column: ]
[weight_column: ]
[group_column: ]
[ignore_column: ]
[categorical_feature: 6,7,8]
[forcedbins_filename: ]
[precise_float_parser: 0]
[parser_config_file: ]
[objective_seed: 5]
[num_class: 1]
[is_unbalance: 0]
[scale_pos_weight: 1]
[sigmoid: 1]
[boost_from_average: 1]
[reg_sqrt: 0]
[alpha: 0.9]
[fair_c: 1]
[poisson_max_delta_step: 0.7]
[tweedie_variance_power: 1.5]
[lambdarank_truncation_level: 30]
[lambdarank_norm: 1]
[label_gain: ]
[lambdarank_position_bias_regularization: 0]
[eval_at: ]
[multi_error_top_k: 1]
[auc_mu_weights: ]
[num_machines: 1]
[local_listen_port: 12400]
[time_out: 120]
[machine_list_filename: ]
[machines: ]
[gpu_platform_id: -1]
[gpu_device_id: -1]
[gpu_device_id_list: ]
[gpu_use_dp: 0]
[num_gpu: 1]

end of parameters

pandas_categorical:null
